transaction_id,year,month,quarter,country,iso3_code,region,platform,game_edition,sales_channel,retailer,units_sold,gross_revenue_usd,average_selling_price_usd,discount_percentage,digital_sales_percentage,physical_sales_percentage,new_customers,returning_customers,estimated_active_players,peak_concurrent_players,online_players,story_mode_players,gta_online_players,dlc_revenue_usd,shark_card_revenue_usd,average_playtime_hours,average_session_length_minutes,holiday_season,major_sale_event,marketing_campaign,customer_rating,review_count,refund_rate_percentage,currency,exchange_rate_to_usd,internet_penetration_percentage,gaming_market_size,population_millions,gdp_per_capita_usd,release_phase,weekend_sales_percentage,weekday_sales_percentage,season,special_event,top_game_category,platform_generation
GTA5-109795,2022,3,1,Argentina,ARG,South America,PS5,Criminal Enterprise Starter Pack,Digital,Epic Games Store,477,6024.51,12.63,36.8,63.7,36.3,191,286,24520,1756,12387,9506,14616,8900.67,12908.49,14.7,54.3,0,PlayStation Sale,1,4.62,8,2.7,ARS,3.510519,98.0,28.51,46.43,15991.1,Launch,52.6,47.4,Spring,PlayStation Sale,Action-Adventure,Gen9
GTA5-109827,2022,3,1,Armenia,ARM,Asia,PS5,Standard Edition,Digital,Rockstar Games Launcher,175,1533,8.76,56.2,63.3,36.7,68,107,10648,516,6284,3224,7415,4455.62,7788.14,14.9,41.0,0,PlayStation Sale,1,4.89,4,2.8,AMD,4.043577,98.0,0.23,3.21,5507.4,Launch,42.2,57.8,Spring,PlayStation Sale,Action-Adventure,Gen9
GTA5-109841,2022,3,1,Australia,AUS,Oceania,Xbox Series X|S,Standard Edition,Digital,Epic Games Store,2010,20682.9,10.29,48.5,60.2,39.8,719,1291,61435,3615,33934,20919,40042,57250.46,73005.8,16.4,44.6,0,PlayStation Sale,1,4.52,55,0.41,AUD,0.015341,98.0,262.3,25.43,71628.4,Launch,51.7,48.3,Spring,PlayStation Sale,Action-Adventure,Gen9
GTA5-109880,2022,3,1,Canada,CAN,North America,PS5,Legacy Edition,Digital,PlayStation Store,1497,17440.05,11.65,41.7,63.9,36.1,498,999,55138,3087,32770,16461,38668,34487.66,50720.7,16.5,50.2,0,PlayStation Sale,1,4.69,32,6.78,CAD,0.013193,98.0,217.32,38.69,58510.53,Launch,41.3,58.7,Spring,PlayStation Sale,Action-Adventure,Gen9
GTA5-109884,2022,3,1,Chile,CHL,South America,PS5,Standard Edition,Digital,PlayStation Store,440,3564,8.1,59.5,59.9,40.1,142,298,15355,751,10040,3670,11847,7656.51,13514.91,18.2,35.4,0,PlayStation Sale,1,4.71,9,4.04,CLP,0.909151,98.0,8.72,18.79,18125.32,Launch,52.0,48.0,Spring,PlayStation Sale,Action-Adventure,Gen9
GTA5-109871,2022,3,1,China,CHN,Asia,PS5,Legacy Edition,Digital,Rockstar Games Launcher,3187,32093.09,10.07,49.6,64.2,35.8,1068,2119,196880,13872,110215,65571,130053,131458.06,170687.73,18.7,53.9,0,PlayStation Sale,1,4.43,49,2.35,CNY,0.071176,98.0,4130.21,1532.2,12959.65,Launch,51.7,48.3,Spring,PlayStation Sale,Action-Adventure,Gen9
GTA5-109797,2022,3,1,Colombia,COL,South America,Xbox Series X|S,Standard Edition,Digital,Epic Games Store,371,3465.14,9.34,53.3,63,37,149,222,13143,877,6908,4827,8151,8703.24,13553.69,13.4,44.8,0,PlayStation Sale,1,4.38,9,5.94,COP,39.919836,98.0,15.4,51.96,10291.75,Launch,49.9,50.1,Spring,PlayStation Sale,Action-Adventure,Gen9
GTA5-109828,2022,3,1,Cyprus,CYP,Europe,PS5,Standard Edition,Digital,Steam,224,2721.6,12.15,39.2,60.3,39.7,73,151,9185,457,4916,3285,5800,7188.27,10257.59,12.4,56.2,0,PlayStation Sale,1,4.43,5,3.72,EUR,0.0000009019,98.0,0.45,0.95,29566.35,Launch,43.3,56.7,Spring,PlayStation Sale,Action-Adventure,Gen9
GTA5-109867,2022,3,1,Estonia,EST,Europe,Xbox Series X|S,Legacy Edition,Digital,Steam,269,2657.72,9.88,50.6,69.2,30.8,106,163,16661,982,9353,5523,11036,4802.35,9813.93,16.4,39.3,0,PlayStation Sale,1,4.34,4,4.48,EUR,0.0000008896,98.0,0.85,1.44,23002.67,Launch,50.4,49.6,Spring,PlayStation Sale,Action-Adventure,Gen9
GTA5-109869,2022,3,1,Georgia,GEO,Asia,PS5,Standard Edition,Digital,Microsoft Store,214,2784.14,13.01,34.9,61.3,38.7,87,127,8488,406,4210,3369,4967,2602.92,6227.99,11.2,47.9,0,PlayStation Sale,1,4.7,5,3.33,GEL,0.027626,98.0,0.41,4.09,6246.1,Launch,46.9,53.1,Spring,PlayStation Sale,Action-Adventure,Gen9
GTA5-109818,2022,3,1,Iceland,ISL,Europe,Xbox Series X|S,Standard Edition,Digital,Epic Games Store,336,3111.36,9.26,53.7,62.9,37.1,122,214,11783,552,6572,3949,7754,6221.37,12529.63,15.5,37.9,0,PlayStation Sale,1,4.57,6,4.41,ISK,0.138532,98.0,0.4,0.36,57790.26,Launch,55.2,44.8,Spring,PlayStation Sale,Action-Adventure,Gen9
GTA5-109872,2022,3,1,Indonesia,IDN,Asia,PS5,Premium Edition,Digital,PlayStation Store,862,11783.54,13.67,31.6,59.8,40.2,327,535,54281,3230,32339,16127,38160,15640.72,35761.7,15.1,40.4,0,PlayStation Sale,1,4.58,22,1.19,IDR,157.795419,98.0,107.18,276.37,5508.68,Launch,58.9,41.1,Spring,PlayStation Sale,Action-Adventure,Gen9
GTA5-109836,2022,3,1,Iraq,IRQ,Asia,PS5,Standard Edition,Digital,Epic Games Store,302,1956.96,6.48,67.6,64.4,35.6,116,186,11114,767,7028,2896,8293,5042.44,7559.62,16.7,48.7,0,PlayStation Sale,1,4.56,3,5.92,IQD,13.196002,98.0,5.35,37.59,7407.41,Launch,37.9,62.1,Spring,PlayStation Sale,Action-Adventure,Gen9
GTA5-109832,2022,3,1,Ireland,IRL,Europe,Xbox Series X|S,Standard Edition,Digital,Epic Games Store,752,6196.48,8.24,58.8,64,36,253,499,29033,1879,19322,6601,22799,10312.09,19235.38,16.7,44.1,0,PlayStation Sale,1,4.51,17,3.88,EUR,0.0000009163,98.0,13.25,5.09,54240.18,Launch,43.9,56.1,Spring,PlayStation Sale,Action-Adventure,Gen9
GTA5-109804,2022,3,1,Italy,ITA,Europe,PS5,Criminal Enterprise Starter Pack,Digital,Rockstar Games Launcher,1820,23532.6,12.93,35.3,66.8,33.2,750,1070,57464,3505,31503,19805,37173,32134.38,68697.94,16.2,51.5,0,PlayStation Sale,1,4.48,29,3.11,EUR,0.0000009023,98.0,291.45,66.33,39231.71,Launch,43.9,56.1,Spring,PlayStation Sale,Action-Adventure,Gen9
GTA5-109833,2022,3,1,Kazakhstan,KAZ,Asia,Xbox Series X|S,Criminal Enterprise Starter Pack,Digital,Microsoft Store,310,3977.3,12.83,35.8,60.7,39.3,121,189,12633,605,6920,4360,8165,4430.24,11008.17,14.8,54.3,0,PlayStation Sale,1,4.24,3,1.88,KZT,4.405902,98.0,8.55,18.79,15800.95,Launch,43.2,56.8,Spring,PlayStation Sale,Action-Adventure,Gen9
GTA5-109817,2022,3,1,Latvia,LVA,Europe,PS5,Criminal Enterprise Starter Pack,Digital,Rockstar Games Launcher,340,4097,12.05,39.7,66.2,33.8,136,204,11037,610,5821,4034,6868,5530.63,8729.97,13.2,45.7,0,PlayStation Sale,1,4.72,9,2.15,EUR,0.0000009004,98.0,0.93,2.21,18711.51,Launch,36.7,63.3,Spring,PlayStation Sale,Action-Adventure,Gen9
GTA5-109881,2022,3,1,Mexico,MEX,North America,PS5,Standard Edition,Digital,Epic Games Store,1018,5965.48,5.86,70.7,57.6,42.4,397,621,40552,2104,26781,9427,31601,23993.09,34422.28,19.0,60.5,0,PlayStation Sale,1,4.39,14,4.48,MXN,0.185547,98.0,132.77,134.87,13983.28,Launch,46.0,54.0,Spring,PlayStation Sale,Action-Adventure,Gen9
GTA5-109793,2022,3,1,Mexico,MEX,North America,Xbox Series X|S,Premium Edition,Digital,Microsoft Store,834,9866.22,11.83,40.8,67.2,32.8,284,550,33013,1942,20430,9046,24107,22418.85,29122.63,18.6,57.5,0,PlayStation Sale,1,4.54,17,3.05,MXN,0.185032,98.0,133.43,134.87,14053.21,Launch,46.3,53.7,Spring,PlayStation Sale,Action-Adventure,Gen9
GTA5-109806,2022,3,1,Netherlands,NLD,Europe,Xbox Series X|S,Standard Edition,Digital,PlayStation Store,954,7746.48,8.12,59.4,63.6,36.4,312,642,51217,2410,31275,14455,36904,36839.3,54606.92,20.9,56.9,0,PlayStation Sale,1,4.38,28,4.69,EUR,0.0000009131,98.0,93.95,18.79,55804.96,Launch,50.2,49.8,Spring,PlayStation Sale,Action-Adventure,Gen9
GTA5-109857,2022,3,1,New Zealand,NZL,Oceania,Xbox Series X|S,Standard Edition,Digital,Microsoft Store,458,7451.66,16.27,18.6,61.1,38.9,162,296,29044,1647,19104,6829,22542,18505.46,30164.93,16.5,43.7,0,PlayStation Sale,1,4.56,7,4.09,NZD,0.016471,98.0,12.97,4.86,46345.75,Launch,38.7,61.3,Spring,PlayStation Sale,Action-Adventure,Gen9
GTA5-109861,2022,3,1,Nigeria,NGA,Africa,Xbox Series X|S,Legacy Edition,Digital,Steam,689,9349.73,13.57,32.1,64.8,35.2,253,436,29699,1579,15488,11029,18275,23994.9,37366.28,16.4,51.9,0,PlayStation Sale,1,4.56,16,2.12,NGN,0.891743,98.0,35.61,192.35,4131.92,Launch,49.3,50.7,Spring,PlayStation Sale,Action-Adventure,Gen9
GTA5-109845,2022,3,1,Philippines,PHL,Asia,PS5,Standard Edition,Digital,Epic Games Store,712,10815.28,15.19,24,60.8,39.2,290,422,41871,2312,27800,9585,32804,28143.87,41978.45,17.4,44.1,0,PlayStation Sale,1,4.51,15,1.41,PHP,0.056425,98.0,26.17,108.34,4194.18,Launch,45.5,54.5,Spring,PlayStation Sale,Action-Adventure,Gen9
GTA5-109807,2022,3,1,Poland,POL,Europe,Xbox Series X|S,Premium Edition,Digital,Steam,1106,12796.42,11.57,42.1,68.4,31.6,422,684,53164,3290,34590,12878,40816,48940.32,61682.11,16.7,49.7,0,PlayStation Sale,1,4.68,24,2.46,PLN,0.040357,98.0,60.69,42.01,18810.98,Launch,45.5,54.5,Spring,PlayStation Sale,Action-Adventure,Gen9
GTA5-109873,2022,3,1,Qatar,QAT,Asia,PS5,Standard Edition,Digital,Rockstar Games Launcher,455,4095,9,55,64.5,35.5,152,303,22205,1300,11223,8603,13243,12090.33,25926.52,11.8,29.5,0,PlayStation Sale,1,4.75,10,3.61,QAR,0.036001,98.0,9.03,2.43,96769.04,Launch,44.1,55.9,Spring,PlayStation Sale,Action-Adventure,Gen9
GTA5-109874,2022,3,1,Russia,RUS,Europe,Xbox Series X|S,Standard Edition,Digital,Rockstar Games Launcher,1222,10631.4,8.7,56.5,66.5,33.5,402,820,46263,3652,28196,13111,33271,36935.62,50002.4,12.9,50.4,0,PlayStation Sale,1,4.32,34,5.44,RUB,0.891763,98.0,264.95,159.19,17337.28,Launch,50.8,49.2,Spring,PlayStation Sale,Action-Adventure,Gen9
GTA5-109864,2022,3,1,Singapore,SGP,Asia,Xbox Series X|S,Premium Edition,Digital,Steam,858,6984.12,8.14,59.3,60,40,341,517,30474,1800,14983,12226,17679,18059.81,26746.62,13.2,57.4,0,PlayStation Sale,1,4.74,23,3.41,SGD,0.013428,98.0,23.0,5.97,60184.02,Launch,43.6,56.4,Spring,PlayStation Sale,Action-Adventure,Gen9
GTA5-109877,2022,3,1,Slovenia,SVN,Europe,Xbox Series X|S,Premium Edition,Digital,Microsoft Store,440,3511.2,7.98,60.1,59,41,151,289,16857,1103,9564,5487,11285,14208.85,21469.13,12.3,53.0,0,PlayStation Sale,1,4.64,12,3.64,EUR,0.0000008987,98.0,1.8,2.32,26957.14,Launch,48.7,51.3,Spring,PlayStation Sale,Action-Adventure,Gen9
GTA5-109853,2022,3,1,Sri Lanka,LKA,Asia,PS5,Standard Edition,Digital,PlayStation Store,231,3088.47,13.37,33.1,62.5,37.5,82,149,10577,547,6427,3017,7583,2862.63,6456.9,15.2,35.0,0,PlayStation Sale,1,4.2,3,4.01,LKR,0.318891,98.0,1.59,23.22,4285.61,Launch,47.4,52.6,Spring,PlayStation Sale,Action-Adventure,Gen9
GTA5-109843,2022,3,1,Taiwan,TWN,Asia,Xbox Series X|S,Standard Edition,Digital,Steam,1211,12436.97,10.27,48.6,64.3,35.7,416,795,46808,2418,27024,14769,31888,29469.32,55268.0,15.6,54.1,0,PlayStation Sale,1,4.37,34,2.93,TWD,0.318509,98.0,56.75,25.43,24906.91,Launch,38.9,61.1,Spring,PlayStation Sale,Action-Adventure,Gen9
GTA5-109821,2022,3,1,Ukraine,UKR,Europe,PS5,Premium Edition,Digital,Steam,366,4395.66,12.01,39.9,62.3,37.7,128,238,16860,834,8882,6172,10480,9932.7,14413.52,16.4,51.8,0,PlayStation Sale,1,4.55,7,4.53,UAH,0.376693,98.0,8.26,49.75,5189.84,Launch,53.9,46.1,Spring,PlayStation Sale,Action-Adventure,Gen9
GTA5-109855,2022,3,1,United Arab Emirates,ARE,Asia,PS5,Standard Edition,Digital,Epic Games Store,1330,13579.3,10.21,48.9,61.3,38.7,426,904,35764,2327,20021,11912,23624,22139.63,32332.36,16.4,42.5,0,PlayStation Sale,1,4.4,39,3.72,AED,0.036459,98.0,32.79,10.17,45794.69,Launch,42.2,57.8,Spring,PlayStation Sale,Action-Adventure,Gen9
GTA5-109879,2022,3,1,United States,USA,North America,PS5,Standard Edition,Digital,Rockstar Games Launcher,4738,42168.2,8.9,55.5,64.2,35.8,1562,3176,225145,14384,118525,82498,139859,173914.63,256727.13,16.6,42.2,0,PlayStation Sale,1,4.64,130,4.71,USD,0.010141,98.0,6759.39,349.33,60467.44,Launch,43.9,56.1,Spring,PlayStation Sale,Action-Adventure,Gen9
GTA5-109893,2022,4,2,Argentina,ARG,South America,Xbox Series X|S,Standard Edition,Digital,Epic Games Store,333,4998.33,15.01,24.9,67.8,32.2,120,213,19324,1355,13495,5829,13495,9362.0,25937.15,15.2,52.9,0,None,0,4.37,4,1.04,ARS,3.461463,98.0,27.78,46.47,15565.04,Launch,46.0,54.0,Spring,None,Action-Adventure,Gen9
GTA5-109921,2022,4,2,Bangladesh,BGD,Asia,Xbox Series X|S,Premium Edition,Digital,Epic Games Store,219,4123.77,18.83,5.8,57.1,42.9,84,135,17259,1526,12577,4682,12577,8256.67,19152.55,16.4,40.2,0,None,0,4.42,3,3.32,BDT,1.087473,98.0,9.44,173.72,2122.83,Launch,47.9,52.1,Spring,None,Action-Adventure,Gen9
GTA5-109970,2022,4,2,Bulgaria,BGR,Europe,PS5,Premium Edition,Digital,Microsoft Store,235,3969.15,16.89,15.5,65.3,34.7,75,160,16152,1244,11842,4310,11842,7074.11,17034.55,15.5,38.1,0,None,0,4.69,4,5.35,BGN,0.018089,98.0,2.22,7.97,9676.46,Launch,36.7,63.3,Spring,None,Action-Adventure,Gen9
GTA5-109890,2022,4,2,Canada,CAN,North America,PS5,Premium Edition,Digital,PlayStation Store,1135,17558.45,15.47,22.6,66.1,33.9,461,674,65900,5854,38114,27786,38114,18921.02,52956.45,15.7,46.7,0,None,0,4.55,23,1.36,CAD,0.013142,98.0,220.0,38.73,59169.77,Launch,43.6,56.4,Spring,None,Action-Adventure,Gen9
GTA5-109960,2022,4,2,Cyprus,CYP,Europe,Xbox Series X|S,Premium Edition,Digital,Steam,93,1635.87,17.59,12,66,34,32,61,9022,610,5415,3607,5415,2331.95,5130.03,12.3,29.7,0,None,0,4.51,3,1.94,EUR,0.0000009034,98.0,0.46,0.95,30018.11,Launch,41.7,58.3,Spring,None,Action-Adventure,Gen9
GTA5-109927,2022,4,2,Czech Republic,CZE,Europe,Xbox Series X|S,Criminal Enterprise Starter Pack,Digital,Epic Games Store,304,6064.8,19.95,0.2,62,38,115,189,25852,1348,17884,7968,17884,16197.62,38350.5,14.6,45.6,0,None,0,4.55,6,3.54,CZK,0.221708,98.0,13.47,11.62,24141.77,Launch,48.6,51.4,Spring,None,Action-Adventure,Gen9
GTA5-109954,2022,4,2,Egypt,EGY,Africa,Xbox Series X|S,Standard Edition,Digital,Epic Games Store,358,6970.26,19.47,2.6,65,35,119,239,17988,1516,11095,6893,11095,7944.13,23133.93,15.6,52.1,0,None,0,4.7,9,7.17,EGP,0.00003084,98.0,18.56,100.69,4430.31,Launch,47.4,52.6,Spring,None,Action-Adventure,Gen9
GTA5-109948,2022,4,2,Ethiopia,ETH,Africa,Xbox Series X|S,Standard Edition,Digital,PlayStation Store,67,1135.65,16.95,15.2,59.6,40.4,22,45,5868,378,3931,1937,3931,1541.21,4569.52,12.2,37.1,0,None,0,4.82,3,3.87,ETB,0.572931,98.0,1.76,106.22,1291.28,Launch,53.1,46.9,Spring,None,Action-Adventure,Gen9
GTA5-109901,2022,4,2,France,FRA,Europe,Xbox Series X|S,Standard Edition,Digital,Microsoft Store,960,18556.8,19.33,3.3,62.5,37.5,376,584,75812,4670,45344,30468,45344,13389.69,51690.54,16.5,41.9,0,None,0,4.3,11,3.23,EUR,0.0000008971,98.0,542.54,73.03,48365.72,Launch,44.9,55.1,Spring,None,Action-Adventure,Gen9
GTA5-109932,2022,4,2,Georgia,GEO,Asia,PS5,Standard Edition,Digital,Microsoft Store,187,3091.11,16.53,17.3,60.4,39.6,73,114,8644,614,6361,2283,6361,3652.2,11924.76,12.8,25.6,0,None,0,4.48,3,3.13,GEL,0.027346,98.0,0.41,4.09,6292.79,Launch,44.1,55.9,Spring,None,Action-Adventure,Gen9
GTA5-109944,2022,4,2,Hong Kong,HKG,Asia,PS5,Premium Edition,Digital,Epic Games Store,663,11794.77,17.79,11,65.1,34.9,226,437,51409,4539,32117,19292,32117,29729.27,63789.56,14.3,30.4,0,None,0,4.49,13,2.22,HKD,0.007814,98.0,26.18,7.97,42770.26,Launch,46.4,53.6,Spring,None,Action-Adventure,Gen9
GTA5-109967,2022,4,2,Hungary,HUN,Europe,PS5,Legacy Edition,Digital,Steam,374,6421.58,17.17,14.1,65.4,34.6,132,242,21998,1321,14392,7606,14392,10198.77,23740.13,18.6,34.5,0,None,0,4.56,3,1.45,HUF,3.562693,98.0,7.59,10.95,18040.7,Launch,42.2,57.8,Spring,None,Action-Adventure,Gen9
GTA5-109916,2022,4,2,Iraq,IRQ,Asia,Xbox Series X|S,Premium Edition,Digital,Rockstar Games Launcher,172,3403.88,19.79,1,59.9,40.1,60,112,10743,795,6768,3975,6768,5115.03,13348.33,14.2,48.0,0,None,0,4.71,3,1.95,IQD,13.082509,98.0,5.31,37.62,7345.56,Launch,58.0,42.0,Spring,None,Action-Adventure,Gen9
GTA5-109973,2022,4,2,Japan,JPN,Asia,PS5,Standard Edition,Digital,Rockstar Games Launcher,1952,37341.76,19.13,4.3,62.6,37.4,663,1289,84346,7298,61317,23029,61317,49952.12,105545.36,18.7,46.5,0,None,0,4.68,45,2.54,JPY,1.456977,98.0,1083.8,140.52,43822.56,Launch,36.9,63.1,Spring,None,Action-Adventure,Gen9
GTA5-109936,2022,4,2,Kenya,KEN,Africa,Xbox Series X|S,Criminal Enterprise Starter Pack,Digital,Rockstar Games Launcher,185,3124.65,16.89,15.5,66.3,33.7,64,121,13519,907,9237,4282,9237,5125.93,14202.54,19.4,47.2,0,None,0,4.77,4,3.99,KES,1.271121,98.0,2.9,48.69,2328.53,Launch,47.3,52.7,Spring,None,Action-Adventure,Gen9
GTA5-109891,2022,4,2,Mexico,MEX,North America,PS5,Premium Edition,Digital,PlayStation Store,637,12733.63,19.99,0,61.8,38.2,236,401,28945,2242,16793,12152,16793,6051.71,18106.76,16.5,45.8,0,None,0,4.59,14,2.03,MXN,0.186124,98.0,133.78,134.99,14077.15,Launch,50.8,49.2,Spring,None,Action-Adventure,Gen9
GTA5-109966,2022,4,2,Myanmar,MMR,Asia,PS5,Premium Edition,Digital,Steam,74,1415.62,19.13,4.3,63.2,36.8,27,47,5839,445,3929,1910,3929,2312.95,5045.99,12.0,39.6,0,None,0,4.67,3,3.24,MMK,20.808152,98.0,1.15,58.64,2044.09,Launch,45.8,54.2,Spring,None,Action-Adventure,Gen9
GTA5-109939,2022,4,2,Nepal,NPL,Asia,PS5,Premium Edition,Digital,Rockstar Games Launcher,73,1374.59,18.83,5.8,66.7,33.3,27,46,4954,444,3312,1642,3312,1527.48,5258.67,13.1,58.7,0,None,0,4.78,3,0.7,NPR,1.323843,98.0,0.43,30.98,1454.08,Launch,45.3,54.7,Spring,None,Action-Adventure,Gen9
GTA5-109904,2022,4,2,Netherlands,NLD,Europe,Xbox Series X|S,Standard Edition,Digital,Microsoft Store,715,12462.45,17.43,12.8,60.7,39.3,270,445,37949,1975,27688,10261,27688,19416.57,48616.54,15.4,37.8,0,None,0,4.52,19,4.25,EUR,0.0000009025,98.0,96.84,18.81,57456.38,Launch,60.2,39.8,Spring,None,Action-Adventure,Gen9
GTA5-109940,2022,4,2,Pakistan,PAK,Asia,PS5,Legacy Edition,Digital,Epic Games Store,257,5127.15,19.95,0.2,63,37,81,176,23425,1657,14657,8768,14657,7493.24,18062.7,15.4,48.2,0,None,0,4.54,3,3.5,PKR,2.742287,98.0,13.79,201.38,2139.6,Launch,43.1,56.9,Spring,None,Action-Adventure,Gen9
GTA5-109945,2022,4,2,Saudi Arabia,SAU,Asia,Xbox Series X|S,Standard Edition,Digital,Rockstar Games Launcher,442,7279.74,16.47,17.6,63.5,36.5,150,292,34317,2246,24874,9443,24874,10249.72,23326.41,15.7,59.7,0,None,0,4.72,7,2.94,SAR,0.003709,98.0,68.99,33.19,27064.52,Launch,39.7,60.3,Spring,None,Action-Adventure,Gen9
GTA5-109918,2022,4,2,Slovenia,SVN,Europe,PS5,Standard Edition,Digital,Steam,307,4761.57,15.51,22.4,60.4,39.6,125,182,19244,1681,11167,8077,11167,5249.05,14959.58,15.4,53.5,0,None,0,4.57,6,4.28,EUR,0.0000008895,98.0,1.79,2.32,26793.87,Launch,44.8,55.2,Spring,None,Action-Adventure,Gen9
GTA5-109937,2022,4,2,South Africa,ZAF,Africa,Xbox Series X|S,Premium Edition,Digital,PlayStation Store,531,9818.19,18.49,7.5,60,40,174,357,26028,1756,17059,8969,17059,16022.83,37455.63,15.6,45.2,0,None,0,4.64,13,3.56,ZAR,0.191979,98.0,29.89,58.64,8848.29,Launch,47.6,52.4,Spring,None,Action-Adventure,Gen9
GTA5-109903,2022,4,2,Spain,ESP,Europe,PS5,Standard Edition,Digital,Steam,853,15413.71,18.07,9.6,60.8,39.2,335,518,59790,3624,33252,26538,33252,22625.05,71030.0,16.5,52.3,0,None,0,4.77,18,5.8,EUR,0.0000009089,98.0,186.57,52.01,33969.88,Launch,49.6,50.4,Spring,None,Action-Adventure,Gen9
GTA5-109931,2022,4,2,Sri Lanka,LKA,Asia,PS5,Premium Edition,Digital,Epic Games Store,144,2360.16,16.39,18,63.6,36.4,46,98,11920,966,7101,4819,7101,4739.32,9694.1,16.2,43.9,0,None,0,4.67,3,2.49,LKR,3.165206,98.0,1.6,23.24,4299.4,Launch,47.5,52.5,Spring,None,Action-Adventure,Gen9
GTA5-109929,2022,4,2,Ukraine,UKR,Europe,PS5,Premium Edition,Digital,Rockstar Games Launcher,272,4915.04,18.07,9.6,64.4,35.6,88,184,18160,1548,12886,5274,12886,4489.54,13282.81,16.5,50.6,0,None,0,4.73,3,3.62,UAH,0.379249,98.0,8.44,49.79,5297.48,Launch,50.0,50.0,Spring,None,Action-Adventure,Gen9
GTA5-109889,2022,4,2,United States,USA,North America,Xbox Series X|S,Standard Edition,Digital,Rockstar Games Launcher,2348,44682.44,19.03,4.8,63.7,36.3,816,1532,152492,8005,91209,61283,91209,99644.29,201598.67,17.8,49.9,0,None,0,4.47,66,4.04,USD,0.010143,98.0,6860.83,349.65,61318.75,Launch,44.6,55.4,Spring,None,Action-Adventure,Gen9
GTA5-109961,2022,4,2,Vietnam,VNM,Asia,Xbox Series X|S,Criminal Enterprise Starter Pack,Digital,PlayStation Store,348,6552.84,18.83,5.8,62.6,37.4,124,224,32413,2346,20786,11627,20786,11367.01,29023.72,14.0,59.0,0,None,0,4.78,5,4.29,VND,245.419166,98.0,19.3,99.58,3562.07,Launch,37.5,62.5,Spring,None,Action-Adventure,Gen9
GTA5-110024,2022,5,2,Algeria,DZA,Africa,Xbox Series X|S,Standard Edition,Digital,Microsoft Store,292,3127.32,10.71,46.4,68.9,31.1,102,190,11778,1019,7263,4515,7263,4217.29,14463.72,15.1,47.9,0,Epic Mega Sale,1,4.56,6,3.04,DZD,1.335369,98.0,6.07,42.09,6433.86,Launch,52.8,47.2,Spring,Epic Mega Sale,Action-Adventure,Gen9
GTA5-109981,2022,5,2,Argentina,ARG,South America,Xbox Series X|S,Premium Edition,Digital,Epic Games Store,439,3362.74,7.66,61.7,63.8,36.2,158,281,18647,1309,11963,6684,11963,4613.91,13524.13,14.5,42.7,0,Epic Mega Sale,1,4.56,10,3.15,ARS,3.495394,98.0,28.09,46.52,15726.26,Launch,48.4,51.6,Spring,Epic Mega Sale,Action-Adventure,Gen9
GTA5-110030,2022,5,2,Armenia,ARM,Asia,Xbox Series X|S,Standard Edition,Digital,PlayStation Store,156,1985.88,12.73,36.3,66.8,33.2,49,107,6294,375,4525,1769,4525,2438.05,8627.57,15.5,43.2,0,Epic Mega Sale,1,4.8,3,2.03,AMD,4.000143,98.0,0.23,3.21,5485.59,Launch,48.0,52.0,Spring,Epic Mega Sale,Action-Adventure,Gen9
GTA5-110061,2022,5,2,Australia,AUS,Oceania,PS5,Premium Edition,Digital,Rockstar Games Launcher,2625,31158.75,11.87,40.6,61.4,38.6,889,1736,83414,6851,55150,28264,55150,22443.99,77697.66,15.5,42.2,0,Epic Mega Sale,1,4.42,42,2.53,AUD,0.015337,98.0,269.66,25.47,73524.04,Launch,45.6,54.4,Spring,Epic Mega Sale,Action-Adventure,Gen9
GTA5-110049,2022,5,2,Austria,AUT,Europe,PS5,Premium Edition,Digital,PlayStation Store,995,7084.4,7.12,64.4,58.9,41.1,346,649,30852,2491,17628,13224,17628,5358.78,20791.08,15.8,36.2,0,Epic Mega Sale,1,4.66,11,4.11,EUR,0.0000008939,98.0,26.95,9.41,52644.4,Launch,50.9,49.1,Spring,Epic Mega Sale,Action-Adventure,Gen9
GTA5-110007,2022,5,2,Bahrain,BHR,Asia,Xbox Series X|S,Standard Edition,Digital,Steam,203,1936.62,9.54,52.3,60.3,39.7,76,127,13850,945,10197,3653,10197,10802.03,21916.47,16.3,51.7,0,Epic Mega Sale,1,4.31,5,4.79,BHD,0.0000003876,98.0,0.86,1.44,26749.78,Launch,43.6,56.4,Spring,Epic Mega Sale,Action-Adventure,Gen9
GTA5-110056,2022,5,2,Bangladesh,BGD,Asia,PS5,Standard Edition,Digital,Rockstar Games Launcher,499,4840.3,9.7,51.5,65.7,34.3,199,300,12980,1163,8072,4908,8072,2848.16,9738.96,14.8,49.8,0,Epic Mega Sale,1,4.55,9,3.23,BDT,1.114562,98.0,9.34,173.88,2099.32,Launch,47.6,52.4,Spring,Epic Mega Sale,Action-Adventure,Gen9
GTA5-110068,2022,5,2,Brazil,BRA,South America,PS5,Standard Edition,Digital,Microsoft Store,1465,20378.15,13.91,30.4,64.3,35.7,549,916,62488,3403,43634,18854,43634,22167.25,45784.31,16.2,47.7,0,Epic Mega Sale,1,4.73,24,4.09,BRL,0.051302,98.0,276.02,222.61,13838.49,Launch,39.6,60.4,Spring,Epic Mega Sale,Action-Adventure,Gen9
GTA5-110008,2022,5,2,Cambodia,KHM,Asia,PS5,Standard Edition,Digital,Rockstar Games Launcher,110,1261.7,11.47,42.6,66,34,41,69,2920,165,1814,1106,1814,1310.87,4157.52,9.3,45.9,0,Epic Mega Sale,1,4.8,3,4.69,KHR,41.511814,98.0,0.21,16.61,1938.0,Launch,45.2,54.8,Spring,Epic Mega Sale,Action-Adventure,Gen9
GTA5-110015,2022,5,2,Croatia,HRV,Europe,Xbox Series X|S,Standard Edition,Digital,Microsoft Store,269,4408.91,16.39,18,61.6,38.4,88,181,16779,987,11523,5256,11523,4871.74,18061.94,14.0,43.2,0,Epic Mega Sale,1,4.68,3,2.09,EUR,0.0000008985,98.0,2.01,4.65,16851.53,Launch,43.0,57.0,Spring,Epic Mega Sale,Action-Adventure,Gen9
GTA5-110074,2022,5,2,Ecuador,ECU,South America,PS5,Standard Edition,Digital,Epic Games Store,150,1464,9.76,51.2,64,36,53,97,5698,472,4225,1473,4225,2017.98,5140.77,15.1,43.3,0,Epic Mega Sale,1,4.38,3,1.55,USD,0.010178,98.0,1.3,17.72,7662.77,Launch,53.8,46.2,Spring,Epic Mega Sale,Action-Adventure,Gen9
GTA5-110017,2022,5,2,Estonia,EST,Europe,Xbox Series X|S,Standard Edition,Digital,PlayStation Store,312,3603.6,11.55,42.2,66.2,33.8,116,196,11966,602,7566,4400,7566,6419.73,16422.35,16.0,42.6,0,Epic Mega Sale,1,4.48,7,3.1,EUR,0.0000009009,98.0,0.85,1.44,23044.97,Launch,45.6,54.4,Spring,Epic Mega Sale,Action-Adventure,Gen9
GTA5-110052,2022,5,2,Ethiopia,ETH,Africa,PS5,Standard Edition,Digital,Epic Games Store,141,1071.6,7.6,62,58,42,51,90,9472,493,6925,2547,6925,7263.42,16867.42,18.4,54.7,0,Epic Mega Sale,1,4.61,3,2.2,ETB,0.555603,98.0,1.76,106.32,1291.01,Launch,52.1,47.9,Spring,Epic Mega Sale,Action-Adventure,Gen9
GTA5-109997,2022,5,2,Finland,FIN,Europe,Xbox Series X|S,Legacy Edition,Digital,PlayStation Store,679,6192.48,9.12,54.4,68.2,31.8,272,407,23501,1498,14083,9418,14083,6027.86,19875.55,15.1,36.8,0,Epic Mega Sale,1,4.44,8,5.31,EUR,0.0000008818,98.0,16.51,5.98,53915.35,Launch,57.8,42.2,Spring,Epic Mega Sale,Action-Adventure,Gen9
GTA5-110013,2022,5,2,Georgia,GEO,Asia,Xbox Series X|S,Premium Edition,Digital,Rockstar Games Launcher,236,2593.64,10.99,45,63,37,79,157,9572,859,5745,3827,5745,4777.73,12628.11,12.8,51.8,0,Epic Mega Sale,1,4.57,4,2.64,GEL,0.026775,98.0,0.41,4.1,6311.96,Launch,46.3,53.7,Spring,Epic Mega Sale,Action-Adventure,Gen9
GTA5-110005,2022,5,2,India,IND,Asia,PS5,Premium Edition,Digital,PlayStation Store,1365,9418.5,6.9,65.5,65.7,34.3,530,835,52427,3457,29872,22555,29872,25865.75,53253.96,16.2,37.3,0,Epic Mega Sale,1,4.56,14,4.29,INR,0.819769,98.0,420.01,1386.59,2704.51,Launch,53.1,46.9,Spring,Epic Mega Sale,Action-Adventure,Gen9
GTA5-110022,2022,5,2,Iraq,IRQ,Asia,PS5,Premium Edition,Digital,Microsoft Store,252,2567.88,10.19,49,64.7,35.3,98,154,10456,936,7601,2855,7601,5098.14,15064.96,16.9,35.7,0,Epic Mega Sale,1,4.68,7,2.8,IQD,1.317566,98.0,5.23,37.66,7238.4,Launch,44.0,56.0,Spring,Epic Mega Sale,Action-Adventure,Gen9
GTA5-110025,2022,5,2,Israel,ISR,Asia,PS5,Legacy Edition,Digital,PlayStation Store,761,8911.31,11.71,41.4,61.5,38.5,266,495,43370,2667,30701,12669,30701,14384.38,39338.2,17.6,41.8,0,Epic Mega Sale,1,4.62,18,2.55,ILS,0.036609,98.0,20.65,8.97,39961.1,Launch,43.1,56.9,Spring,Epic Mega Sale,Action-Adventure,Gen9
GTA5-110006,2022,5,2,Kazakhstan,KAZ,Asia,PS5,Standard Edition,Digital,PlayStation Store,533,4370.6,8.2,59,63.1,36.9,201,332,18120,1266,11730,6390,11730,7312.21,24859.3,14.4,39.9,0,Epic Mega Sale,1,4.61,5,3.98,KZT,4.559874,98.0,8.62,18.83,15889.23,Launch,39.7,60.3,Spring,Epic Mega Sale,Action-Adventure,Gen9
GTA5-110043,2022,5,2,Kenya,KEN,Africa,PS5,Premium Edition,Digital,Rockstar Games Launcher,399,3966.06,9.94,50.3,62.4,37.6,134,265,15226,979,10601,4625,10601,5494.12,11505.49,15.7,58.2,0,Epic Mega Sale,1,4.57,6,3.21,KES,0.130152,98.0,2.92,48.73,2336.98,Launch,49.5,50.5,Spring,Epic Mega Sale,Action-Adventure,Gen9
GTA5-110031,2022,5,2,Luxembourg,LUX,Europe,PS5,Standard Edition,Digital,PlayStation Store,379,3342.78,8.82,55.9,62.2,37.8,141,238,13710,1062,9550,4160,9550,4948.43,11825.32,15.8,64.2,0,Epic Mega Sale,1,4.93,11,3.38,EUR,0.0000008941,98.0,1.58,0.61,115515.78,Launch,47.2,52.8,Spring,Epic Mega Sale,Action-Adventure,Gen9
GTA5-109979,2022,5,2,Mexico,MEX,North America,Xbox Series X|S,Criminal Enterprise Starter Pack,Digital,PlayStation Store,992,12310.72,12.41,37.9,63.5,36.5,354,638,33653,2785,23627,10026,23627,19571.36,45906.33,15.8,38.0,0,Epic Mega Sale,1,4.65,23,4.25,MXN,0.183018,98.0,133.36,135.12,14019.72,Launch,45.7,54.3,Spring,Epic Mega Sale,Action-Adventure,Gen9
GTA5-109992,2022,5,2,Netherlands,NLD,Europe,Xbox Series X|S,Standard Edition,Digital,PlayStation Store,1144,7367.36,6.44,67.8,61.1,38.9,455,689,48303,2720,30849,17454,30849,33898.54,72083.99,15.7,42.6,0,Epic Mega Sale,1,4.5,23,7.0,EUR,0.0000008968,98.0,96.36,18.83,57113.65,Launch,52.1,47.9,Spring,Epic Mega Sale,Action-Adventure,Gen9
GTA5-109995,2022,5,2,Norway,NOR,Europe,PS5,Criminal Enterprise Starter Pack,Digital,Rockstar Games Launcher,717,9141.75,12.75,36.2,60.8,39.2,229,488,25620,2265,15593,10027,15593,6607.42,18729.09,14.1,39.8,0,Epic Mega Sale,1,4.61,14,4.03,NOK,0.106624,98.0,34.7,5.65,106639.8,Launch,44.9,55.1,Spring,Epic Mega Sale,Action-Adventure,Gen9
GTA5-110027,2022,5,2,Oman,OMN,Asia,Xbox Series X|S,Standard Edition,Digital,Rockstar Games Launcher,312,2620.8,8.4,58,66.1,33.9,113,199,13003,694,9649,3354,9649,5780.27,14087.47,16.8,49.3,0,Epic Mega Sale,1,4.51,3,2.3,OMR,0.0000003859,98.0,2.14,4.43,21575.82,Launch,39.1,60.9,Spring,Epic Mega Sale,Action-Adventure,Gen9
GTA5-109984,2022,5,2,Peru,PER,South America,Xbox Series X|S,Standard Edition,Digital,Steam,215,2119.9,9.86,50.7,59.3,40.7,73,142,11408,629,6865,4543,6865,4526.77,9941.82,13.3,45.8,0,Epic Mega Sale,1,4.51,3,4.13,PEN,0.036921,98.0,5.68,33.23,8905.98,Launch,51.9,48.1,Spring,Epic Mega Sale,Action-Adventure,Gen9
GTA5-109993,2022,5,2,Poland,POL,Europe,Xbox Series X|S,Standard Edition,Digital,Rockstar Games Launcher,909,10153.53,11.17,44.1,63.6,36.4,356,553,38993,3066,24368,14625,24368,19255.51,40086.08,17.8,38.2,0,Epic Mega Sale,1,4.63,26,2.14,PLN,0.040845,98.0,61.75,42.09,19102.93,Launch,47.5,52.5,Spring,Epic Mega Sale,Action-Adventure,Gen9
GTA5-110040,2022,5,2,Slovakia,SVK,Europe,Xbox Series X|S,Premium Edition,Digital,Rockstar Games Launcher,175,2182.25,12.47,37.6,64.5,35.5,66,109,14692,974,9506,5186,9506,7590.73,17907.25,14.1,42.6,0,Epic Mega Sale,1,4.56,3,3.85,EUR,0.0000009109,98.0,3.37,5.98,22014.61,Launch,43.7,56.3,Spring,Epic Mega Sale,Action-Adventure,Gen9
GTA5-110037,2022,5,2,South Africa,ZAF,Africa,Xbox Series X|S,Premium Edition,Digital,Rockstar Games Launcher,655,8744.25,13.35,33.2,62.4,37.6,249,406,24732,1449,18367,6365,18367,19302.55,42142.27,17.7,58.7,0,Epic Mega Sale,1,4.2,12,2.71,ZAR,0.019174,98.0,30.47,58.7,9011.45,Launch,46.2,53.8,Spring,Epic Mega Sale,Action-Adventure,Gen9
GTA5-110053,2022,5,2,South Korea,KOR,Asia,PS5,Standard Edition,Digital,Steam,1558,16904.3,10.85,45.7,61.4,38.6,576,982,70546,4154,49043,21503,49043,25806.5,95566.05,16.0,38.9,0,Epic Mega Sale,1,4.52,22,1.89,KRW,13.242893,98.0,242.0,56.48,33474.58,Launch,52.8,47.2,Spring,Epic Mega Sale,Action-Adventure,Gen9
GTA5-109998,2022,5,2,Switzerland,CHE,Europe,Xbox Series X|S,Standard Edition,Digital,Rockstar Games Launcher,805,7132.3,8.86,55.7,63.6,36.4,324,481,28631,1812,19868,8763,19868,16066.25,48943.97,15.1,50.6,0,Epic Mega Sale,1,4.5,8,4.97,CHF,0.0000008936,98.0,51.28,8.97,89317.8,Launch,53.4,46.6,Spring,Epic Mega Sale,Action-Adventure,Gen9
GTA5-110044,2022,5,2,Taiwan,TWN,Asia,Xbox Series X|S,Standard Edition,Digital,Epic Games Store,1711,20549.11,12.01,39.9,65.5,34.5,608,1103,45998,3345,29582,16416,29582,20725.24,56333.74,17.0,44.8,0,Epic Mega Sale,1,4.43,17,1.76,TWD,0.312965,98.0,57.53,25.47,25208.58,Launch,46.3,53.7,Spring,Epic Mega Sale,Action-Adventure,Gen9
GTA5-110057,2022,5,2,Thailand,THA,Asia,Xbox Series X|S,Premium Edition,Digital,Rockstar Games Launcher,836,10625.56,12.71,36.4,66.8,33.2,304,532,37048,2734,26462,10586,26462,21446.18,65950.11,16.3,35.4,0,Epic Mega Sale,1,4.66,11,4.31,THB,0.355393,98.0,37.78,74.2,7956.11,Launch,37.7,62.3,Spring,Epic Mega Sale,Action-Adventure,Gen9
GTA5-110001,2022,5,2,Tunisia,TUN,Africa,Xbox Series X|S,Criminal Enterprise Starter Pack,Digital,Rockstar Games Launcher,135,1602.45,11.87,40.6,56,44,46,89,8792,569,5016,3776,5016,1928.04,7246.14,10.9,43.1,0,Epic Mega Sale,1,4.63,3,2.41,TND,0.030878,98.0,1.03,12.18,5299.22,Launch,49.3,50.7,Spring,Epic Mega Sale,Action-Adventure,Gen9
GTA5-110062,2022,5,2,Ukraine,UKR,Europe,PS5,Standard Edition,Digital,Epic Games Store,385,3149.3,8.18,59.1,65.1,34.9,124,261,18157,1448,11377,6780,11377,5297.97,15181.15,15.6,44.4,0,Epic Mega Sale,1,4.63,9,4.14,UAH,0.382726,98.0,8.54,49.84,5352.54,Launch,43.8,56.2,Spring,Epic Mega Sale,Action-Adventure,Gen9
GTA5-110065,2022,5,2,United States,USA,North America,Xbox Series X|S,Legacy Edition,Digital,Steam,3367,42457.87,12.61,36.9,56.1,43.9,1059,2308,141072,11054,96204,44868,96204,53244.08,124294.96,17.3,48.1,0,Epic Mega Sale,1,4.65,87,2.2,USD,0.010133,98.0,6839.05,349.97,61068.22,Launch,48.6,51.4,Spring,Epic Mega Sale,Action-Adventure,Gen9
GTA5-109985,2022,5,2,Uruguay,URY,South America,PS5,Premium Edition,Digital,Microsoft Store,163,1176.86,7.22,63.9,61.6,38.4,54,109,5671,460,4206,1465,4206,3524.26,7998.41,14.1,27.9,0,Epic Mega Sale,1,4.54,3,5.63,UYU,0.040222,98.0,0.7,3.77,19385.88,Launch,56.3,43.7,Spring,Epic Mega Sale,Action-Adventure,Gen9
GTA5-110064,2022,5,2,Vietnam,VNM,Asia,Xbox Series X|S,Standard Edition,Digital,Microsoft Store,634,6714.06,10.59,47,64.8,35.2,206,428,30424,1822,21624,8800,21624,12034.27,27361.62,16.8,39.0,0,Epic Mega Sale,1,4.57,17,3.79,VND,243.267198,98.0,19.56,99.68,3607.99,Launch,42.4,57.6,Spring,Epic Mega Sale,Action-Adventure,Gen9
GTA5-110104,2022,6,2,Algeria,DZA,Africa,Xbox Series X|S,Legacy Edition,Digital,Epic Games Store,246,2575.62,10.47,47.6,59.7,40.3,80,166,10862,926,7164,3698,7164,3228.62,9070.27,15.1,54.8,0,Steam Summer Sale,1,4.52,5,1.25,DZD,1.353093,98.0,6.05,42.12,6410.42,Launch,54.5,45.5,Summer,Steam Summer Sale,Action-Adventure,Gen9
GTA5-110133,2022,6,2,Armenia,ARM,Asia,Xbox Series X|S,Standard Edition,Digital,Rockstar Games Launcher,183,2025.81,11.07,44.6,61.3,38.7,63,120,6308,348,3709,2599,3709,1889.02,5016.49,14.2,64.7,0,Steam Summer Sale,1,4.44,3,2.9,AMD,4.068104,98.0,0.22,3.21,5414.03,Launch,43.2,56.8,Summer,Steam Summer Sale,Action-Adventure,Gen9
GTA5-110098,2022,6,2,Bahrain,BHR,Asia,Xbox Series X|S,Standard Edition,Digital,Epic Games Store,279,3986.91,14.29,28.5,63.2,36.8,87,192,8147,503,4973,3174,4973,4460.75,11892.11,10.6,35.5,0,Steam Summer Sale,1,4.54,3,3.64,BHD,0.0000003786,98.0,0.87,1.44,26845.19,Launch,51.6,48.4,Summer,Steam Summer Sale,Action-Adventure,Gen9
GTA5-110157,2022,6,2,Bangladesh,BGD,Asia,Xbox Series X|S,Standard Edition,Digital,PlayStation Store,348,2999.76,8.62,56.9,65.5,34.5,113,235,12455,1115,8597,3858,8597,6416.77,14333.08,14.9,45.7,0,Steam Summer Sale,1,4.53,10,5.33,BDT,1.097279,98.0,9.66,174.04,2168.67,Launch,37.7,62.3,Summer,Steam Summer Sale,Action-Adventure,Gen9
GTA5-110135,2022,6,2,Belgium,BEL,Europe,PS5,Standard Edition,Digital,Rockstar Games Launcher,1120,12801.6,11.43,42.8,65.6,34.4,387,733,28942,2378,21436,7506,21436,23167.56,53814.52,17.2,61.5,0,Steam Summer Sale,1,4.79,32,4.7,EUR,0.0000008936,98.0,36.92,12.19,49813.83,Launch,47.2,52.8,Summer,Steam Summer Sale,Action-Adventure,Gen9
GTA5-110078,2022,6,2,Brazil,BRA,South America,PS5,Standard Edition,Digital,Rockstar Games Launcher,1521,15225.21,10.01,49.9,64,36,529,992,57954,5160,42428,15526,42428,32544.57,91149.84,18.9,54.3,0,Steam Summer Sale,1,4.46,24,5.42,BRL,0.050867,98.0,280.46,222.81,14048.59,Launch,58.5,41.5,Summer,Steam Summer Sale,Action-Adventure,Gen9
GTA5-110132,2022,6,2,Cambodia,KHM,Asia,PS5,Premium Edition,Digital,Epic Games Store,83,958.65,11.55,42.2,63.5,36.5,28,55,3630,243,2567,1063,2567,1848.79,4985.14,16.3,31.7,0,Steam Summer Sale,1,4.47,3,4.82,KHR,40.700548,98.0,0.21,16.63,1948.62,Launch,45.0,55.0,Summer,Steam Summer Sale,Action-Adventure,Gen9
GTA5-110164,2022,6,2,Canada,CAN,North America,Xbox Series X|S,Criminal Enterprise Starter Pack,Digital,PlayStation Store,820,9651.4,11.77,41.1,64.7,35.3,272,548,49892,4095,27827,22065,27827,8218.64,31260.87,15.6,57.7,0,Steam Summer Sale,1,4.77,17,4.15,CAD,0.013376,98.0,219.67,38.8,58975.23,Launch,50.6,49.4,Summer,Steam Summer Sale,Action-Adventure,Gen9
GTA5-110081,2022,6,2,Colombia,COL,South America,PS5,Premium Edition,Digital,PlayStation Store,413,4113.48,9.96,50.2,66.7,33.3,152,261,17081,913,9858,7223,9858,5393.7,17126.18,11.2,48.3,0,Steam Summer Sale,1,4.61,7,2.95,COP,39.992567,98.0,15.62,52.1,10413.14,Launch,45.2,54.8,Summer,Steam Summer Sale,Action-Adventure,Gen9
GTA5-110134,2022,6,2,Czech Republic,CZE,Europe,PS5,Legacy Edition,Digital,Microsoft Store,568,5867.44,10.33,48.3,63.3,36.7,196,372,28660,1915,19171,9489,19171,9944.65,27120.32,15.5,36.7,0,Steam Summer Sale,1,4.62,11,4.2,CZK,0.225082,98.0,13.7,11.64,24528.81,Launch,45.7,54.3,Summer,Steam Summer Sale,Action-Adventure,Gen9
GTA5-110084,2022,6,2,Ecuador,ECU,South America,Xbox Series X|S,Standard Edition,Digital,Epic Games Store,112,734.72,6.56,67.2,67.9,32.1,35,77,4765,313,2914,1851,2914,1893.07,4638.72,13.8,26.9,0,Steam Summer Sale,1,4.57,3,4.25,USD,0.001011,98.0,1.34,17.74,7849.1,Launch,43.0,57.0,Summer,Steam Summer Sale,Action-Adventure,Gen9
GTA5-110102,2022,6,2,Ethiopia,ETH,Africa,PS5,Standard Edition,Digital,PlayStation Store,254,2463.8,9.7,51.5,68.3,31.7,88,166,6789,478,4915,1874,4915,3370.08,10089.92,15.0,58.4,0,Steam Summer Sale,1,4.33,5,5.03,ETB,0.568044,98.0,1.78,106.42,1304.97,Launch,53.2,46.8,Summer,Steam Summer Sale,Action-Adventure,Gen9
GTA5-110086,2022,6,2,Germany,DEU,Europe,PS5,Criminal Enterprise Starter Pack,Digital,Microsoft Store,3429,27843.48,8.12,59.4,63.5,36.5,1341,2088,104967,6038,65876,39091,65876,23280.59,86998.12,15.1,39.1,0,Steam Summer Sale,1,4.99,59,3.95,EUR,0.000000892,98.0,901.0,89.79,52263.25,Launch,44.5,55.5,Summer,Steam Summer Sale,Action-Adventure,Gen9
GTA5-110139,2022,6,2,Greece,GRC,Europe,Xbox Series X|S,Standard Edition,Digital,PlayStation Store,383,3523.6,9.2,54,60.2,39.8,140,243,16087,1193,10143,5944,10143,4951.91,18015.78,13.4,38.4,0,Steam Summer Sale,1,4.5,5,4.46,EUR,0.0000008718,98.0,10.26,12.19,23920.18,Launch,44.7,55.3,Summer,Steam Summer Sale,Action-Adventure,Gen9
GTA5-110100,2022,6,2,Hong Kong,HKG,Asia,Xbox Series X|S,Legacy Edition,Digital,Epic Games Store,924,9914.52,10.73,46.3,61.8,38.2,334,590,30013,2235,17705,12308,17705,20074.37,41575.99,13.7,50.2,0,Steam Summer Sale,1,4.77,14,3.16,HKD,0.007768,98.0,25.55,7.98,41693.22,Launch,43.7,56.3,Summer,Steam Summer Sale,Action-Adventure,Gen9
GTA5-110148,2022,6,2,Hungary,HUN,Europe,PS5,Standard Edition,Digital,Epic Games Store,638,7636.86,11.97,40.1,63.5,36.5,234,404,27443,2441,18782,8661,18782,20777.9,43567.91,15.1,41.5,0,Steam Summer Sale,1,4.76,11,3.86,HUF,3.470843,98.0,7.61,10.97,18076.2,Launch,55.3,44.7,Summer,Steam Summer Sale,Action-Adventure,Gen9
GTA5-110127,2022,6,2,Iceland,ISL,Europe,Xbox Series X|S,Standard Edition,Digital,PlayStation Store,228,3294.6,14.45,27.7,63.4,36.6,73,155,9266,587,5380,3886,5380,2239.29,6711.16,14.5,35.1,0,Steam Summer Sale,1,4.49,3,0.29,ISK,0.136371,98.0,0.41,0.37,58358.34,Launch,46.7,53.3,Summer,Steam Summer Sale,Action-Adventure,Gen9
GTA5-110136,2022,6,2,Indonesia,IDN,Asia,PS5,Legacy Edition,Digital,Microsoft Store,1028,9766,9.5,52.5,62.9,37.1,366,662,36113,2624,21930,14183,21930,10693.2,30189.91,15.3,41.3,0,Steam Summer Sale,1,4.47,20,5.16,IDR,155.826842,98.0,108.04,277.13,5537.79,Launch,44.5,55.5,Summer,Steam Summer Sale,Action-Adventure,Gen9
GTA5-110128,2022,6,2,Iraq,IRQ,Asia,Xbox Series X|S,Premium Edition,Digital,Steam,200,2110,10.55,47.2,60,40,79,121,11651,729,8386,3265,8386,2202.28,8360.92,15.2,41.4,0,Steam Summer Sale,1,4.58,4,1.55,IQD,13.142104,98.0,5.28,37.69,7289.57,Launch,47.8,52.2,Summer,Steam Summer Sale,Action-Adventure,Gen9
GTA5-110131,2022,6,2,Israel,ISR,Asia,Xbox Series X|S,Standard Edition,Digital,Rockstar Games Launcher,615,7472.25,12.15,39.2,57.5,42.5,217,398,33912,2893,22458,11454,22458,11865.59,24475.05,13.7,57.0,0,Steam Summer Sale,1,4.79,17,5.1,ILS,0.037141,98.0,20.74,8.98,40101.47,Launch,53.8,46.2,Summer,Steam Summer Sale,Action-Adventure,Gen9
GTA5-110159,2022,6,2,Japan,JPN,Asia,PS5,Standard Edition,Digital,Microsoft Store,2344,20767.84,8.86,55.7,63.9,36.1,885,1459,104122,6441,58561,45561,58561,58540.43,143402.67,18.1,34.9,0,Steam Summer Sale,1,4.63,55,5.8,JPY,1.483481,98.0,1069.12,140.78,43149.25,Launch,40.1,59.9,Summer,Steam Summer Sale,Action-Adventure,Gen9
GTA5-110117,2022,6,2,Kazakhstan,KAZ,Asia,Xbox Series X|S,Criminal Enterprise Starter Pack,Digital,Epic Games Store,345,4067.55,11.79,41,65,35,119,226,12012,978,7713,4299,7713,4967.67,12438.46,15.6,53.2,0,Steam Summer Sale,1,4.54,4,4.71,KZT,4.675318,98.0,8.65,18.84,15941.95,Launch,53.8,46.2,Summer,Steam Summer Sale,Action-Adventure,Gen9
GTA5-110143,2022,6,2,Latvia,LVA,Europe,Xbox Series X|S,Premium Edition,Digital,Epic Games Store,263,2858.81,10.87,45.6,68.5,31.5,91,172,9195,723,5875,3320,5875,3010.38,10325.5,12.5,32.9,0,Steam Summer Sale,1,4.43,3,2.3,EUR,0.000000905,98.0,0.95,2.22,19093.48,Launch,49.2,50.8,Summer,Steam Summer Sale,Action-Adventure,Gen9
GTA5-110090,2022,6,2,Netherlands,NLD,Europe,Xbox Series X|S,Standard Edition,Digital,Epic Games Store,1142,14606.18,12.79,36,60.2,39.8,397,745,46053,3243,28507,17546,28507,14753.77,32628.71,16.7,48.9,0,Steam Summer Sale,1,4.52,13,1.74,EUR,0.0000009024,98.0,97.61,18.84,57824.17,Launch,32.9,67.1,Summer,Steam Summer Sale,Action-Adventure,Gen9
GTA5-110130,2022,6,2,Nigeria,NGA,Africa,PS5,Legacy Edition,Digital,Microsoft Store,680,7418.8,10.91,45.4,58.5,41.5,265,415,29886,2250,16669,13217,16669,7914.46,26221.36,13.7,49.0,0,Steam Summer Sale,1,4.46,17,1.72,NGN,9.111707,98.0,35.88,192.88,4151.96,Launch,53.7,46.3,Summer,Steam Summer Sale,Action-Adventure,Gen9
GTA5-110093,2022,6,2,Norway,NOR,Europe,PS5,Standard Edition,Digital,Steam,738,7874.46,10.67,46.6,60.4,39.6,278,460,37254,2598,25136,12118,25136,15119.4,49667.79,17.3,53.2,0,Steam Summer Sale,1,4.83,20,3.42,NOK,0.104824,98.0,34.21,5.65,105110.23,Launch,44.5,55.5,Summer,Steam Summer Sale,Action-Adventure,Gen9
GTA5-110082,2022,6,2,Peru,PER,South America,Xbox Series X|S,Standard Edition,Digital,PlayStation Store,221,1940.38,8.78,56.1,61.8,38.2,88,133,11996,831,8423,3573,8423,4956.07,10682.78,15.4,39.8,0,Steam Summer Sale,1,4.61,3,3.17,PEN,0.003759,98.0,5.72,33.26,8954.47,Launch,38.7,61.3,Summer,Steam Summer Sale,Action-Adventure,Gen9
GTA5-110170,2022,6,2,Peru,PER,South America,Xbox Series X|S,Premium Edition,Digital,PlayStation Store,240,3511.2,14.63,26.8,65.3,34.7,85,155,7657,562,4270,3387,4270,2325.21,5339.86,13.7,39.0,0,Steam Summer Sale,1,4.65,4,1.61,PEN,0.036921,98.0,5.65,33.26,8847.64,Launch,40.5,59.5,Summer,Steam Summer Sale,Action-Adventure,Gen9
GTA5-110154,2022,6,2,Philippines,PHL,Asia,PS5,Premium Edition,Digital,Microsoft Store,1013,6726.32,6.64,66.8,68.5,31.5,322,691,28485,1660,20809,7676,20809,10108.45,34183.8,18.4,49.3,0,Steam Summer Sale,1,4.56,19,4.92,PHP,0.565529,98.0,26.36,108.63,4212.82,Launch,37.7,62.3,Summer,Steam Summer Sale,Action-Adventure,Gen9
GTA5-110107,2022,6,2,Russia,RUS,Europe,PS5,Premium Edition,Digital,Epic Games Store,1612,22519.64,13.97,30.1,62.8,37.2,547,1065,53968,4393,38297,15671,38297,22318.24,62110.79,14.5,46.2,0,Steam Summer Sale,1,4.69,29,0.1,RUB,0.892125,98.0,265.62,159.63,17333.23,Launch,44.0,56.0,Summer,Steam Summer Sale,Action-Adventure,Gen9
GTA5-110112,2022,6,2,Slovakia,SVK,Europe,PS5,Premium Edition,Digital,Microsoft Store,360,2433.6,6.76,66.2,65,35,118,242,13713,1216,9748,3965,9748,3516.21,12534.34,12.9,27.6,0,Steam Summer Sale,1,4.71,4,2.5,EUR,0.0000008957,98.0,3.39,5.99,22095.28,Launch,49.4,50.6,Summer,Steam Summer Sale,Action-Adventure,Gen9
GTA5-110150,2022,6,2,Slovenia,SVN,Europe,Xbox Series X|S,Premium Edition,Digital,Steam,298,3799.5,12.75,36.2,58.7,41.3,119,179,13235,1164,7476,5759,7476,4933.91,16303.42,14.6,51.4,0,Steam Summer Sale,1,4.52,8,0.37,EUR,0.0000008949,98.0,1.82,2.33,27182.45,Launch,44.3,55.7,Summer,Steam Summer Sale,Action-Adventure,Gen9
GTA5-110111,2022,6,2,South Africa,ZAF,Africa,Xbox Series X|S,Premium Edition,Digital,Steam,630,5783.4,9.18,54.1,65.8,34.2,214,416,31412,2308,21789,9623,21789,9993.5,31966.09,16.2,40.9,0,Steam Summer Sale,1,4.49,17,3.53,ZAR,0.190685,98.0,29.72,58.75,8781.36,Launch,49.2,50.8,Summer,Steam Summer Sale,Action-Adventure,Gen9
GTA5-110129,2022,6,2,South Korea,KOR,Asia,PS5,Premium Edition,Digital,Microsoft Store,1449,13214.88,9.12,54.4,64.9,35.1,493,956,68877,3684,50868,18009,50868,25329.33,94252.2,19.0,50.0,0,Steam Summer Sale,1,4.6,16,6.73,KRW,13.072026,98.0,243.25,56.53,33617.26,Launch,45.0,55.0,Summer,Steam Summer Sale,Action-Adventure,Gen9
GTA5-110092,2022,6,2,Sweden,SWE,Europe,PS5,Standard Edition,Digital,Microsoft Store,1426,12976.6,9.1,54.5,64.7,35.3,481,945,30780,2355,21950,8830,21950,16405.35,53418.18,15.0,53.9,0,Steam Summer Sale,1,4.73,28,1.83,SEK,0.104829,98.0,49.31,10.64,65826.03,Launch,38.4,61.6,Summer,Steam Summer Sale,Action-Adventure,Gen9
GTA5-110120,2022,6,2,Taiwan,TWN,Asia,Xbox Series X|S,Standard Edition,Digital,Rockstar Games Launcher,835,11548.05,13.83,30.8,68.2,31.8,321,514,44991,2251,27067,17924,27067,18524.47,53309.85,18.8,53.6,0,Steam Summer Sale,1,4.54,16,0.19,TWD,0.314008,98.0,58.13,25.5,25441.65,Launch,48.0,52.0,Summer,Steam Summer Sale,Action-Adventure,Gen9
GTA5-110123,2022,6,2,Thailand,THA,Asia,Xbox Series X|S,Standard Edition,Digital,Rockstar Games Launcher,763,8599.01,11.27,43.6,63.4,36.6,273,490,24608,1628,15358,9250,15358,6378.32,15976.23,15.3,38.1,0,Steam Summer Sale,1,4.62,15,2.36,THB,0.035531,98.0,38.58,74.27,8115.69,Launch,49.4,50.6,Summer,Steam Summer Sale,Action-Adventure,Gen9
GTA5-110147,2022,6,2,Tunisia,TUN,Africa,PS5,Standard Edition,Digital,PlayStation Store,208,2090.4,10.05,49.7,64.9,35.1,78,130,6337,380,4545,1792,4545,2923.95,10614.92,13.9,45.0,0,Steam Summer Sale,1,4.63,5,3.15,TND,0.030598,98.0,1.02,12.19,5204.32,Launch,43.6,56.4,Summer,Steam Summer Sale,Action-Adventure,Gen9
GTA5-110085,2022,6,2,United Kingdom,GBR,Europe,PS5,Standard Edition,Digital,Rockstar Games Launcher,2380,27155.8,11.41,42.9,62.1,37.9,870,1510,113351,9895,83479,29872,83479,61326.76,123015.03,16.8,42.3,0,Steam Summer Sale,1,4.38,21,5.27,GBP,0.0000007741,98.0,594.73,70.94,47633.57,Launch,49.5,50.5,Summer,Steam Summer Sale,Action-Adventure,Gen9
GTA5-110075,2022,6,2,United States,USA,North America,PS5,Standard Edition,Digital,Microsoft Store,4153,30566.08,7.36,63.2,70.4,29.6,1336,2817,221679,14672,158891,62788,158891,58931.0,183766.02,19.3,55.1,0,Steam Summer Sale,1,4.44,79,3.04,USD,0.010015,98.0,6940.19,350.29,61914.72,Launch,42.3,57.7,Summer,Steam Summer Sale,Action-Adventure,Gen9
GTA5-110083,2022,6,2,Uruguay,URY,South America,PS5,Standard Edition,Digital,Rockstar Games Launcher,99,1521.63,15.37,23.1,65.9,34.1,32,67,4978,375,3083,1895,3083,1879.07,7512.48,14.9,44.2,0,Steam Summer Sale,1,4.5,3,1.82,UYU,0.403453,98.0,0.71,3.77,19521.57,Launch,52.7,47.3,Summer,Steam Summer Sale,Action-Adventure,Gen9
GTA5-110237,2022,7,3,Algeria,DZA,Africa,Xbox Series X|S,Standard Edition,Digital,Rockstar Games Launcher,314,2223.12,7.08,64.6,59.1,40.9,125,189,11365,885,7787,3578,7787,7857.2,19502.4,16.4,53.7,0,Steam Summer Sale,1,4.58,8,1.91,DZD,1.347483,98.0,6.03,42.16,6380.72,Launch,47.4,52.6,Summer,Steam Summer Sale,Action-Adventure,Gen9
GTA5-110265,2022,7,3,Argentina,ARG,South America,PS5,Standard Edition,Digital,Rockstar Games Launcher,596,8111.56,13.61,31.9,60.3,39.7,226,370,16183,1336,10897,5286,10897,7225.21,24018.64,17.8,64.3,0,Steam Summer Sale,1,4.43,17,3.12,ARS,3.517226,98.0,28.68,46.6,16026.25,Launch,37.9,62.1,Summer,Steam Summer Sale,Action-Adventure,Gen9
GTA5-110251,2022,7,3,Austria,AUT,Europe,Xbox Series X|S,Standard Edition,Digital,PlayStation Store,538,6536.7,12.15,39.2,64.6,35.4,215,323,28990,2372,18062,10928,18062,8499.93,26450.42,15.5,50.5,0,Steam Summer Sale,1,4.54,11,5.1,EUR,0.0000009174,98.0,26.93,9.43,52489.25,Launch,42.4,57.6,Summer,Steam Summer Sale,Action-Adventure,Gen9
GTA5-110216,2022,7,3,Azerbaijan,AZE,Asia,PS5,Premium Edition,Digital,Epic Games Store,392,4049.36,10.33,48.3,65,35,123,269,10310,734,5851,4459,5851,2175.22,8677.04,12.5,55.8,0,Steam Summer Sale,1,4.61,8,3.97,AZN,0.016916,98.0,1.86,10.54,9167.0,Launch,39.5,60.5,Summer,Steam Summer Sale,Action-Adventure,Gen9
GTA5-110211,2022,7,3,Bahrain,BHR,Asia,Xbox Series X|S,Standard Edition,Digital,Rockstar Games Launcher,340,4783.8,14.07,29.6,61.4,38.6,116,224,11733,1000,7734,3999,7734,2605.02,9024.77,15.0,39.2,0,Steam Summer Sale,1,4.22,9,5.11,BHD,0.0000003807,98.0,0.86,1.44,26584.28,Launch,41.7,58.3,Summer,Steam Summer Sale,Action-Adventure,Gen9
GTA5-110176,2022,7,3,Brazil,BRA,South America,PS5,Legacy Edition,Digital,Epic Games Store,1065,14260.35,13.39,33,58.8,41.2,372,693,53315,3110,35427,17888,35427,19113.55,62400.78,16.2,47.9,0,Steam Summer Sale,1,4.47,21,2.54,BRL,0.051017,98.0,280.67,223.01,14046.16,Launch,49.6,50.4,Summer,Steam Summer Sale,Action-Adventure,Gen9
GTA5-110264,2022,7,3,Brazil,BRA,South America,Xbox Series X|S,Legacy Edition,Digital,Microsoft Store,869,7716.72,8.88,55.6,64.3,35.7,324,545,52275,3153,32159,20116,32159,17716.49,38716.35,14.0,54.2,0,Steam Summer Sale,1,4.38,8,4.15,BRL,0.051847,98.0,280.99,223.01,14062.58,Launch,45.9,54.1,Summer,Steam Summer Sale,Action-Adventure,Gen9
GTA5-110249,2022,7,3,Bulgaria,BGR,Europe,PS5,Standard Edition,Digital,Microsoft Store,281,3549.03,12.63,36.8,61.6,38.4,97,184,17796,1547,11191,6605,11191,4321.06,12317.21,15.6,53.8,0,Steam Summer Sale,1,4.34,4,2.48,BGN,0.017875,98.0,2.27,7.99,9862.7,Launch,45.0,55.0,Summer,Steam Summer Sale,Action-Adventure,Gen9
GTA5-110174,2022,7,3,Canada,CAN,North America,PS5,Standard Edition,Digital,PlayStation Store,1426,13889.24,9.74,51.3,62.8,37.2,513,913,37663,2544,22753,14910,22753,16234.37,36512.44,14.5,46.2,0,Steam Summer Sale,1,4.57,36,3.61,CAD,0.013071,98.0,218.22,38.83,58539.72,Launch,44.4,55.6,Summer,Steam Summer Sale,Action-Adventure,Gen9
GTA5-110267,2022,7,3,Colombia,COL,South America,PS5,Standard Edition,Digital,Epic Games Store,332,3801.4,11.45,42.7,61,39,107,225,15728,1284,11324,4404,11324,3528.3,13275.75,14.8,67.7,0,Steam Summer Sale,1,4.7,3,0.1,COP,40.747939,98.0,15.83,52.15,10540.62,Launch,50.7,49.3,Summer,Steam Summer Sale,Action-Adventure,Gen9
GTA5-110179,2022,7,3,Colombia,COL,South America,Xbox Series X|S,Standard Edition,Digital,Rockstar Games Launcher,347,4299.33,12.39,38,71.9,28.1,128,219,15096,790,8662,6434,8662,2910.13,10029.64,15.0,43.3,0,Steam Summer Sale,1,4.37,10,4.31,COP,39.678577,98.0,15.41,52.15,10261.47,Launch,45.7,54.3,Summer,Steam Summer Sale,Action-Adventure,Gen9
GTA5-110192,2022,7,3,Denmark,DNK,Europe,PS5,Legacy Edition,Digital,Steam,610,9497.7,15.57,22.1,66.6,33.4,224,386,30989,1811,17112,13877,17112,11592.5,31590.21,16.6,41.9,0,Steam Summer Sale,1,4.33,13,1.76,DKK,0.006722,98.0,22.09,6.21,65386.1,Launch,52.0,48.0,Summer,Steam Summer Sale,Action-Adventure,Gen9
GTA5-110182,2022,7,3,Ecuador,ECU,South America,PS5,Standard Edition,Digital,Epic Games Store,169,1270.88,7.52,62.4,64.8,35.2,61,108,6002,465,4400,1602,4400,3714.85,8475.28,15.7,42.6,0,Steam Summer Sale,1,4.63,3,1.67,USD,0.0000009958,98.0,1.31,17.75,7674.45,Launch,38.4,61.6,Summer,Steam Summer Sale,Action-Adventure,Gen9
GTA5-110222,2022,7,3,Georgia,GEO,Asia,PS5,Premium Edition,Digital,Rockstar Games Launcher,264,2449.92,9.28,53.6,66.1,33.9,87,177,6654,526,3690,2964,3690,1422.33,4144.23,15.3,41.1,0,Steam Summer Sale,1,4.55,3,3.64,GEL,0.026845,98.0,0.41,4.11,6300.55,Launch,47.5,52.5,Summer,Steam Summer Sale,Action-Adventure,Gen9
GTA5-110215,2022,7,3,Ghana,GHA,Africa,Xbox Series X|S,Standard Edition,Digital,PlayStation Store,243,3127.41,12.87,35.6,67.6,32.4,96,147,11649,612,7518,4131,7518,4943.38,15056.45,17.8,50.8,0,Steam Summer Sale,1,4.7,4,4.52,GHS,0.121058,98.0,1.58,28.85,2846.49,Launch,53.4,46.6,Summer,Steam Summer Sale,Action-Adventure,Gen9
GTA5-110218,2022,7,3,Greece,GRC,Europe,Xbox Series X|S,Standard Edition,Digital,Epic Games Store,526,4344.76,8.26,58.7,65,35,207,319,21626,1941,12912,8714,12912,6064.47,16353.15,15.0,45.1,0,Steam Summer Sale,1,4.24,12,4.21,EUR,0.0000009061,98.0,10.04,12.2,23390.17,Launch,54.6,45.4,Summer,Steam Summer Sale,Action-Adventure,Gen9
GTA5-110223,2022,7,3,Iraq,IRQ,Asia,PS5,Premium Edition,Digital,Steam,267,2274.84,8.52,57.4,64.1,35.9,93,174,12005,1075,7568,4437,7568,6635.71,15427.58,14.2,45.5,0,Steam Summer Sale,1,4.57,6,4.71,IQD,12.921055,98.0,5.43,37.72,7492.52,Launch,48.2,51.8,Summer,Steam Summer Sale,Action-Adventure,Gen9
GTA5-110203,2022,7,3,Israel,ISR,Asia,PS5,Legacy Edition,Digital,Microsoft Store,635,8731.25,13.75,31.2,63.9,36.1,240,395,37848,3251,23541,14307,23541,17555.55,44005.94,16.3,58.6,0,Steam Summer Sale,1,4.2,16,5.01,ILS,0.036681,98.0,20.85,8.99,40258.74,Launch,40.8,59.2,Summer,Steam Summer Sale,Action-Adventure,Gen9
GTA5-110186,2022,7,3,Italy,ITA,Europe,Xbox Series X|S,Criminal Enterprise Starter Pack,Digital,Epic Games Store,1091,11335.49,10.39,48,62.3,37.7,401,690,44813,2513,25149,19664,25149,20308.9,58081.47,15.5,48.2,0,Steam Summer Sale,1,4.51,13,5.93,EUR,0.0000009019,98.0,297.4,66.57,39887.87,Launch,43.6,56.4,Summer,Steam Summer Sale,Action-Adventure,Gen9
GTA5-110201,2022,7,3,Kuwait,KWT,Asia,Xbox Series X|S,Premium Edition,Digital,Rockstar Games Launcher,323,3414.11,10.57,47.1,66.6,33.4,108,215,16147,1250,10839,5308,10839,6607.55,13653.09,17.5,48.1,0,Steam Summer Sale,1,4.54,6,2.4,KWD,0.0000003147,98.0,6.44,3.77,53411.37,Launch,44.1,55.9,Summer,Steam Summer Sale,Action-Adventure,Gen9
GTA5-110231,2022,7,3,Lebanon,LBN,Asia,PS5,Standard Edition,Digital,Epic Games Store,239,3233.67,13.53,32.3,63.5,36.5,74,165,10435,831,7823,2612,7823,8401.27,19279.94,16.8,60.5,0,Steam Summer Sale,1,4.55,5,3.68,LBP,886.698675,98.0,1.07,6.55,10229.09,Launch,48.1,51.9,Summer,Steam Summer Sale,Action-Adventure,Gen9
GTA5-110213,2022,7,3,Lithuania,LTU,Europe,PS5,Standard Edition,Digital,PlayStation Store,316,3232.68,10.23,48.8,60.8,39.2,126,190,17113,1043,10600,6513,10600,3653.09,12269.23,14.7,59.2,0,Steam Summer Sale,1,4.47,7,3.51,EUR,0.0000008809,98.0,1.66,3.22,20187.9,Launch,52.0,48.0,Summer,Steam Summer Sale,Action-Adventure,Gen9
GTA5-110252,2022,7,3,Luxembourg,LUX,Europe,Xbox Series X|S,Standard Edition,Digital,Microsoft Store,300,3387,11.29,43.5,63.6,36.4,101,199,9656,525,6795,2861,6795,4431.33,11334.76,12.8,43.4,0,Steam Summer Sale,1,4.52,7,3.55,EUR,0.0000008925,98.0,1.57,0.61,114640.68,Launch,35.1,64.9,Summer,Steam Summer Sale,Action-Adventure,Gen9
GTA5-110263,2022,7,3,Mexico,MEX,North America,Xbox Series X|S,Standard Edition,Digital,PlayStation Store,863,9518.89,11.03,44.8,66.2,33.8,280,583,37980,2787,21473,16507,21473,14810.54,34878.02,13.9,45.1,0,Steam Summer Sale,1,4.3,15,3.93,MXN,0.183948,98.0,135.52,135.36,14221.56,Launch,43.8,56.2,Summer,Steam Summer Sale,Action-Adventure,Gen9
GTA5-110221,2022,7,3,Nepal,NPL,Asia,PS5,Premium Edition,Digital,Microsoft Store,128,1744.64,13.63,31.8,62.3,37.7,48,80,5902,342,4353,1549,4353,3365.52,9517.67,14.8,47.0,0,Steam Summer Sale,1,4.59,3,4.21,NPR,1.327992,98.0,0.43,31.07,1455.74,Launch,46.1,53.9,Summer,Steam Summer Sale,Action-Adventure,Gen9
GTA5-110191,2022,7,3,Norway,NOR,Europe,PS5,Premium Edition,Digital,PlayStation Store,684,6498,9.5,52.5,64.2,35.8,251,433,36473,2027,20763,15710,20763,10660.51,38576.5,16.1,40.5,0,Steam Summer Sale,1,4.44,14,4.1,NOK,0.106166,98.0,34.35,5.66,105371.97,Launch,42.0,58.0,Summer,Steam Summer Sale,Action-Adventure,Gen9
GTA5-110268,2022,7,3,Peru,PER,South America,PS5,Criminal Enterprise Starter Pack,Digital,Rockstar Games Launcher,289,2962.25,10.25,48.7,68.2,31.8,107,182,11295,769,6688,4607,6688,4895.01,13262.21,13.6,32.8,0,Steam Summer Sale,1,4.53,5,1.83,PEN,0.037136,98.0,5.74,33.29,8973.79,Launch,46.2,53.8,Summer,Steam Summer Sale,Action-Adventure,Gen9
GTA5-110260,2022,7,3,Portugal,PRT,Europe,Xbox Series X|S,Standard Edition,Digital,Steam,632,6256.8,9.9,50.5,61.8,38.2,210,422,25970,2103,18331,7639,18331,6309.93,21333.37,15.2,46.3,0,Steam Summer Sale,1,4.34,7,4.96,EUR,0.000000905,98.0,12.07,11.1,24267.09,Launch,47.1,52.9,Summer,Steam Summer Sale,Action-Adventure,Gen9
GTA5-110234,2022,7,3,Romania,ROU,Europe,Xbox Series X|S,Standard Edition,Digital,Rockstar Games Launcher,419,5359.01,12.79,36,61.9,38.1,155,264,18894,1203,12036,6858,12036,11286.78,25443.47,15.6,38.8,0,Steam Summer Sale,1,4.47,5,1.91,RON,0.046141,98.0,12.86,21.64,14284.72,Launch,48.4,51.6,Summer,Steam Summer Sale,Action-Adventure,Gen9
GTA5-110243,2022,7,3,Russia,RUS,Europe,Xbox Series X|S,Standard Edition,Digital,Epic Games Store,1284,10785.6,8.4,58,67,33,470,814,45543,3080,25850,19693,25850,22329.29,57019.76,13.7,39.3,0,Steam Summer Sale,1,4.63,13,3.02,RUB,0.902468,98.0,265.99,159.77,17341.8,Launch,49.1,50.9,Summer,Steam Summer Sale,Action-Adventure,Gen9
GTA5-110244,2022,7,3,Saudi Arabia,SAU,Asia,PS5,Legacy Edition,Digital,Epic Games Store,882,10822.14,12.27,38.6,60.7,39.3,292,590,45959,2633,25520,20439,25520,24389.15,50355.25,15.9,52.8,0,Steam Summer Sale,1,4.65,14,3.7,SAR,0.037738,98.0,69.58,33.29,27215.28,Launch,44.1,55.9,Summer,Steam Summer Sale,Action-Adventure,Gen9
GTA5-110207,2022,7,3,Singapore,SGP,Asia,PS5,Standard Edition,Digital,PlayStation Store,801,8242.29,10.29,48.5,66.1,33.9,291,510,36260,2719,21391,14869,21391,10539.93,25009.41,16.9,57.3,0,Steam Summer Sale,1,4.67,9,3.7,SGD,0.013349,98.0,23.02,5.99,60042.29,Launch,41.3,58.7,Summer,Steam Summer Sale,Action-Adventure,Gen9
GTA5-110220,2022,7,3,Slovakia,SVK,Europe,Xbox Series X|S,Standard Edition,Digital,Steam,333,4698.63,14.11,29.4,69,31,112,221,10889,957,6648,4241,6648,6265.57,14849.93,13.9,49.8,0,Steam Summer Sale,1,4.56,4,6.22,EUR,0.0000008859,98.0,3.37,5.99,21950.4,Launch,45.1,54.9,Summer,Steam Summer Sale,Action-Adventure,Gen9
GTA5-110214,2022,7,3,South Africa,ZAF,Africa,PS5,Standard Edition,Digital,Steam,818,9251.58,11.31,43.4,59.4,40.6,287,531,40804,2210,23770,17034,23770,18248.52,54370.07,17.1,53.6,0,Steam Summer Sale,1,4.56,17,2.36,ZAR,0.192195,98.0,30.03,58.8,8865.71,Launch,50.8,49.2,Summer,Steam Summer Sale,Action-Adventure,Gen9
GTA5-110245,2022,7,3,South Korea,KOR,Asia,Xbox Series X|S,Standard Edition,Digital,Rockstar Games Launcher,1604,22889.08,14.27,28.6,66,34,629,975,66686,4891,39265,27421,39265,20784.08,46586.78,16.9,42.9,0,Steam Summer Sale,1,4.44,47,4.75,KRW,13.180751,98.0,244.64,56.59,33774.0,Launch,55.9,44.1,Summer,Steam Summer Sale,Action-Adventure,Gen9
GTA5-110187,2022,7,3,Spain,ESP,Europe,PS5,Standard Edition,Digital,Microsoft Store,1439,13670.5,9.5,52.5,59,41,472,967,76899,5067,47800,29099,47800,37494.05,76097.55,16.1,34.2,0,Steam Summer Sale,1,4.61,40,4.01,EUR,0.0000009076,98.0,189.67,52.15,34441.29,Launch,51.9,48.1,Summer,Steam Summer Sale,Action-Adventure,Gen9
GTA5-110259,2022,7,3,Sri Lanka,LKA,Asia,Xbox Series X|S,Premium Edition,Digital,Steam,189,1523.34,8.06,59.7,62.9,37.1,68,121,8976,633,5917,3059,5917,3580.97,12100.34,13.4,30.6,0,Steam Summer Sale,1,4.5,5,4.37,LKR,3.168281,98.0,1.61,23.3,4319.48,Launch,39.2,60.8,Summer,Steam Summer Sale,Action-Adventure,Gen9
GTA5-110190,2022,7,3,Sweden,SWE,Europe,Xbox Series X|S,Standard Edition,Digital,Microsoft Store,781,9036.17,11.57,42.1,67.1,32.9,268,513,37014,2233,24908,12106,24908,25365.74,51716.95,17.1,54.6,0,Steam Summer Sale,1,4.22,21,5.1,SEK,0.103906,98.0,50.11,10.65,66833.24,Launch,55.7,44.3,Summer,Steam Summer Sale,Action-Adventure,Gen9
GTA5-110196,2022,7,3,Turkey,TUR,Europe,PS5,Standard Edition,Digital,Steam,990,12365.1,12.49,37.5,66.5,33.5,318,672,35597,2009,26354,9243,26354,11740.72,40427.78,17.5,44.3,0,Steam Summer Sale,1,4.63,13,4.21,TRY,0.275922,98.0,73.63,84.32,13644.38,Launch,45.1,54.9,Summer,Steam Summer Sale,Action-Adventure,Gen9
GTA5-110183,2022,7,3,United Kingdom,GBR,Europe,PS5,Legacy Edition,Digital,Steam,3610,30685,8.5,57.5,64.6,35.4,1179,2431,104286,7855,57750,46536,57750,50817.53,117203.09,16.2,47.2,0,Steam Summer Sale,1,4.58,66,4.64,GBP,0.0000007845,98.0,589.03,71.01,47130.96,Launch,48.8,51.2,Summer,Steam Summer Sale,Action-Adventure,Gen9
GTA5-110261,2022,7,3,United States,USA,North America,PS5,Standard Edition,Digital,PlayStation Store,5509,44843.26,8.14,59.3,61.4,38.6,2168,3341,197488,14155,119699,77789,119699,104537.62,301564.3,17.6,26.0,0,Steam Summer Sale,1,4.59,68,4.69,USD,0.0000009851,98.0,6912.05,350.61,61607.35,Launch,43.2,56.8,Summer,Steam Summer Sale,Action-Adventure,Gen9
GTA5-110269,2022,7,3,Uruguay,URY,South America,PS5,Standard Edition,Digital,Epic Games Store,152,1846.8,12.15,39.2,62,38,59,93,5814,483,3450,2364,3450,3133.62,7835.44,13.1,26.9,0,Steam Summer Sale,1,4.46,3,3.95,UYU,0.401393,98.0,0.71,3.77,19484.43,Launch,51.4,48.6,Summer,Steam Summer Sale,Action-Adventure,Gen9
GTA5-110329,2022,8,3,Algeria,DZA,Africa,PS5,Legacy Edition,Digital,Steam,292,3285,11.25,43.7,67,33,112,180,12901,750,7308,5593,7308,7017.09,14254.15,12.3,31.3,0,Rockstar Sale,1,4.54,4,1.62,DZD,1.342255,98.0,6.15,42.2,6505.93,Launch,48.0,52.0,Summer,Rockstar Sale,Action-Adventure,Gen9
GTA5-110275,2022,8,3,Argentina,ARG,South America,Xbox Series X|S,Standard Edition,Digital,Epic Games Store,303,3245.13,10.71,46.4,63.1,36.9,115,188,18495,1502,11485,7010,11485,10600.11,22060.35,16.5,51.1,0,Rockstar Sale,1,4.56,5,1.33,ARS,3.497332,98.0,28.79,46.64,16077.06,Launch,44.3,55.7,Summer,Rockstar Sale,Action-Adventure,Gen9
GTA5-110349,2022,8,3,Bangladesh,BGD,Asia,Xbox Series X|S,Standard Edition,Digital,PlayStation Store,334,4084.82,12.23,38.8,60.4,39.6,131,203,11952,748,8830,3122,8830,5295.04,17430.13,16.2,48.6,0,Rockstar Sale,1,4.24,7,5.8,BDT,1.089137,98.0,9.65,174.35,2162.96,Launch,47.4,52.6,Summer,Rockstar Sale,Action-Adventure,Gen9
GTA5-110274,2022,8,3,Brazil,BRA,South America,PS5,Standard Edition,Digital,PlayStation Store,1338,14570.82,10.89,45.5,67.1,32.9,429,909,49529,4450,27823,21706,27823,19612.97,60454.86,14.5,42.0,0,Rockstar Sale,1,4.42,22,2.62,BRL,0.005128,98.0,278.83,223.22,13941.2,Launch,41.0,59.0,Summer,Rockstar Sale,Action-Adventure,Gen9
GTA5-110364,2022,8,3,Chile,CHL,South America,Xbox Series X|S,Standard Edition,Digital,Microsoft Store,465,4454.7,9.58,52.1,63.4,36.6,164,301,12561,805,7958,4603,7958,7648.89,16780.41,15.7,55.3,0,Rockstar Sale,1,4.33,10,5.8,CLP,9.080036,98.0,8.86,18.88,18337.01,Launch,48.3,51.7,Summer,Rockstar Sale,Action-Adventure,Gen9
GTA5-110295,2022,8,3,Croatia,HRV,Europe,Xbox Series X|S,Standard Edition,Digital,PlayStation Store,258,3413.34,13.23,33.8,62.4,37.6,101,157,17702,1439,10836,6866,10836,7865.85,26028.99,15.7,44.7,0,Rockstar Sale,1,4.62,5,3.45,EUR,0.0000008775,98.0,1.98,4.66,16584.84,Launch,42.5,57.5,Summer,Rockstar Sale,Action-Adventure,Gen9
GTA5-110304,2022,8,3,Estonia,EST,Europe,Xbox Series X|S,Premium Edition,Digital,Microsoft Store,297,3442.23,11.59,42,68.9,31.1,112,185,10049,574,6808,3241,6808,3652.26,12605.98,12.6,38.5,0,Rockstar Sale,1,4.38,3,3.47,EUR,0.0000008863,98.0,0.86,1.44,23264.25,Launch,49.0,51.0,Summer,Rockstar Sale,Action-Adventure,Gen9
GTA5-110291,2022,8,3,Finland,FIN,Europe,Xbox Series X|S,Premium Edition,Digital,Rockstar Games Launcher,520,6047.6,11.63,41.8,61.3,38.7,184,336,24847,2126,18359,6488,18359,13397.38,42230.84,16.6,53.4,0,Rockstar Sale,1,4.57,10,4.06,EUR,0.0000008824,98.0,16.61,6.0,54081.61,Launch,40.4,59.6,Summer,Rockstar Sale,Action-Adventure,Gen9
GTA5-110283,2022,8,3,France,FRA,Europe,Xbox Series X|S,Criminal Enterprise Starter Pack,Digital,Microsoft Store,1562,11152.68,7.14,64.3,64.4,35.6,513,1049,71583,3579,45679,25904,45679,28625.91,105593.79,18.0,49.2,0,Rockstar Sale,1,4.44,29,6.16,EUR,0.0000009228,98.0,540.67,73.3,48021.55,Launch,40.5,59.5,Summer,Rockstar Sale,Action-Adventure,Gen9
GTA5-110332,2022,8,3,Georgia,GEO,Asia,PS5,Standard Edition,Digital,Rockstar Games Launcher,392,2728.32,6.96,65.2,66.2,33.8,146,246,7941,659,5554,2387,5554,3226.27,8439.51,15.0,45.2,0,Rockstar Sale,1,4.63,9,6.93,GEL,0.027189,98.0,0.41,4.11,6265.03,Launch,49.8,50.2,Summer,Rockstar Sale,Action-Adventure,Gen9
GTA5-110296,2022,8,3,Greece,GRC,Europe,Xbox Series X|S,Premium Edition,Digital,PlayStation Store,433,5373.53,12.41,37.9,65.9,34.1,146,287,17703,897,11214,6489,11214,9340.26,23437.81,14.6,26.4,0,Rockstar Sale,1,4.49,5,3.39,EUR,0.0000008973,98.0,10.31,12.22,23967.31,Launch,46.3,53.7,Summer,Rockstar Sale,Action-Adventure,Gen9
GTA5-110350,2022,8,3,Hong Kong,HKG,Asia,Xbox Series X|S,Premium Edition,Digital,PlayStation Store,1003,11404.11,11.37,43.1,61.2,38.8,318,685,31046,1712,21858,9188,21858,18452.37,41496.77,17.1,47.3,0,Rockstar Sale,1,4.59,19,2.93,HKD,0.077686,98.0,25.52,8.0,41541.18,Launch,44.5,55.5,Summer,Rockstar Sale,Action-Adventure,Gen9
GTA5-110331,2022,8,3,India,IND,Asia,PS5,Standard Edition,Digital,Microsoft Store,1497,7694.58,5.14,74.3,62.5,37.5,551,946,79751,6597,48797,30954,48797,24981.45,69383.3,15.2,50.1,0,Rockstar Sale,1,4.71,26,4.23,INR,0.822139,98.0,427.13,1390.39,2742.84,Launch,42.1,57.9,Summer,Rockstar Sale,Action-Adventure,Gen9
GTA5-110305,2022,8,3,Iraq,IRQ,Asia,Xbox Series X|S,Premium Edition,Digital,PlayStation Store,269,2961.69,11.01,44.9,65,35,87,182,6448,365,4563,1885,4563,3458.86,8979.26,16.7,43.9,0,Rockstar Sale,1,4.39,6,2.34,IQD,12.949875,98.0,5.28,37.76,7286.02,Launch,43.6,56.4,Summer,Rockstar Sale,Action-Adventure,Gen9
GTA5-110358,2022,8,3,Japan,JPN,Asia,Xbox Series X|S,Criminal Enterprise Starter Pack,Digital,PlayStation Store,2568,34282.8,13.35,33.2,66.4,33.6,944,1624,73813,4881,50650,23163,50650,37587.47,120971.12,17.1,53.3,0,Rockstar Sale,1,4.53,59,3.18,JPY,0.150885,98.0,1073.07,141.04,43228.79,Launch,52.4,47.6,Summer,Rockstar Sale,Action-Adventure,Gen9
GTA5-110301,2022,8,3,Jordan,JOR,Asia,PS5,Standard Edition,Digital,Rockstar Games Launcher,238,2241.96,9.42,52.9,67.1,32.9,75,163,14436,834,10234,4202,10234,8114.55,19011.99,18.3,59.2,0,Rockstar Sale,1,4.58,6,3.75,JOD,0.0000007053,98.0,0.77,7.22,5547.94,Launch,41.3,58.7,Summer,Rockstar Sale,Action-Adventure,Gen9
GTA5-110333,2022,8,3,Kazakhstan,KAZ,Asia,Xbox Series X|S,Standard Edition,Digital,Epic Games Store,328,3873.68,11.81,40.9,62.4,37.6,121,207,15109,848,9416,5693,9416,6765.56,14478.64,16.3,38.4,0,Rockstar Sale,1,4.65,7,0.1,KZT,4.439572,98.0,8.77,18.88,16125.06,Launch,44.0,56.0,Summer,Rockstar Sale,Action-Adventure,Gen9
GTA5-110328,2022,8,3,Luxembourg,LUX,Europe,PS5,Standard Edition,Digital,PlayStation Store,200,2118,10.59,47,63.5,36.5,71,129,11582,889,7614,3968,7614,5351.08,14750.45,14.2,31.1,0,Rockstar Sale,1,4.68,3,2.95,EUR,0.0000009073,98.0,1.6,0.61,117285.13,Launch,51.8,48.2,Summer,Rockstar Sale,Action-Adventure,Gen9
GTA5-110322,2022,8,3,Malaysia,MYS,Asia,PS5,Standard Edition,Digital,Steam,1125,16908.75,15.03,24.8,60.5,39.5,360,765,40638,2212,27889,12749,27889,18197.08,50761.43,18.7,47.3,0,Rockstar Sale,1,4.58,15,4.08,MYR,0.045942,98.0,29.67,33.32,13912.58,Launch,54.8,45.2,Summer,Rockstar Sale,Action-Adventure,Gen9
GTA5-110361,2022,8,3,Mexico,MEX,North America,Xbox Series X|S,Standard Edition,Digital,Microsoft Store,982,8386.28,8.54,57.3,61.6,38.4,345,637,31472,2565,20159,11313,20159,14263.13,49461.82,16.0,32.2,0,Rockstar Sale,1,4.64,22,1.83,MXN,0.188418,98.0,133.46,135.49,13992.01,Launch,45.5,54.5,Summer,Rockstar Sale,Action-Adventure,Gen9
GTA5-110355,2022,8,3,Myanmar,MMR,Asia,Xbox Series X|S,Standard Edition,Digital,Rockstar Games Launcher,100,1417,14.17,29.1,65.9,34.1,35,65,4235,306,2546,1689,2546,1073.13,3871.71,12.8,33.3,0,Rockstar Sale,1,4.66,3,3.53,MMK,20.784824,98.0,1.17,58.86,2072.06,Launch,44.1,55.9,Summer,Rockstar Sale,Action-Adventure,Gen9
GTA5-110352,2022,8,3,Nigeria,NGA,Africa,Xbox Series X|S,Standard Edition,Digital,Microsoft Store,464,5851.04,12.61,36.9,63.9,36.1,159,305,19401,1543,11158,8243,11158,8973.64,24504.55,12.7,44.4,0,Rockstar Sale,1,4.51,13,3.49,NGN,9.055242,98.0,36.07,193.23,4166.68,Launch,46.5,53.5,Summer,Rockstar Sale,Action-Adventure,Gen9
GTA5-110289,2022,8,3,Norway,NOR,Europe,Xbox Series X|S,Premium Edition,Digital,Rockstar Games Launcher,840,8542.8,10.17,49.1,61.6,38.4,331,509,34262,2940,19006,15256,19006,16235.82,40294.6,15.1,48.1,0,Rockstar Sale,1,4.41,7,3.15,NOK,0.104335,98.0,34.07,5.66,104507.92,Launch,47.4,52.6,Summer,Rockstar Sale,Action-Adventure,Gen9
GTA5-110303,2022,8,3,Pakistan,PAK,Asia,Xbox Series X|S,Standard Edition,Digital,Rockstar Games Launcher,410,4259.9,10.39,48,61.6,38.4,155,255,16313,1290,9103,7210,9103,6230.75,22164.98,13.1,42.7,0,Rockstar Sale,1,4.35,6,1.34,PKR,2.831167,98.0,14.1,202.12,2180.32,Launch,45.5,54.5,Summer,Rockstar Sale,Action-Adventure,Gen9
GTA5-110366,2022,8,3,Peru,PER,South America,PS5,Standard Edition,Digital,Epic Games Store,303,2805.78,9.26,53.7,67,33,113,190,11077,845,8215,2862,8215,6753.35,16934.08,14.7,42.5,0,Rockstar Sale,1,4.55,7,2.51,PEN,0.037128,98.0,5.74,33.32,8980.04,Launch,36.9,63.1,Summer,Rockstar Sale,Action-Adventure,Gen9
GTA5-110312,2022,8,3,Qatar,QAT,Asia,PS5,Standard Edition,Digital,Microsoft Store,347,4549.17,13.11,34.4,65.4,34.6,113,234,26500,2245,19856,6644,19856,7683.33,27589.58,18.0,56.9,0,Rockstar Sale,1,4.57,7,4.39,QAR,0.036542,98.0,9.02,2.44,96313.38,Launch,39.3,60.7,Summer,Rockstar Sale,Action-Adventure,Gen9
GTA5-110340,2022,8,3,Russia,RUS,Europe,PS5,Criminal Enterprise Starter Pack,Digital,PlayStation Store,1147,10277.12,8.96,55.2,65.9,34.1,367,780,62456,3596,36617,25839,36617,28804.7,64926.22,16.3,42.1,0,Rockstar Sale,1,4.69,22,5.72,RUB,0.907493,98.0,266.13,159.92,17334.82,Launch,48.6,51.4,Summer,Rockstar Sale,Action-Adventure,Gen9
GTA5-110313,2022,8,3,Saudi Arabia,SAU,Asia,PS5,Standard Edition,Digital,Microsoft Store,1126,13545.78,12.03,39.8,62.6,37.4,435,691,38697,3320,23191,15506,23191,16053.75,33921.31,16.3,54.3,0,Rockstar Sale,1,4.59,18,3.83,SAR,0.038028,98.0,69.0,33.32,26964.1,Launch,41.6,58.4,Summer,Rockstar Sale,Action-Adventure,Gen9
GTA5-110345,2022,8,3,Slovakia,SVK,Europe,PS5,Standard Edition,Digital,Rockstar Games Launcher,274,3586.66,13.09,34.5,61.5,38.5,103,171,18075,1056,12591,5484,12591,6957.62,18326.38,17.0,43.9,0,Rockstar Sale,1,4.74,8,3.17,EUR,0.0000008913,98.0,3.39,6.0,22100.65,Launch,42.5,57.5,Summer,Rockstar Sale,Action-Adventure,Gen9
GTA5-110307,2022,8,3,South Africa,ZAF,Africa,PS5,Standard Edition,Digital,PlayStation Store,737,9721.03,13.19,34,68.4,31.6,256,481,46007,2422,27308,18699,27308,19766.97,46745.62,16.2,40.1,0,Rockstar Sale,1,4.61,22,5.14,ZAR,0.189656,98.0,30.2,58.86,8909.14,Launch,49.3,50.7,Summer,Rockstar Sale,Action-Adventure,Gen9
GTA5-110292,2022,8,3,Switzerland,CHE,Europe,Xbox Series X|S,Legacy Edition,Digital,Epic Games Store,514,6070.34,11.81,40.9,69.3,30.7,159,355,25097,1346,15245,9852,15245,11081.59,28779.46,13.0,34.5,0,Rockstar Sale,1,4.57,8,2.5,CHF,0.0000008838,98.0,52.44,9.0,91037.3,Launch,41.3,58.7,Summer,Rockstar Sale,Action-Adventure,Gen9
GTA5-110316,2022,8,3,Taiwan,TWN,Asia,PS5,Standard Edition,Digital,Microsoft Store,1755,17953.65,10.23,48.8,65,35,621,1134,62471,5210,41923,20548,41923,17437.06,57672.17,17.0,52.5,0,Rockstar Sale,1,4.5,52,2.71,TWD,0.315853,98.0,57.64,25.54,25189.98,Launch,54.6,45.4,Summer,Rockstar Sale,Action-Adventure,Gen9
GTA5-110293,2022,8,3,Tunisia,TUN,Africa,PS5,Standard Edition,Digital,PlayStation Store,250,2465,9.86,50.7,61.3,38.7,82,168,10726,907,6245,4481,6245,3841.29,9390.13,12.5,38.3,0,Rockstar Sale,1,4.58,4,3.64,TND,0.003088,98.0,1.02,12.22,5199.6,Launch,45.9,54.1,Summer,Rockstar Sale,Action-Adventure,Gen9
GTA5-110327,2022,8,3,United Arab Emirates,ARE,Asia,PS5,Standard Edition,Digital,Steam,812,6382.32,7.86,60.7,66.4,33.6,251,561,43683,3056,25254,18429,25254,20481.21,53369.65,14.5,46.6,0,Rockstar Sale,1,4.54,15,5.42,AED,0.003695,98.0,33.05,10.22,45940.5,Launch,50.7,49.3,Summer,Rockstar Sale,Action-Adventure,Gen9
GTA5-110359,2022,8,3,United States,USA,North America,Xbox Series X|S,Criminal Enterprise Starter Pack,Digital,Epic Games Store,3648,53662.08,14.71,26.4,67.2,32.8,1239,2409,187923,11881,119657,68266,119657,95229.85,299188.81,16.6,34.4,0,Rockstar Sale,1,4.5,48,3.38,USD,0.010202,98.0,7001.66,350.93,62349.18,Launch,40.0,60.0,Summer,Rockstar Sale,Action-Adventure,Gen9
GTA5-110367,2022,8,3,Uruguay,URY,South America,Xbox Series X|S,Criminal Enterprise Starter Pack,Digital,Steam,142,1368.88,9.64,51.8,62.4,37.6,53,89,4334,366,3050,1284,3050,1697.36,3698.72,16.4,38.2,0,Rockstar Sale,1,4.68,3,5.88,UYU,0.396822,98.0,0.71,3.78,19525.06,Launch,34.3,65.7,Summer,Rockstar Sale,Action-Adventure,Gen9
GTA5-110428,2022,9,3,Austria,AUT,Europe,PS5,Premium Edition,Digital,PlayStation Store,937,8789.06,9.38,53.1,64.8,35.2,312,625,37713,2390,27347,10366,27347,16081.17,41210.38,15.2,44.0,0,Xbox Sale,1,4.47,27,4.39,EUR,0.000000893,98.0,26.89,9.45,52312.66,Launch,41.6,58.4,Autumn,Xbox Sale,Action-Adventure,Gen9
GTA5-110433,2022,9,3,Azerbaijan,AZE,Asia,PS5,Standard Edition,Digital,Rockstar Games Launcher,216,3540.24,16.39,18,64,36,80,136,12847,1078,7408,5439,7408,3182.98,10501.29,14.6,41.7,0,Xbox Sale,1,4.55,3,1.84,AZN,0.017053,98.0,1.87,10.56,9235.31,Launch,41.8,58.2,Autumn,Xbox Sale,Action-Adventure,Gen9
GTA5-110400,2022,9,3,Bahrain,BHR,Asia,PS5,Standard Edition,Digital,Rockstar Games Launcher,373,4121.65,11.05,44.7,70.5,29.5,139,234,13507,811,8730,4777,8730,5478.08,14245.31,13.8,35.0,0,Xbox Sale,1,4.45,5,3.22,BHD,0.0000003779,98.0,0.86,1.45,26531.55,Launch,45.0,55.0,Autumn,Xbox Sale,Action-Adventure,Gen9
GTA5-110438,2022,9,3,Bangladesh,BGD,Asia,PS5,Legacy Edition,Digital,Microsoft Store,424,5202.48,12.27,38.6,65.6,34.4,134,290,16313,1216,10106,6207,10106,8622.16,21937.57,13.3,42.9,0,Xbox Sale,1,4.42,9,4.67,BDT,0.109991,98.0,9.75,174.51,2182.52,Launch,37.5,62.5,Autumn,Xbox Sale,Action-Adventure,Gen9
GTA5-110432,2022,9,3,Belgium,BEL,Europe,PS5,Standard Edition,Digital,Epic Games Store,887,7858.82,8.86,55.7,65.5,34.5,284,603,52020,4648,34606,17414,34606,21477.2,69696.36,18.0,44.5,0,Xbox Sale,1,4.58,23,4.84,EUR,0.0000008906,98.0,36.89,12.23,49616.42,Launch,42.6,57.4,Autumn,Xbox Sale,Action-Adventure,Gen9
GTA5-110403,2022,9,3,China,CHN,Asia,Xbox Series X|S,Premium Edition,Digital,Rockstar Games Launcher,2834,22388.6,7.9,60.5,61.9,38.1,1021,1813,81976,5482,59555,22421,59555,25296.93,84421.42,17.9,56.3,0,Xbox Sale,1,4.39,41,3.26,CNY,0.071044,98.0,4244.13,1540.6,13244.49,Launch,42.2,57.8,Autumn,Xbox Sale,Action-Adventure,Gen9
GTA5-110463,2022,9,3,Colombia,COL,South America,PS5,Premium Edition,Digital,Microsoft Store,397,4132.77,10.41,47.9,60.2,39.8,133,264,21940,1824,15508,6432,15508,8754.46,24829.46,16.5,41.6,0,Xbox Sale,1,4.57,9,0.1,COP,39.717705,98.0,15.66,52.24,10408.45,Launch,53.5,46.5,Autumn,Xbox Sale,Action-Adventure,Gen9
GTA5-110449,2022,9,3,Cyprus,CYP,Europe,Xbox Series X|S,Standard Edition,Digital,Microsoft Store,269,3252.21,12.09,39.5,65.3,34.7,99,170,6839,406,4955,1884,4955,2647.59,6470.38,18.9,62.0,0,Xbox Sale,1,4.62,6,5.93,EUR,0.0000009057,98.0,0.46,0.96,29992.1,Launch,50.3,49.7,Autumn,Xbox Sale,Action-Adventure,Gen9
GTA5-110422,2022,9,3,Egypt,EGY,Africa,PS5,Standard Edition,Digital,Rockstar Games Launcher,721,10851.05,15.05,24.7,64,36,241,480,23659,2056,15498,8161,15498,5021.12,18125.52,13.4,29.9,0,Xbox Sale,1,4.56,15,1.4,EGP,0.305642,98.0,18.9,101.15,4492.12,Launch,38.3,61.7,Autumn,Xbox Sale,Action-Adventure,Gen9
GTA5-110417,2022,9,3,Estonia,EST,Europe,Xbox Series X|S,Standard Edition,Digital,PlayStation Store,330,3573.9,10.83,45.8,62.1,37.9,104,226,16684,1179,10246,6438,10246,7452.65,16608.5,14.5,40.7,0,Xbox Sale,1,4.76,8,2.74,EUR,0.0000008885,98.0,0.85,1.45,22800.42,Launch,42.0,58.0,Autumn,Xbox Sale,Action-Adventure,Gen9
GTA5-110439,2022,9,3,Georgia,GEO,Asia,Xbox Series X|S,Standard Edition,Digital,Rockstar Games Launcher,206,2160.94,10.49,47.5,63.3,36.7,67,139,8610,629,6220,2390,6220,3761.36,13626.05,13.6,33.0,0,Xbox Sale,1,4.58,5,3.03,GEL,0.026606,98.0,0.41,4.11,6293.39,Launch,50.5,49.5,Autumn,Xbox Sale,Action-Adventure,Gen9
GTA5-110406,2022,9,3,Iceland,ISL,Europe,PS5,Standard Edition,Digital,Rockstar Games Launcher,254,3446.78,13.57,32.1,65.3,34.7,83,171,11791,1014,7587,4204,7587,8774.47,19136.76,14.3,44.5,0,Xbox Sale,1,4.48,3,2.74,ISK,1.382184,98.0,0.41,0.37,57477.4,Launch,40.0,60.0,Autumn,Xbox Sale,Action-Adventure,Gen9
GTA5-110418,2022,9,3,India,IND,Asia,PS5,Standard Edition,Digital,Steam,1391,11183.64,8.04,59.8,69.3,30.7,437,954,59336,3715,34551,24785,34551,22830.14,64282.62,17.3,68.2,0,Xbox Sale,1,4.61,40,4.16,INR,0.831719,98.0,430.94,1391.66,2764.8,Launch,49.5,50.5,Autumn,Xbox Sale,Action-Adventure,Gen9
GTA5-110442,2022,9,3,Indonesia,IDN,Asia,PS5,Legacy Edition,Digital,PlayStation Store,1101,9314.46,8.46,57.7,61.3,38.7,381,720,43138,2768,25961,17177,25961,18100.2,61117.05,16.2,54.7,0,Xbox Sale,1,4.69,25,4.09,IDR,156.059104,98.0,107.8,277.89,5510.13,Launch,48.7,51.3,Autumn,Xbox Sale,Action-Adventure,Gen9
GTA5-110427,2022,9,3,Israel,ISR,Asia,PS5,Criminal Enterprise Starter Pack,Digital,Rockstar Games Launcher,977,10698.15,10.95,45.2,62.2,37.8,315,662,40395,2493,23343,17052,23343,15488.93,32356.71,12.5,49.3,0,Xbox Sale,1,4.67,19,4.39,ILS,0.036683,98.0,20.78,9.0,40078.96,Launch,48.3,51.7,Autumn,Xbox Sale,Action-Adventure,Gen9
GTA5-110398,2022,9,3,Kenya,KEN,Africa,Xbox Series X|S,Legacy Edition,Digital,Rockstar Games Launcher,240,2131.2,8.88,55.6,67.1,32.9,92,148,13041,759,9736,3305,9736,4278.17,15249.27,15.5,29.1,0,Xbox Sale,1,4.6,7,4.15,KES,1.280182,98.0,2.96,48.91,2364.84,Launch,45.0,55.0,Autumn,Xbox Sale,Action-Adventure,Gen9
GTA5-110404,2022,9,3,Myanmar,MMR,Asia,Xbox Series X|S,Standard Edition,Digital,PlayStation Store,91,1065.61,11.71,41.4,63.7,36.3,32,59,5345,293,3610,1735,3610,2680.64,6194.24,13.1,37.3,0,Xbox Sale,1,4.59,3,3.53,MMK,20.845426,98.0,1.17,58.91,2061.28,Launch,43.2,56.8,Autumn,Xbox Sale,Action-Adventure,Gen9
GTA5-110434,2022,9,3,New Zealand,NZL,Oceania,Xbox Series X|S,Standard Edition,Digital,Epic Games Store,643,6616.47,10.29,48.5,65.3,34.7,232,411,28665,1932,15780,12885,15780,14979.02,32714.86,14.5,34.8,0,Xbox Sale,1,4.77,5,1.57,NZD,0.016361,98.0,12.92,4.89,45857.54,Launch,40.7,59.3,Autumn,Xbox Sale,Action-Adventure,Gen9
GTA5-110430,2022,9,3,Oman,OMN,Asia,Xbox Series X|S,Legacy Edition,Digital,Microsoft Store,287,2890.09,10.07,49.6,64.4,35.6,90,197,11914,778,8689,3225,8689,7743.04,21574.19,15.9,42.6,0,Xbox Sale,1,4.47,7,4.24,OMR,0.0000003853,98.0,2.21,4.45,22186.79,Launch,51.7,48.3,Autumn,Xbox Sale,Action-Adventure,Gen9
GTA5-110441,2022,9,3,Pakistan,PAK,Asia,Xbox Series X|S,Standard Edition,Digital,PlayStation Store,344,3787.44,11.01,44.9,65,35,127,217,19703,1158,13713,5990,13713,8379.53,19391.59,15.6,42.6,0,Xbox Sale,1,4.71,5,0.97,PKR,2.806861,98.0,14.03,202.3,2167.98,Launch,46.3,53.7,Autumn,Xbox Sale,Action-Adventure,Gen9
GTA5-110416,2022,9,3,Philippines,PHL,Asia,Xbox Series X|S,Legacy Edition,Digital,Rockstar Games Launcher,754,10940.54,14.51,27.4,64,36,250,504,27935,1841,17111,10824,17111,13494.45,28611.93,15.7,52.8,0,Xbox Sale,1,4.49,7,5.55,PHP,0.560146,98.0,26.4,108.93,4207.41,Launch,43.9,56.1,Autumn,Xbox Sale,Action-Adventure,Gen9
GTA5-110412,2022,9,3,Portugal,PRT,Europe,PS5,Legacy Edition,Digital,Rockstar Games Launcher,609,5614.98,9.22,53.9,66,34,218,391,19527,1372,11682,7845,11682,5740.9,15090.35,15.6,58.5,0,Xbox Sale,1,4.4,17,4.94,EUR,0.0000008985,98.0,12.53,11.12,25148.7,Launch,45.5,54.5,Autumn,Xbox Sale,Action-Adventure,Gen9
GTA5-110436,2022,9,3,Qatar,QAT,Asia,Xbox Series X|S,Premium Edition,Digital,Epic Games Store,495,6113.25,12.35,38.2,64.4,35.6,173,322,20390,1274,12350,8040,12350,5831.62,22712.84,13.9,38.0,0,Xbox Sale,1,4.42,10,3.32,QAR,0.036615,98.0,9.06,2.45,96266.06,Launch,47.0,53.0,Autumn,Xbox Sale,Action-Adventure,Gen9
GTA5-110414,2022,9,3,Russia,RUS,Europe,PS5,Standard Edition,Digital,Epic Games Store,1268,13199.88,10.41,47.9,63.2,36.8,496,772,56437,4206,34253,22184,34253,32028.45,76941.33,14.4,46.0,0,Xbox Sale,1,4.71,16,3.57,RUB,0.090584,98.0,272.07,160.06,17706.1,Launch,45.0,55.0,Autumn,Xbox Sale,Action-Adventure,Gen9
GTA5-110408,2022,9,3,Saudi Arabia,SAU,Asia,PS5,Standard Edition,Digital,Rockstar Games Launcher,935,7480,8,60,68.3,31.7,286,649,56413,3134,37550,18863,37550,25926.97,67171.86,14.9,30.4,0,Xbox Sale,1,4.51,7,5.5,SAR,0.037326,98.0,70.52,33.35,27534.14,Launch,38.9,61.1,Autumn,Xbox Sale,Action-Adventure,Gen9
GTA5-110420,2022,9,3,Serbia,SRB,Europe,PS5,Standard Edition,Digital,PlayStation Store,455,4085.9,8.98,55.1,64.2,35.8,152,303,19431,1302,11083,8348,11083,13581.5,28038.7,14.0,43.5,0,Xbox Sale,1,4.71,9,5.44,RSD,1.065359,98.0,1.77,8.0,7676.95,Launch,46.4,53.6,Autumn,Xbox Sale,Action-Adventure,Gen9
GTA5-110456,2022,9,3,Slovakia,SVK,Europe,Xbox Series X|S,Legacy Edition,Digital,Epic Games Store,350,3937.5,11.25,43.7,64.5,35.5,134,216,15922,1118,10095,5827,10095,7898.53,18626.68,13.7,36.0,0,Xbox Sale,1,4.7,6,2.41,EUR,0.0000009047,98.0,3.39,6.0,22089.7,Launch,57.4,42.6,Autumn,Xbox Sale,Action-Adventure,Gen9
GTA5-110409,2022,9,3,Taiwan,TWN,Asia,Xbox Series X|S,Standard Edition,Digital,PlayStation Store,1458,14827.86,10.17,49.1,70.5,29.5,486,972,47551,3445,26580,20971,26580,7519.43,26451.6,13.7,51.4,0,Xbox Sale,1,4.44,13,4.8,TWD,0.313682,98.0,58.03,25.57,25330.31,Launch,50.7,49.3,Autumn,Xbox Sale,Action-Adventure,Gen9
GTA5-110392,2022,9,3,Tunisia,TUN,Africa,Xbox Series X|S,Standard Edition,Digital,Microsoft Store,252,2071.44,8.22,58.9,60.2,39.8,87,165,5647,285,4028,1619,4028,3560.43,9464.64,13.1,44.6,0,Xbox Sale,1,4.81,4,5.54,TND,0.030982,98.0,1.03,12.23,5286.33,Launch,44.9,55.1,Autumn,Xbox Sale,Action-Adventure,Gen9
GTA5-110450,2022,9,3,United Arab Emirates,ARE,Asia,PS5,Premium Edition,Digital,Rockstar Games Launcher,970,9312,9.6,52,69.2,30.8,307,663,47503,3891,29403,18100,29403,35626.83,71980.39,19.5,52.4,0,Xbox Sale,1,4.52,25,3.74,AED,0.036457,98.0,33.08,10.23,45935.36,Launch,44.4,55.6,Autumn,Xbox Sale,Action-Adventure,Gen9
GTA5-110379,2022,9,3,United Kingdom,GBR,Europe,Xbox Series X|S,Standard Edition,Digital,Steam,1959,19727.13,10.07,49.6,65.4,34.6,740,1219,89773,7721,62094,27679,62094,29313.78,75762.11,16.8,59.5,0,Xbox Sale,1,4.38,56,3.08,GBP,0.0000007997,98.0,599.63,71.14,47891.28,Launch,48.5,51.5,Autumn,Xbox Sale,Action-Adventure,Gen9
GTA5-110421,2022,9,3,Vietnam,VNM,Asia,Xbox Series X|S,Standard Edition,Digital,PlayStation Store,698,7294.1,10.45,47.7,63.1,36.9,272,426,26069,1599,18176,7893,18176,18955.95,45293.11,15.1,37.7,0,Xbox Sale,1,4.53,20,1.97,VND,24.584748,98.0,19.6,100.04,3602.4,Launch,33.2,66.8,Autumn,Xbox Sale,Action-Adventure,Gen9
GTA5-110541,2022,10,4,Azerbaijan,AZE,Asia,Xbox Series X|S,Premium Edition,Digital,Rockstar Games Launcher,146,2387.1,16.35,18.2,66.6,33.4,51,95,9810,559,6365,3445,6365,4376.97,14470.4,16.6,48.0,0,None,0,4.56,3,3.54,AZN,0.016811,98.0,1.85,10.57,9108.8,Launch,43.3,56.7,Autumn,None,Action-Adventure,Gen9
GTA5-110490,2022,10,4,Bangladesh,BGD,Asia,PS5,Premium Edition,Digital,Steam,283,5045.89,17.83,10.8,60.5,39.5,98,185,16792,933,11007,5785,11007,7635.91,17072.69,15.6,35.2,0,None,0,4.76,3,0.84,BDT,1.099021,98.0,9.78,174.67,2186.59,Launch,40.2,59.8,Autumn,None,Action-Adventure,Gen9
GTA5-110470,2022,10,4,Brazil,BRA,South America,Xbox Series X|S,Legacy Edition,Digital,Epic Games Store,619,11247.23,18.17,9.1,67.6,32.4,215,404,35297,1922,24263,11034,24263,6380.71,23620.08,15.1,34.8,0,None,0,4.58,13,4.13,BRL,0.050853,98.0,279.89,223.62,13969.31,Launch,45.0,55.0,Autumn,None,Action-Adventure,Gen9
GTA5-110531,2022,10,4,Cambodia,KHM,Asia,Xbox Series X|S,Premium Edition,Digital,PlayStation Store,56,1037.68,18.53,7.3,68.5,31.5,20,36,2706,240,1579,1127,1579,879.75,2390.35,13.9,42.8,0,None,0,4.65,3,3.26,KHR,40.280413,98.0,0.21,16.69,1970.28,Launch,47.0,53.0,Autumn,None,Action-Adventure,Gen9
GTA5-110468,2022,10,4,Canada,CAN,North America,PS5,Standard Edition,Digital,Steam,1006,16327.38,16.23,18.8,67.4,32.6,378,628,48735,4074,31113,17622,31113,14865.4,53086.38,16.7,52.6,0,None,0,4.56,12,2.81,CAD,0.013032,98.0,219.28,38.94,58657.98,Launch,47.0,53.0,Autumn,None,Action-Adventure,Gen9
GTA5-110473,2022,10,4,Colombia,COL,South America,Xbox Series X|S,Standard Edition,Digital,Epic Games Store,227,4283.49,18.87,5.6,68.3,31.7,76,151,13892,866,9503,4389,9503,4218.61,11186.55,14.3,56.9,0,None,0,4.4,5,4.87,COP,40.229723,98.0,15.69,52.29,10416.12,Launch,49.2,50.8,Autumn,None,Action-Adventure,Gen9
GTA5-110476,2022,10,4,Ecuador,ECU,South America,PS5,Premium Edition,Digital,PlayStation Store,59,1067.31,18.09,9.5,70.2,29.8,18,41,4338,283,2409,1929,2409,1347.85,4157.04,11.7,44.8,0,None,0,4.47,3,1.89,USD,0.010019,98.0,1.31,17.8,7684.85,Launch,40.9,59.1,Autumn,None,Action-Adventure,Gen9
GTA5-110527,2022,10,4,Egypt,EGY,Africa,PS5,Standard Edition,Digital,Rockstar Games Launcher,316,6152.52,19.47,2.6,64.2,35.8,108,208,28661,1824,16887,11774,16887,6331.8,15850.36,13.0,50.6,0,None,0,4.71,6,3.3,EGP,0.311206,98.0,18.59,101.24,4414.91,Launch,37.7,62.3,Autumn,None,Action-Adventure,Gen9
GTA5-110534,2022,10,4,Estonia,EST,Europe,Xbox Series X|S,Standard Edition,Digital,PlayStation Store,151,2795.01,18.51,7.4,64.5,35.5,46,105,10864,870,7956,2908,7956,4666.6,13404.35,13.1,50.9,0,None,0,4.57,4,4.32,EUR,0.0000009005,98.0,0.86,1.45,23301.4,Launch,44.1,55.9,Autumn,None,Action-Adventure,Gen9
GTA5-110487,2022,10,4,Finland,FIN,Europe,PS5,Legacy Edition,Digital,Epic Games Store,450,8995.5,19.99,0,64.1,35.9,152,298,35136,2408,21888,13248,21888,18834.74,39182.47,18.0,59.8,0,None,0,4.57,8,4.9,EUR,0.0000009063,98.0,16.4,6.01,53302.41,Launch,41.6,58.4,Autumn,None,Action-Adventure,Gen9
GTA5-110479,2022,10,4,France,FRA,Europe,Xbox Series X|S,Standard Edition,Digital,PlayStation Store,988,17497.48,17.71,11.4,65.3,34.7,334,654,85159,5187,60622,24537,60622,23858.44,94120.74,16.4,41.8,0,None,0,4.4,29,4.95,EUR,0.0000009021,98.0,544.57,73.43,48282.79,Launch,54.2,45.8,Autumn,None,Action-Adventure,Gen9
GTA5-110478,2022,10,4,Germany,DEU,Europe,PS5,Standard Edition,Digital,Steam,2088,32969.52,15.79,21,68.7,31.3,706,1382,100802,8746,62905,37897,62905,45120.25,108513.37,18.0,51.5,0,None,0,4.47,30,3.07,EUR,0.0000008965,98.0,911.34,90.12,52669.45,Launch,42.6,57.4,Autumn,None,Action-Adventure,Gen9
GTA5-110524,2022,10,4,Ghana,GHA,Africa,Xbox Series X|S,Premium Edition,Digital,Steam,160,2673.6,16.71,16.4,63.5,36.5,50,110,8963,529,4932,4031,4932,5255.8,10982.45,14.0,41.8,0,None,0,4.54,3,3.0,GHS,0.121398,98.0,1.59,28.93,2856.09,Launch,37.1,62.9,Autumn,None,Action-Adventure,Gen9
GTA5-110513,2022,10,4,Indonesia,IDN,Asia,PS5,Standard Edition,Digital,Microsoft Store,612,10936.44,17.87,10.6,67.3,32.7,192,420,36346,2550,22890,13456,22890,12667.21,46553.78,12.9,50.3,0,None,0,4.69,16,2.69,IDR,155.636638,98.0,108.72,278.14,5552.16,Launch,44.0,56.0,Autumn,None,Action-Adventure,Gen9
GTA5-110492,2022,10,4,Iraq,IRQ,Asia,Xbox Series X|S,Premium Edition,Digital,Epic Games Store,137,2445.45,17.85,10.7,60.2,39.8,53,84,10008,900,7118,2890,7118,1684.42,6726.56,16.1,48.2,0,None,0,4.25,3,0.95,IQD,13.176752,98.0,5.33,37.83,7334.6,Launch,45.6,54.4,Autumn,None,Action-Adventure,Gen9
GTA5-110507,2022,10,4,Israel,ISR,Asia,PS5,Standard Edition,Digital,Microsoft Store,395,7422.05,18.79,6,71.2,28.8,135,260,41050,2799,25670,15380,25670,19551.75,46805.26,16.6,47.6,0,None,0,4.42,3,2.8,ILS,0.036806,98.0,21.26,9.01,40974.5,Launch,57.1,42.9,Autumn,None,Action-Adventure,Gen9
GTA5-110493,2022,10,4,Japan,JPN,Asia,PS5,Standard Edition,Digital,Epic Games Store,1569,26876.97,17.13,14.3,65.5,34.5,556,1013,129848,10513,75654,54194,75654,56362.35,159073.33,17.7,55.8,0,None,0,4.49,19,1.66,JPY,1.492388,98.0,1091.14,141.3,43875.82,Launch,50.6,49.4,Autumn,None,Action-Adventure,Gen9
GTA5-110497,2022,10,4,Kazakhstan,KAZ,Asia,PS5,Standard Edition,Digital,Rockstar Games Launcher,217,4133.85,19.05,4.7,64.5,35.5,76,141,17776,1576,11951,5825,11951,8378.92,20431.54,18.6,54.3,0,None,0,4.51,3,3.01,KZT,4.522784,98.0,8.85,18.91,16259.02,Launch,45.1,54.9,Autumn,None,Action-Adventure,Gen9
GTA5-110489,2022,10,4,Latvia,LVA,Europe,Xbox Series X|S,Standard Edition,Digital,PlayStation Store,121,2251.81,18.61,6.9,64.1,35.9,43,78,10880,745,6274,4606,6274,4302.83,13970.87,12.9,41.1,0,None,0,4.52,3,2.98,EUR,0.0000008984,98.0,0.96,2.23,19271.63,Launch,49.6,50.4,Autumn,None,Action-Adventure,Gen9
GTA5-110539,2022,10,4,New Zealand,NZL,Oceania,Xbox Series X|S,Standard Edition,Digital,Steam,581,10928.61,18.81,5.9,67.2,32.8,198,383,28464,2193,19187,9277,19187,12746.24,29543.48,15.0,57.9,0,None,0,4.68,10,2.04,NZD,0.016273,98.0,13.14,4.9,46573.32,Launch,53.8,46.2,Autumn,None,Action-Adventure,Gen9
GTA5-110529,2022,10,4,Oman,OMN,Asia,PS5,Standard Edition,Digital,Microsoft Store,169,3236.35,19.15,4.2,66.3,33.7,65,104,14955,947,9390,5565,9390,3218.09,11058.86,13.1,55.1,0,None,0,4.36,3,3.38,OMR,0.0000003911,98.0,2.2,4.45,22107.13,Launch,50.8,49.2,Autumn,None,Action-Adventure,Gen9
GTA5-110474,2022,10,4,Peru,PER,South America,Xbox Series X|S,Legacy Edition,Digital,PlayStation Store,161,2883.51,17.91,10.4,66.1,33.9,55,106,9740,838,7190,2550,7190,7019.84,15190.96,16.1,31.0,0,None,0,4.86,3,4.5,PEN,0.037235,98.0,5.78,33.38,9015.7,Launch,45.9,54.1,Autumn,None,Action-Adventure,Gen9
GTA5-110528,2022,10,4,Philippines,PHL,Asia,Xbox Series X|S,Standard Edition,Digital,Rockstar Games Launcher,315,6265.35,19.89,0.5,64.6,35.4,117,198,25763,2078,17543,8220,17543,4654.52,17964.64,18.1,59.8,0,None,0,4.62,7,3.53,PHP,0.551057,98.0,26.75,109.03,4259.66,Launch,36.4,63.6,Autumn,None,Action-Adventure,Gen9
GTA5-110533,2022,10,4,Qatar,QAT,Asia,PS5,Standard Edition,Digital,Rockstar Games Launcher,323,6217.75,19.25,3.7,65.8,34.2,114,209,14091,1046,8893,5198,8893,4684.36,10688.49,14.9,43.4,0,None,0,4.7,4,3.05,QAR,0.003614,98.0,9.02,2.45,95829.95,Launch,50.8,49.2,Autumn,None,Action-Adventure,Gen9
GTA5-110540,2022,10,4,Slovakia,SVK,Europe,Xbox Series X|S,Criminal Enterprise Starter Pack,Digital,PlayStation Store,195,3496.35,17.93,10.3,64,36,60,135,12580,1099,7144,5436,7144,3619.67,10405.43,13.9,42.6,0,None,0,4.61,3,3.26,EUR,0.0000009116,98.0,3.4,6.01,22099.25,Launch,49.4,50.6,Autumn,None,Action-Adventure,Gen9
GTA5-110525,2022,10,4,Slovenia,SVN,Europe,Xbox Series X|S,Standard Edition,Digital,PlayStation Store,229,4577.71,19.99,0,60.9,39.1,88,141,13132,864,8428,4704,8428,3361.46,10404.49,16.2,54.1,0,None,0,4.27,3,3.97,EUR,0.0000008975,98.0,1.85,2.34,27467.34,Launch,50.6,49.4,Autumn,None,Action-Adventure,Gen9
GTA5-110519,2022,10,4,South Africa,ZAF,Africa,PS5,Standard Edition,Digital,Steam,408,7454.16,18.27,8.6,64.1,35.9,128,280,34870,3047,21308,13562,21308,15630.99,40111.89,14.0,29.7,0,None,0,4.53,3,4.39,ZAR,0.188585,98.0,30.38,58.97,8944.36,Launch,46.5,53.5,Autumn,None,Action-Adventure,Gen9
GTA5-110484,2022,10,4,Sweden,SWE,Europe,PS5,Standard Edition,Digital,Rockstar Games Launcher,704,13045.12,18.53,7.3,59.4,40.6,263,441,41248,2532,30176,11072,30176,13261.09,40775.0,19.1,57.7,0,None,0,4.46,15,1.1,SEK,0.105134,98.0,49.52,10.68,65866.7,Launch,46.9,53.1,Autumn,None,Action-Adventure,Gen9
GTA5-110551,2022,10,4,Taiwan,TWN,Asia,Xbox Series X|S,Standard Edition,Digital,Steam,800,13864,17.33,13.3,65.7,34.3,249,551,34711,2300,23395,11316,23395,13682.39,39309.82,16.6,54.7,0,None,0,4.49,18,5.31,TWD,0.318631,98.0,57.51,25.59,25080.46,Launch,49.5,50.5,Autumn,None,Action-Adventure,Gen9
GTA5-110546,2022,10,4,Thailand,THA,Asia,Xbox Series X|S,Standard Edition,Digital,PlayStation Store,419,7638.37,18.23,8.8,63.6,36.4,149,270,27298,1565,18781,8517,18781,5936.43,21713.12,15.2,52.1,0,None,0,4.7,6,1.64,THB,0.352783,98.0,38.59,74.54,8088.81,Launch,46.4,53.6,Autumn,None,Action-Adventure,Gen9
GTA5-110509,2022,10,4,Turkey,TUR,Europe,Xbox Series X|S,Standard Edition,Digital,Steam,477,8953.29,18.77,6.1,68.2,31.8,154,323,27189,1842,15709,11480,15709,14534.89,31733.26,16.7,47.4,0,None,0,4.44,9,2.48,TRY,0.273531,98.0,74.47,84.55,13761.43,Launch,40.8,59.2,Autumn,None,Action-Adventure,Gen9
GTA5-110467,2022,10,4,United States,USA,North America,PS5,Standard Edition,Digital,PlayStation Store,1886,33061.58,17.53,12.3,63.1,36.9,735,1151,200747,15245,116386,84361,116386,72526.5,193895.01,15.8,44.5,0,None,0,4.73,28,2.5,USD,0.010018,98.0,7008.23,351.57,62294.06,Launch,42.4,57.6,Autumn,None,Action-Adventure,Gen9
GTA5-110475,2022,10,4,Uruguay,URY,South America,PS5,Standard Edition,Digital,Microsoft Store,73,1253.41,17.17,14.1,61.4,38.6,26,47,5387,346,3712,1675,3712,1596.28,5784.71,13.9,49.4,0,None,0,4.5,3,1.76,UYU,0.039993,98.0,0.73,3.78,19999.86,Launch,43.1,56.9,Autumn,None,Action-Adventure,Gen9
GTA5-110508,2022,10,4,Vietnam,VNM,Asia,PS5,Standard Edition,Digital,Rockstar Games Launcher,406,7303.94,17.99,10,67.2,32.8,152,254,24084,1393,17850,6234,17850,10596.39,34500.95,18.9,47.1,0,None,0,4.61,11,4.61,VND,246.069744,98.0,20.0,100.13,3672.15,Launch,48.6,51.4,Autumn,None,Action-Adventure,Gen9
GTA5-110607,2022,11,4,Algeria,DZA,Africa,PS5,Standard Edition,Digital,PlayStation Store,641,6980.49,10.89,45.5,66.3,33.7,215,426,13152,780,9767,3385,9767,5805.22,18564.03,16.8,59.0,1,Black Friday,1,4.61,12,5.18,DZD,0.134448,98.0,6.19,42.32,6528.52,Launch,47.4,52.6,Autumn,Black Friday,Action-Adventure,Gen9
GTA5-110559,2022,11,4,Argentina,ARG,South America,PS5,Standard Edition,Digital,Microsoft Store,951,11478.57,12.07,39.6,65.9,34.1,301,650,27271,1400,17622,9649,17622,11551.35,32402.4,14.9,34.8,1,Black Friday,1,4.57,19,2.41,ARS,0.353225,98.0,28.27,46.77,15739.11,Launch,50.7,49.3,Autumn,Black Friday,Action-Adventure,Gen9
GTA5-110600,2022,11,4,Armenia,ARM,Asia,PS5,Criminal Enterprise Starter Pack,Digital,Rockstar Games Launcher,427,3800.3,8.9,55.5,67.3,32.7,138,289,7581,546,4399,3182,4399,1773.43,7036.32,12.8,29.9,1,Black Friday,1,4.65,9,8.05,AMD,4.054675,98.0,0.23,3.23,5637.82,Launch,38.4,61.6,Autumn,Black Friday,Action-Adventure,Gen9
GTA5-110612,2022,11,4,Austria,AUT,Europe,PS5,Legacy Edition,Digital,Epic Games Store,1254,11235.84,8.96,55.2,61.7,38.3,417,837,29792,1935,17409,12383,17409,10451.39,29576.6,13.3,39.8,1,Black Friday,1,4.42,21,4.56,EUR,0.0000009151,98.0,26.86,9.47,52143.18,Launch,48.7,51.3,Autumn,Black Friday,Action-Adventure,Gen9
GTA5-110623,2022,11,4,Bahrain,BHR,Asia,PS5,Legacy Edition,Digital,PlayStation Store,412,4272.44,10.37,48.1,64.7,35.3,132,280,15898,1230,11276,4622,11276,6451.55,14812.38,15.9,45.8,1,Black Friday,1,4.69,10,1.88,BHD,0.0000003773,98.0,0.88,1.45,27153.17,Launch,46.1,53.9,Autumn,Black Friday,Action-Adventure,Gen9
GTA5-110586,2022,11,4,Bangladesh,BGD,Asia,Xbox Series X|S,Standard Edition,Digital,Steam,571,4271.08,7.48,62.6,70.2,29.8,202,369,10106,810,6142,3964,6142,2744.47,10817.41,14.8,33.5,1,Black Friday,1,4.57,15,3.24,BDT,0.00011071,98.0,9.66,174.83,2157.98,Launch,45.3,54.7,Autumn,Black Friday,Action-Adventure,Gen9
GTA5-110646,2022,11,4,Brazil,BRA,South America,PS5,Criminal Enterprise Starter Pack,Digital,Microsoft Store,2189,23706.87,10.83,45.8,72.2,27.8,815,1374,57139,4951,36563,20576,36563,13704.71,54504.56,16.7,43.6,1,Black Friday,1,4.49,58,3.52,BRL,0.005157,98.0,281.94,223.83,14058.16,Launch,50.0,50.0,Autumn,Black Friday,Action-Adventure,Gen9
GTA5-110614,2022,11,4,Bulgaria,BGR,Europe,PS5,Premium Edition,Digital,Epic Games Store,577,7287.51,12.63,36.8,60.9,39.1,191,386,14305,984,8307,5998,8307,5485.98,20094.6,12.7,37.0,1,Black Friday,1,4.63,16,2.12,BGN,0.018215,98.0,2.29,8.02,9922.06,Launch,51.6,48.4,Autumn,Black Friday,Action-Adventure,Gen9
GTA5-110556,2022,11,4,Canada,CAN,North America,Xbox Series X|S,Premium Edition,Digital,Microsoft Store,2142,24997.14,11.67,41.6,60.9,39.1,686,1456,49087,2553,31682,17405,31682,21041.51,46349.13,15.1,40.0,1,Black Friday,1,4.93,17,3.4,CAD,0.013345,98.0,217.65,38.98,58162.92,Launch,45.0,55.0,Autumn,Black Friday,Action-Adventure,Gen9
GTA5-110613,2022,11,4,China,CHN,Asia,PS5,Standard Edition,Digital,Steam,3481,52528.29,15.09,24.5,67,33,1253,2228,107194,6084,64344,42850,64344,54196.61,113397.16,14.9,56.2,1,Black Friday,1,4.59,80,3.67,CNY,0.070478,98.0,4303.33,1543.42,13404.71,Launch,53.6,46.4,Autumn,Black Friday,Action-Adventure,Gen9
GTA5-110649,2022,11,4,Colombia,COL,South America,PS5,Standard Edition,Digital,PlayStation Store,739,6872.7,9.3,53.5,70.4,29.6,267,472,19996,1364,13785,6211,13785,12892.76,32191.97,15.9,42.8,1,Black Friday,1,4.73,8,4.3,COP,39.923437,98.0,15.85,52.34,10515.22,Launch,47.9,52.1,Autumn,Black Friday,Action-Adventure,Gen9
GTA5-110561,2022,11,4,Colombia,COL,South America,Xbox Series X|S,Premium Edition,Digital,Rockstar Games Launcher,580,7487.8,12.91,35.4,67.1,32.9,210,370,13286,911,8778,4508,8778,5469.35,15127.06,13.9,56.2,1,Black Friday,1,4.85,13,3.01,COP,40.373127,98.0,15.74,52.34,10440.06,Launch,44.3,55.7,Autumn,Black Friday,Action-Adventure,Gen9
GTA5-110574,2022,11,4,Denmark,DNK,Europe,PS5,Standard Edition,Digital,Epic Games Store,1425,14862.75,10.43,47.8,65.9,34.1,433,992,28678,2184,19851,8827,19851,6531.18,24577.84,17.0,50.3,1,Black Friday,1,4.38,30,1.48,DKK,0.068462,98.0,22.0,6.24,64796.68,Launch,41.6,58.4,Autumn,Black Friday,Action-Adventure,Gen9
GTA5-110564,2022,11,4,Ecuador,ECU,South America,PS5,Criminal Enterprise Starter Pack,Digital,Microsoft Store,229,2193.82,9.58,52.1,68.2,31.8,88,141,4347,282,2614,1733,2614,1756.69,4219.34,14.3,39.8,1,Black Friday,1,4.42,3,3.04,USD,0.0000009996,98.0,1.35,17.82,7894.59,Launch,51.0,49.0,Autumn,Black Friday,Action-Adventure,Gen9
GTA5-110652,2022,11,4,Ecuador,ECU,South America,Xbox Series X|S,Criminal Enterprise Starter Pack,Digital,PlayStation Store,132,1635.48,12.39,38,61.8,38.2,51,81,5067,271,3597,1470,3597,3292.11,7241.88,14.9,42.0,1,Black Friday,1,4.79,3,2.88,USD,0.010017,98.0,1.32,17.82,7743.84,Launch,45.8,54.2,Autumn,Black Friday,Action-Adventure,Gen9
GTA5-110638,2022,11,4,Egypt,EGY,Africa,Xbox Series X|S,Standard Edition,Digital,Rockstar Games Launcher,869,13061.07,15.03,24.8,63.8,36.2,281,588,15522,1143,10620,4902,10620,5823.36,15789.59,16.4,54.5,1,Black Friday,1,4.48,11,5.45,EGP,0.309842,98.0,18.98,101.34,4501.75,Launch,42.3,57.7,Autumn,Black Friday,Action-Adventure,Gen9
GTA5-110609,2022,11,4,Fiji,FJI,Oceania,PS5,Premium Edition,Digital,Microsoft Store,138,1439.34,10.43,47.8,69.9,30.1,53,85,3766,223,2581,1185,2581,2954.18,6281.08,12.7,44.4,1,Black Friday,1,4.64,3,4.28,FJD,0.022375,98.0,0.04,1.0,5884.17,Launch,38.6,61.4,Autumn,Black Friday,Action-Adventure,Gen9
GTA5-110624,2022,11,4,Greece,GRC,Europe,PS5,Legacy Edition,Digital,Epic Games Store,773,8866.31,11.47,42.6,64.5,35.5,267,506,22465,1582,14990,7475,14990,14528.96,35908.98,14.0,47.7,1,Black Friday,1,4.39,11,3.99,EUR,0.0000009129,98.0,10.47,12.25,24287.84,Launch,48.6,51.4,Autumn,Black Friday,Action-Adventure,Gen9
GTA5-110589,2022,11,4,Hong Kong,HKG,Asia,PS5,Standard Edition,Digital,Epic Games Store,1582,18367.02,11.61,41.9,63.3,36.7,606,976,37331,1866,24273,13058,24273,17712.14,42384.18,13.9,41.9,1,Black Friday,1,4.64,26,4.31,HKD,0.076998,98.0,25.76,8.02,41818.81,Launch,47.7,52.3,Autumn,Black Friday,Action-Adventure,Gen9
GTA5-110627,2022,11,4,Indonesia,IDN,Asia,Xbox Series X|S,Premium Edition,Digital,Steam,1231,15055.13,12.23,38.8,61.3,38.7,406,825,34801,2371,20950,13851,20950,16556.69,48007.92,15.7,32.3,1,Black Friday,1,4.54,16,4.45,IDR,154.741826,98.0,108.36,278.39,5528.95,Launch,45.9,54.1,Autumn,Black Friday,Action-Adventure,Gen9
GTA5-110568,2022,11,4,Italy,ITA,Europe,Xbox Series X|S,Premium Edition,Digital,Microsoft Store,2725,31037.75,11.39,43,63.2,36.8,1004,1721,63546,3548,38721,24825,38721,39491.01,85093.97,13.3,37.0,1,Black Friday,1,4.54,77,0.5,EUR,0.0000009023,98.0,296.31,66.81,39599.21,Launch,38.1,61.9,Autumn,Black Friday,Action-Adventure,Gen9
GTA5-110631,2022,11,4,Japan,JPN,Asia,PS5,Premium Edition,Digital,PlayStation Store,3618,42800.94,11.83,40.8,73.3,26.7,1400,2218,112712,7168,65691,47021,65691,34482.25,89637.48,16.6,59.9,1,Black Friday,1,4.44,101,3.29,JPY,1.499863,98.0,1089.8,141.42,43784.81,Launch,48.2,51.8,Autumn,Black Friday,Action-Adventure,Gen9
GTA5-110583,2022,11,4,Kenya,KEN,Africa,PS5,Standard Edition,Digital,Steam,483,4269.72,8.84,55.8,61.1,38.9,185,298,11597,739,8622,2975,8622,4591.19,14195.57,18.2,54.9,1,Black Friday,1,4.78,7,2.45,KES,0.129314,98.0,2.95,49.0,2355.59,Launch,56.9,43.1,Autumn,Black Friday,Action-Adventure,Gen9
GTA5-110636,2022,11,4,Lebanon,LBN,Asia,Xbox Series X|S,Premium Edition,Digital,Rockstar Games Launcher,279,3652.11,13.09,34.5,72.2,27.8,86,193,8703,526,4827,3876,4827,3286.74,7956.04,11.7,33.1,1,Black Friday,1,4.37,6,2.65,LBP,898.859886,98.0,1.1,6.57,10427.15,Launch,45.9,54.1,Autumn,Black Friday,Action-Adventure,Gen9
GTA5-110634,2022,11,4,Luxembourg,LUX,Europe,PS5,Standard Edition,Digital,Steam,572,6286.28,10.99,45,64.4,35.6,210,362,13117,1122,8319,4798,8319,5330.88,13299.2,13.9,41.8,1,Black Friday,1,4.71,4,3.0,EUR,0.0000008871,98.0,1.6,0.61,116941.07,Launch,40.8,59.2,Autumn,Black Friday,Action-Adventure,Gen9
GTA5-110633,2022,11,4,Malaysia,MYS,Asia,Xbox Series X|S,Premium Edition,Digital,Microsoft Store,1244,15512.68,12.47,37.6,61.6,38.4,410,834,36773,2141,23685,13088,23685,9165.31,25588.38,16.6,45.8,1,Black Friday,1,4.51,17,4.69,MYR,0.004622,98.0,30.0,33.41,14030.8,Launch,47.5,52.5,Autumn,Black Friday,Action-Adventure,Gen9
GTA5-110645,2022,11,4,Mexico,MEX,North America,PS5,Legacy Edition,Digital,Epic Games Store,1275,12138,9.52,52.4,61.5,38.5,394,881,34026,2971,19708,14318,19708,17461.46,46703.86,14.5,50.8,1,Black Friday,1,4.44,10,2.28,MXN,0.00001862,98.0,135.61,135.86,14178.69,Launch,38.9,61.1,Autumn,Black Friday,Action-Adventure,Gen9
GTA5-110618,2022,11,4,Qatar,QAT,Asia,PS5,Legacy Edition,Digital,Epic Games Store,776,8497.2,10.95,45.2,65.6,34.4,268,508,24531,2093,18187,6344,18187,9912.49,32950.11,15.3,46.3,1,Black Friday,1,4.66,7,2.94,QAR,0.036442,98.0,9.07,2.45,96459.64,Launch,43.2,56.8,Autumn,Black Friday,Action-Adventure,Gen9
GTA5-110598,2022,11,4,Serbia,SRB,Europe,Xbox Series X|S,Premium Edition,Digital,Steam,625,7043.75,11.27,43.6,66.9,33.1,237,388,14678,955,10120,4558,10120,9671.23,19368.18,14.3,41.3,1,Black Friday,1,4.7,9,1.03,RSD,0.105324,98.0,1.78,8.02,7685.46,Launch,49.1,50.9,Autumn,Black Friday,Action-Adventure,Gen9
GTA5-110608,2022,11,4,Slovakia,SVK,Europe,PS5,Standard Edition,Digital,Rockstar Games Launcher,596,7146.04,11.99,40,67,33,205,391,14739,1100,10780,3959,10780,5060.44,11611.08,15.9,39.3,1,Black Friday,1,4.38,6,4.85,EUR,0.0000008754,98.0,3.43,6.01,22303.01,Launch,47.9,52.1,Autumn,Black Friday,Action-Adventure,Gen9
GTA5-110606,2022,11,4,South Africa,ZAF,Africa,Xbox Series X|S,Standard Edition,Digital,Microsoft Store,1175,14581.75,12.41,37.9,67.3,32.7,409,766,30316,1643,17450,12866,17450,15976.0,44007.59,16.1,36.2,1,Black Friday,1,4.71,31,3.51,ZAR,0.187705,98.0,30.47,59.02,8964.01,Launch,48.3,51.7,Autumn,Black Friday,Action-Adventure,Gen9
GTA5-110604,2022,11,4,Sri Lanka,LKA,Asia,PS5,Premium Edition,Digital,PlayStation Store,331,3290.14,9.94,50.3,71,29,109,222,6649,487,4915,1734,4915,4998.79,10959.51,15.6,36.8,1,Black Friday,1,4.35,4,6.44,LKR,3.230777,98.0,1.66,23.39,4436.33,Launch,42.8,57.2,Autumn,Black Friday,Action-Adventure,Gen9
GTA5-110592,2022,11,4,Turkey,TUR,Europe,PS5,Standard Edition,Digital,Rockstar Games Launcher,1557,18637.29,11.97,40.1,64,36,496,1061,34786,2125,24828,9958,24828,14351.57,31157.64,16.3,44.1,1,Black Friday,1,4.52,38,1.25,TRY,0.271577,98.0,74.83,84.63,13816.48,Launch,47.7,52.3,Autumn,Black Friday,Action-Adventure,Gen9
GTA5-110603,2022,11,4,United Arab Emirates,ARE,Asia,PS5,Premium Edition,Digital,PlayStation Store,1647,23173.29,14.07,29.6,60.3,39.7,498,1149,43593,3079,29321,14272,29321,20444.07,64183.75,16.4,49.5,1,Black Friday,1,4.75,47,5.42,AED,0.036627,98.0,33.0,10.24,45777.32,Launch,51.3,48.7,Autumn,Black Friday,Action-Adventure,Gen9
GTA5-110565,2022,11,4,United Kingdom,GBR,Europe,PS5,Legacy Edition,Digital,Rockstar Games Launcher,3354,36525.06,10.89,45.5,67.9,32.1,1127,2227,111944,6871,69546,42398,69546,23387.9,91089.41,15.3,51.8,1,Black Friday,1,4.45,71,4.39,GBP,0.0000007719,98.0,593.76,71.27,47335.64,Launch,48.1,51.9,Autumn,Black Friday,Action-Adventure,Gen9
GTA5-110653,2022,11,4,United Kingdom,GBR,Europe,PS5,Premium Edition,Digital,Microsoft Store,3356,39835.72,11.87,40.6,61,39,1251,2105,92325,7932,58259,34066,58259,40141.39,133331.94,17.4,57.0,1,Black Friday,1,4.34,73,3.82,GBP,0.000000778,98.0,594.39,71.27,47385.98,Launch,47.2,52.8,Autumn,Black Friday,Action-Adventure,Gen9
GTA5-110643,2022,11,4,United States,USA,North America,Xbox Series X|S,Standard Edition,Digital,Microsoft Store,6136,67311.92,10.97,45.1,56.9,43.1,2373,3763,148874,8421,110911,37963,110911,83474.85,198998.16,20.5,56.5,1,Black Friday,1,4.59,84,0.67,USD,0.000000991,98.0,6940.08,351.89,61632.21,Launch,57.6,42.4,Autumn,Black Friday,Action-Adventure,Gen9
GTA5-110651,2022,11,4,Uruguay,URY,South America,Xbox Series X|S,Legacy Edition,Digital,Steam,212,2423.16,11.43,42.8,61.7,38.3,82,130,3416,217,1937,1479,1937,1706.81,3432.66,14.1,33.6,1,Black Friday,1,4.44,3,3.32,UYU,0.400839,98.0,0.72,3.79,19750.31,Launch,55.3,44.7,Autumn,Black Friday,Action-Adventure,Gen9
GTA5-110641,2022,11,4,Vietnam,VNM,Asia,PS5,Standard Edition,Digital,Rockstar Games Launcher,988,11589.24,11.73,41.3,63.3,36.7,341,647,30070,1803,22398,7672,22398,17689.41,42386.13,17.9,33.3,1,Black Friday,1,4.76,11,5.16,VND,244.495095,98.0,20.2,100.22,3704.41,Launch,46.5,53.5,Autumn,Black Friday,Action-Adventure,Gen9
GTA5-110659,2022,12,4,Argentina,ARG,South America,Xbox Series X|S,Standard Edition,Digital,Rockstar Games Launcher,732,6068.28,8.29,44.7,65.1,34.9,228,504,20954,1044,13272,5437,15660,8415.29,15064.32,14.9,39.6,1,Christmas,1,4.58,7,2.8,ARS,3.515544,98.0,28.35,46.81,15773.25,Launch,44.2,55.8,Winter,Christmas,Action-Adventure,Gen9
GTA5-110747,2022,12,4,Argentina,ARG,South America,Xbox Series X|S,Standard Edition,Digital,Microsoft Store,936,10342.8,11.05,26.3,65,35,345,591,18253,910,11610,4688,13699,5935.07,14479.71,16.2,43.9,1,Christmas,1,4.53,16,2.93,ARS,0.354938,98.0,28.6,46.81,15908.31,Launch,37.5,62.5,Winter,Christmas,Action-Adventure,Gen9
GTA5-110737,2022,12,4,Australia,AUS,Oceania,PS5,Premium Edition,Digital,Epic Games Store,3054,24951.18,8.17,45.5,65.2,34.8,1183,1871,77150,5093,49927,18957,58913,33473.24,71682.32,18.5,37.6,1,Christmas,1,4.6,53,2.22,AUD,0.015417,98.0,270.08,25.64,73149.16,Launch,51.3,48.7,Winter,Christmas,Action-Adventure,Gen9
GTA5-110690,2022,12,4,Bahrain,BHR,Asia,PS5,Standard Edition,Digital,PlayStation Store,557,5803.94,10.42,30.5,60.6,39.4,193,364,15570,1116,7699,6203,9084,6394.86,15835.8,13.5,35.8,1,Christmas,1,4.44,12,2.78,BHD,0.0000003828,98.0,0.85,1.45,26191.37,Launch,56.1,43.9,Winter,Christmas,Action-Adventure,Gen9
GTA5-110685,2022,12,4,Belgium,BEL,Europe,PS5,Premium Edition,Digital,PlayStation Store,1658,9002.94,5.43,63.8,68.5,31.5,509,1149,45673,3287,24032,16748,28357,27550.68,55518.87,12.0,46.4,1,Christmas,1,4.61,19,3.22,EUR,0.0000009098,98.0,36.87,12.26,49456.4,Launch,51.1,48.9,Winter,Christmas,Action-Adventure,Gen9
GTA5-110749,2022,12,4,Colombia,COL,South America,PS5,Standard Edition,Digital,Rockstar Games Launcher,605,5311.9,8.78,41.4,67.8,32.2,195,410,20389,1137,13213,4992,15591,23279.94,31939.82,14.1,45.0,1,Christmas,1,4.56,6,2.48,COP,39.699353,98.0,15.99,52.39,10594.6,Launch,45.6,54.4,Winter,Christmas,Action-Adventure,Gen9
GTA5-110686,2022,12,4,Egypt,EGY,Africa,Xbox Series X|S,Standard Edition,Digital,Rockstar Games Launcher,628,6663.08,10.61,29.2,66.7,33.3,217,411,26657,1274,17385,6416,20514,16084.58,34305.48,17.1,40.5,1,Christmas,1,4.65,14,4.2,EGP,0.305987,98.0,18.93,101.43,4486.56,Launch,45.5,54.5,Winter,Christmas,Action-Adventure,Gen9
GTA5-110694,2022,12,4,Estonia,EST,Europe,PS5,Legacy Edition,Digital,Epic Games Store,576,4775.04,8.29,44.7,70.6,29.4,187,389,18130,870,10454,5734,12335,13144.21,23962.57,16.5,57.3,1,Christmas,1,4.36,11,3.64,EUR,0.0000008965,98.0,0.86,1.45,23159.62,Launch,45.3,54.7,Winter,Christmas,Action-Adventure,Gen9
GTA5-110692,2022,12,4,Fiji,FJI,Oceania,Xbox Series X|S,Premium Edition,Digital,Rockstar Games Launcher,124,1020.52,8.23,45.1,68.6,31.4,42,82,4653,337,2328,1827,2747,2953.47,5700.32,12.7,41.3,1,Christmas,1,4.65,3,4.48,FJD,0.022425,98.0,0.04,1.0,5839.68,Launch,38.2,61.8,Winter,Christmas,Action-Adventure,Gen9
GTA5-110666,2022,12,4,Germany,DEU,Europe,Xbox Series X|S,Standard Edition,Digital,PlayStation Store,4370,41383.9,9.47,36.8,58.2,41.8,1376,2994,91915,6414,50370,31697,59436,77198.69,127032.65,17.7,57.1,1,Christmas,1,4.69,55,3.3,EUR,0.0000008794,98.0,914.01,90.28,52729.78,Launch,48.3,51.7,Winter,Christmas,Action-Adventure,Gen9
GTA5-110714,2022,12,4,Ghana,GHA,Africa,PS5,Premium Edition,Digital,Microsoft Store,359,2369.4,6.6,56,61.9,38.1,111,248,10787,763,6734,2898,7946,8996.06,12631.34,13.1,28.3,1,Christmas,1,4.47,5,4.48,GHS,0.012132,98.0,1.59,28.98,2860.57,Launch,39.4,60.6,Winter,Christmas,Action-Adventure,Gen9
GTA5-110716,2022,12,4,Greece,GRC,Europe,Xbox Series X|S,Premium Edition,Digital,PlayStation Store,558,5234.04,9.38,37.4,63.8,36.2,197,361,17982,1297,10834,5222,12784,10619.63,16614.14,14.9,48.6,1,Christmas,1,4.52,15,3.92,EUR,0.0000008922,98.0,10.45,12.26,24215.14,Launch,41.4,58.6,Winter,Christmas,Action-Adventure,Gen9
GTA5-110742,2022,12,4,Hong Kong,HKG,Asia,PS5,Standard Edition,Digital,Rockstar Games Launcher,1569,11124.21,7.09,52.7,69.1,30.9,505,1064,40423,1919,24662,11430,29101,27862.88,38119.93,16.9,55.9,1,Christmas,1,4.73,16,5.37,HKD,0.077114,98.0,26.03,8.03,42213.83,Launch,36.6,63.4,Winter,Christmas,Action-Adventure,Gen9
GTA5-110711,2022,12,4,Hungary,HUN,Europe,PS5,Standard Edition,Digital,Epic Games Store,933,9619.23,10.31,31.2,71.3,28.7,347,586,22762,1172,13964,6360,16477,7200.66,15849.35,13.2,54.8,1,Christmas,1,4.73,13,2.07,HUF,3.557301,98.0,7.91,11.03,18683.56,Launch,47.2,52.8,Winter,Christmas,Action-Adventure,Gen9
GTA5-110688,2022,12,4,Ireland,IRL,Europe,Xbox Series X|S,Standard Edition,Digital,Microsoft Store,814,6902.72,8.48,43.4,64.8,35.2,281,533,28917,1802,18060,7759,21310,24033.82,30916.21,16.1,46.7,1,Christmas,1,4.74,9,3.79,EUR,0.0000008984,98.0,13.49,5.13,54766.99,Launch,48.4,51.6,Winter,Christmas,Action-Adventure,Gen9
GTA5-110712,2022,12,4,Jordan,JOR,Asia,PS5,Standard Edition,Digital,Epic Games Store,486,3353.4,6.9,54,65.4,34.6,161,325,13118,726,6783,4930,8003,4284.08,10480.51,12.8,40.4,1,Christmas,1,4.53,11,3.69,JOD,0.000000696,98.0,0.77,7.24,5532.63,Launch,42.4,57.6,Winter,Christmas,Action-Adventure,Gen9
GTA5-110726,2022,12,4,Lithuania,LTU,Europe,PS5,Standard Edition,Digital,Steam,501,4258.5,8.5,43.3,66.1,33.9,157,344,13457,893,8299,3717,9792,10897.61,18420.14,16.5,35.4,1,Christmas,1,4.56,12,4.05,EUR,0.0000009024,98.0,1.65,3.23,19983.16,Launch,43.3,56.7,Winter,Christmas,Action-Adventure,Gen9
GTA5-110727,2022,12,4,Morocco,MAR,Africa,PS5,Standard Edition,Digital,Epic Games Store,606,4072.32,6.72,55.2,65.7,34.3,189,417,20446,1272,13188,5068,15561,18245.86,23229.97,13.3,39.3,1,Christmas,1,4.41,5,4.55,MAD,0.100969,98.0,4.9,36.78,4627.07,Launch,43.1,56.9,Winter,Christmas,Action-Adventure,Gen9
GTA5-110670,2022,12,4,Netherlands,NLD,Europe,PS5,Legacy Edition,Digital,Microsoft Store,2214,18486.9,8.35,44.3,65.5,34.5,689,1525,79073,5518,47710,22891,56297,81386.72,107969.14,15.1,45.4,1,Christmas,1,4.53,21,3.34,EUR,0.0000009003,98.0,97.17,18.95,57229.38,Launch,52.0,48.0,Winter,Christmas,Action-Adventure,Gen9
GTA5-110717,2022,12,4,Oman,OMN,Asia,PS5,Criminal Enterprise Starter Pack,Digital,Microsoft Store,460,4393,9.55,36.3,71,29,157,303,14784,783,8748,4452,10322,5631.05,12098.9,14.6,35.4,1,Christmas,1,4.35,11,2.99,OMR,0.0000003844,98.0,2.22,4.46,22246.99,Launch,43.9,56.1,Winter,Christmas,Action-Adventure,Gen9
GTA5-110740,2022,12,4,Romania,ROU,Europe,Xbox Series X|S,Standard Edition,Digital,PlayStation Store,687,6128.04,8.92,40.5,65,35,255,432,21421,1432,11427,7699,13483,12104.84,16627.78,16.5,44.7,1,Christmas,1,4.73,8,2.83,RON,0.044492,98.0,13.2,21.73,14602.99,Launch,51.3,48.7,Winter,Christmas,Action-Adventure,Gen9
GTA5-110734,2022,12,4,Serbia,SRB,Europe,PS5,Premium Edition,Digital,Microsoft Store,613,4640.41,7.57,49.5,63.2,36.8,183,430,18338,1307,10146,6228,11972,12961.51,17951.47,16.9,44.6,1,Christmas,1,4.57,14,2.47,RSD,1.045553,98.0,1.78,8.03,7693.2,Launch,53.7,46.3,Winter,Christmas,Action-Adventure,Gen9
GTA5-110741,2022,12,4,Singapore,SGP,Asia,Xbox Series X|S,Standard Edition,Digital,Epic Games Store,1315,9349.65,7.11,52.6,69,31,447,868,39855,2038,25294,10291,29846,47575.0,62772.59,20.4,53.3,1,Christmas,1,4.67,21,1.42,SGD,0.013435,98.0,23.0,6.02,59692.96,Launch,51.6,48.4,Winter,Christmas,Action-Adventure,Gen9
GTA5-110706,2022,12,4,Slovakia,SVK,Europe,Xbox Series X|S,Standard Edition,Digital,PlayStation Store,431,3745.39,8.69,42,67.9,32.1,142,289,16199,1014,10702,3762,12628,5834.06,12608.95,14.0,50.7,1,Christmas,1,4.52,8,6.02,EUR,0.0000008917,98.0,3.47,6.02,22521.63,Launch,47.6,52.4,Winter,Christmas,Action-Adventure,Gen9
GTA5-110681,2022,12,4,South Africa,ZAF,Africa,PS5,Legacy Edition,Digital,Microsoft Store,1457,10708.95,7.35,51,62.1,37.9,476,981,40296,2074,24945,11034,29435,47966.98,61754.41,17.4,50.0,1,Christmas,1,4.45,40,4.57,ZAR,0.188987,98.0,30.77,59.07,9044.77,Launch,39.2,60.8,Winter,Christmas,Action-Adventure,Gen9
GTA5-110738,2022,12,4,South Korea,KOR,Asia,PS5,Standard Edition,Digital,Steam,2636,14076.24,5.34,64.4,67.4,32.6,872,1764,74089,4498,41481,24670,48947,34895.4,70409.9,18.9,34.4,1,Christmas,1,4.39,34,4.51,KRW,12.918333,98.0,248.75,56.84,34190.35,Launch,50.3,49.7,Winter,Christmas,Action-Adventure,Gen9
GTA5-110705,2022,12,4,United Arab Emirates,ARE,Asia,Xbox Series X|S,Standard Edition,Digital,Epic Games Store,1446,7634.88,5.28,64.8,65,35,506,940,35563,1888,17472,14281,20616,15550.08,23161.52,15.0,41.3,1,Christmas,1,4.4,28,5.01,AED,0.036017,98.0,33.21,10.25,46018.22,Launch,41.7,58.3,Winter,Christmas,Action-Adventure,Gen9
GTA5-110665,2022,12,4,United Kingdom,GBR,Europe,PS5,Premium Edition,Digital,Epic Games Store,4461,33323.67,7.47,50.2,64,36,1542,2919,105540,7876,56035,38198,66121,46934.66,113205.07,14.5,47.2,1,Christmas,1,4.57,105,4.69,GBP,0.000000778,98.0,585.78,71.33,46660.32,Launch,47.9,52.1,Winter,Christmas,Action-Adventure,Gen9
GTA5-110753,2022,12,4,United Kingdom,GBR,Europe,PS5,Premium Edition,Digital,Steam,4980,44421.6,8.92,40.5,63.7,36.3,1683,3297,99118,5857,62311,26188,73526,40200.66,65915.36,17.4,44.9,1,Christmas,1,4.62,60,4.55,GBP,0.0000007831,98.0,590.84,71.33,47063.98,Launch,52.8,47.2,Winter,Christmas,Action-Adventure,Gen9
GTA5-110663,2022,12,4,Uruguay,URY,South America,Xbox Series X|S,Criminal Enterprise Starter Pack,Digital,Epic Games Store,162,1368.9,8.45,43.6,68.1,31.9,53,109,5017,282,2908,1572,3431,3005.05,6598.26,11.6,34.8,1,Christmas,1,4.62,3,1.32,UYU,0.404599,98.0,0.71,3.79,19633.06,Launch,45.3,54.7,Winter,Christmas,Action-Adventure,Gen9
GTA5-110798,2023,1,1,Algeria,DZA,Africa,Xbox Series X|S,Premium Edition,Digital,Epic Games Store,385,3838.45,9.97,33.5,63.5,36.5,144,241,11153,566,8345,2808,8345,3425.59,8636.81,16.9,36.3,1,New Year Sale,1,4.61,5,2.31,DZD,1.331385,98.0,6.18,42.39,6505.33,Launch,47.4,52.6,Winter,New Year Sale,Action-Adventure,Gen9
GTA5-110759,2023,1,1,Argentina,ARG,South America,Xbox Series X|S,Standard Edition,Digital,Microsoft Store,523,3932.96,7.52,49.8,68,32,189,334,17805,1454,12447,5358,12447,7389.29,18862.38,15.4,40.2,1,New Year Sale,1,4.31,15,3.1,ARS,3.579452,98.0,28.93,46.86,16078.77,Launch,49.3,50.7,Winter,New Year Sale,Action-Adventure,Gen9
GTA5-110806,2023,1,1,Armenia,ARM,Asia,Xbox Series X|S,Premium Edition,Digital,Steam,272,1884.96,6.93,53.8,64.2,35.8,89,183,7965,649,5659,2306,5659,5484.35,13991.42,13.9,39.2,1,New Year Sale,1,4.53,3,4.53,AMD,4.073455,98.0,0.23,3.24,5614.98,Launch,47.7,52.3,Winter,New Year Sale,Action-Adventure,Gen9
GTA5-110826,2023,1,1,Australia,AUS,Oceania,Xbox Series X|S,Premium Edition,Digital,PlayStation Store,3409,30953.72,9.08,39.4,66.2,33.8,1242,2167,57261,3979,42451,14810,42451,27289.38,63403.71,15.0,42.7,1,New Year Sale,1,4.52,68,3.55,AUD,0.015305,98.0,269.35,25.66,72894.17,Launch,48.7,51.3,Winter,New Year Sale,Action-Adventure,Gen9
GTA5-110803,2023,1,1,Austria,AUT,Europe,PS5,Standard Edition,Digital,Rockstar Games Launcher,2028,9207.12,4.54,69.7,68.4,31.6,632,1396,32203,2260,20784,11419,20784,16624.35,43911.39,15.0,37.9,1,New Year Sale,1,4.51,44,4.85,EUR,0.0000008879,98.0,26.56,9.48,51498.96,Launch,50.9,49.1,Winter,New Year Sale,Action-Adventure,Gen9
GTA5-110841,2023,1,1,Bangladesh,BGD,Asia,PS5,Standard Edition,Digital,PlayStation Store,584,6803.6,11.65,22.3,63,37,180,404,14809,879,9152,5657,9152,8569.82,20839.6,16.3,48.0,1,New Year Sale,1,4.62,11,5.51,BDT,0.111522,98.0,9.86,175.15,2198.1,Launch,46.3,53.7,Winter,New Year Sale,Action-Adventure,Gen9
GTA5-110809,2023,1,1,Belgium,BEL,Europe,PS5,Premium Edition,Digital,Epic Games Store,982,8288.08,8.44,43.7,62.6,37.4,340,642,46903,3209,26568,20335,26568,15174.34,56038.0,15.9,46.8,1,New Year Sale,1,4.74,26,3.3,EUR,0.0000008977,98.0,37.61,12.27,50413.47,Launch,42.9,57.1,Winter,New Year Sale,Action-Adventure,Gen9
GTA5-110846,2023,1,1,Brazil,BRA,South America,Xbox Series X|S,Standard Edition,Digital,Steam,2247,16672.74,7.42,50.5,66.5,33.5,720,1527,50704,4102,30720,19984,30720,16284.0,59605.09,18.7,53.2,1,New Year Sale,1,4.5,43,3.92,BRL,0.050528,98.0,279.35,224.24,13903.5,Launch,48.7,51.3,Winter,New Year Sale,Action-Adventure,Gen9
GTA5-110822,2023,1,1,Bulgaria,BGR,Europe,Xbox Series X|S,Legacy Edition,Digital,Rockstar Games Launcher,502,4116.4,8.2,45.3,64,36,154,348,13344,980,8813,4531,8813,4983.09,17369.85,15.8,49.6,1,New Year Sale,1,4.54,4,3.9,BGN,0.018178,98.0,2.34,8.03,10099.1,Launch,42.2,57.8,Winter,New Year Sale,Action-Adventure,Gen9
GTA5-110760,2023,1,1,Chile,CHL,South America,PS5,Standard Edition,Digital,Steam,455,4208.75,9.25,38.3,66.8,33.2,161,294,19093,1591,14281,4812,14281,5014.32,17133.49,17.5,55.3,1,New Year Sale,1,4.56,8,4.07,CLP,0.899931,98.0,9.19,18.97,18926.17,Launch,39.5,60.5,Winter,New Year Sale,Action-Adventure,Gen9
GTA5-110823,2023,1,1,China,CHN,Asia,PS5,Standard Edition,Digital,PlayStation Store,6055,45412.5,7.5,50,62.7,37.3,1993,4062,104993,5770,58852,46141,58852,49948.51,123738.85,17.0,46.8,1,New Year Sale,1,4.6,106,4.66,CNY,0.070482,98.0,4355.62,1546.23,13542.94,Launch,36.7,63.3,Winter,New Year Sale,Action-Adventure,Gen9
GTA5-110783,2023,1,1,Czech Republic,CZE,Europe,PS5,Legacy Edition,Digital,Epic Games Store,1069,6862.98,6.42,57.2,66.1,33.9,368,701,31241,2515,22832,8409,22832,13995.17,35108.21,18.8,51.8,1,New Year Sale,1,4.33,25,5.04,CZK,0.226279,98.0,13.76,11.71,24478.38,Launch,46.0,54.0,Winter,New Year Sale,Action-Adventure,Gen9
GTA5-110852,2023,1,1,Ecuador,ECU,South America,Xbox Series X|S,Standard Edition,Digital,Epic Games Store,224,1859.2,8.3,44.6,66.2,33.8,70,154,4856,292,3379,1477,3379,3472.43,7888.34,15.0,46.9,1,New Year Sale,1,4.2,3,3.23,USD,0.010035,98.0,1.34,17.85,7791.72,Launch,49.2,50.8,Winter,New Year Sale,Action-Adventure,Gen9
GTA5-110834,2023,1,1,Egypt,EGY,Africa,PS5,Premium Edition,Digital,PlayStation Store,1258,9070.18,7.21,51.9,65.2,34.8,419,839,18872,1624,11862,7010,11862,9106.81,21858.52,13.0,38.6,1,New Year Sale,1,4.55,35,3.14,EGP,0.316695,98.0,19.03,101.52,4507.01,Launch,51.4,48.6,Winter,New Year Sale,Action-Adventure,Gen9
GTA5-110782,2023,1,1,Fiji,FJI,Oceania,PS5,Standard Edition,Digital,Rockstar Games Launcher,107,1163.09,10.87,27.5,66.2,33.8,41,66,4168,260,3113,1055,3113,1713.01,6005.29,18.7,63.6,1,New Year Sale,1,4.63,3,5.64,FJD,0.022483,98.0,0.04,1.0,5847.72,Launch,48.6,51.4,Winter,New Year Sale,Action-Adventure,Gen9
GTA5-110775,2023,1,1,Finland,FIN,Europe,PS5,Standard Edition,Digital,Epic Games Store,1270,13957.3,10.99,26.7,68.4,31.6,387,883,25466,2201,17017,8449,17017,12109.18,26447.05,17.1,33.3,1,New Year Sale,1,4.43,36,2.7,EUR,0.0000008899,98.0,16.79,6.02,54458.21,Launch,50.2,49.8,Winter,New Year Sale,Action-Adventure,Gen9
GTA5-110831,2023,1,1,Georgia,GEO,Asia,PS5,Standard Edition,Digital,Steam,343,2898.35,8.45,43.6,64.9,35.1,104,239,8244,694,5952,2292,5952,5280.82,12694.38,15.3,44.0,1,New Year Sale,1,4.33,3,2.07,GEL,0.026852,98.0,0.42,4.13,6372.59,Launch,50.7,49.3,Winter,New Year Sale,Action-Adventure,Gen9
GTA5-110854,2023,1,1,Germany,DEU,Europe,PS5,Standard Edition,Digital,Microsoft Store,4497,30354.75,6.75,55,65.1,34.9,1416,3081,122044,6703,74205,47839,74205,55369.32,167830.59,16.6,46.3,1,New Year Sale,1,4.51,67,1.68,EUR,0.0000008945,98.0,920.35,90.36,53048.63,Launch,45.4,54.6,Winter,New Year Sale,Action-Adventure,Gen9
GTA5-110805,2023,1,1,Ghana,GHA,Africa,PS5,Standard Edition,Digital,Epic Games Store,446,4785.58,10.73,28.4,63.8,36.2,162,284,11782,653,8220,3562,8220,3143.17,11426.68,20.0,61.7,1,New Year Sale,1,4.58,10,3.08,GHS,0.119348,98.0,1.61,29.01,2896.4,Launch,51.7,48.3,Winter,New Year Sale,Action-Adventure,Gen9
GTA5-110795,2023,1,1,Greece,GRC,Europe,Xbox Series X|S,Premium Edition,Digital,Steam,513,4329.72,8.44,43.7,65.4,34.6,168,345,14709,765,10436,4273,10436,4936.98,14438.74,15.6,46.0,1,New Year Sale,1,4.73,6,2.19,EUR,0.0000009072,98.0,10.4,12.27,24086.28,Launch,47.9,52.1,Winter,New Year Sale,Action-Adventure,Gen9
GTA5-110790,2023,1,1,Hong Kong,HKG,Asia,Xbox Series X|S,Standard Edition,Digital,Rockstar Games Launcher,1704,12694.8,7.45,50.3,69.4,30.6,642,1062,56643,3434,40572,16071,40572,25432.29,57369.18,15.6,43.6,1,New Year Sale,1,4.6,16,2.64,HKD,0.077137,98.0,26.41,8.03,42816.52,Launch,43.1,56.9,Winter,New Year Sale,Action-Adventure,Gen9
GTA5-110837,2023,1,1,Indonesia,IDN,Asia,Xbox Series X|S,Standard Edition,Digital,Steam,1071,8825.04,8.24,45,67.6,32.4,371,700,39020,3397,22109,16911,22109,20230.49,49662.14,14.6,57.9,1,New Year Sale,1,4.33,9,1.44,IDR,156.568925,98.0,110.31,278.9,5618.1,Launch,40.8,59.2,Winter,New Year Sale,Action-Adventure,Gen9
GTA5-110819,2023,1,1,Iraq,IRQ,Asia,Xbox Series X|S,Standard Edition,Digital,Rockstar Games Launcher,343,3296.23,9.61,35.9,61.3,38.7,124,219,9969,729,6266,3703,6266,2942.0,9429.97,11.8,36.9,1,New Year Sale,1,4.36,6,5.23,IQD,12.954517,98.0,5.43,37.93,7456.13,Launch,47.1,52.9,Winter,New Year Sale,Action-Adventure,Gen9
GTA5-110779,2023,1,1,Kazakhstan,KAZ,Asia,Xbox Series X|S,Standard Edition,Digital,Rockstar Games Launcher,615,4969.2,8.08,46.1,65.6,34.4,220,395,14702,1025,8177,6525,8177,8224.42,20003.69,14.8,41.5,1,New Year Sale,1,4.78,16,2.92,KZT,4.440541,98.0,8.92,18.97,16324.91,Launch,49.4,50.6,Winter,New Year Sale,Action-Adventure,Gen9
GTA5-110842,2023,1,1,Kenya,KEN,Africa,PS5,Standard Edition,Digital,Microsoft Store,563,4087.38,7.26,51.6,66.2,33.8,213,350,12810,1008,8512,4298,8512,4268.82,9399.69,14.5,42.2,1,New Year Sale,1,4.7,11,5.21,KES,1.308762,98.0,3.0,49.09,2388.27,Launch,45.2,54.8,Winter,New Year Sale,Action-Adventure,Gen9
GTA5-110800,2023,1,1,Kuwait,KWT,Asia,PS5,Premium Edition,Digital,Rockstar Games Launcher,735,5784.45,7.87,47.5,68.6,31.4,231,504,17105,1110,9500,7605,9500,9992.84,23757.19,14.3,47.1,1,New Year Sale,1,4.59,16,1.48,KWD,0.0000003127,98.0,6.46,3.79,53238.81,Launch,52.2,47.8,Winter,New Year Sale,Action-Adventure,Gen9
GTA5-110811,2023,1,1,Lebanon,LBN,Asia,PS5,Standard Edition,Digital,Microsoft Store,327,3063.99,9.37,37.5,64.5,35.5,100,227,8185,730,5136,3049,5136,3618.79,9481.22,13.2,55.9,1,New Year Sale,1,4.27,3,3.36,LBP,890.767972,98.0,1.08,6.58,10246.23,Launch,48.9,51.1,Winter,New Year Sale,Action-Adventure,Gen9
GTA5-110804,2023,1,1,Lithuania,LTU,Europe,PS5,Premium Edition,Digital,Steam,935,6395.4,6.84,54.4,65.6,34.4,328,607,11225,844,6312,4913,6312,5074.19,11718.94,15.5,51.1,1,New Year Sale,1,4.43,26,5.26,EUR,0.0000008883,98.0,1.68,3.24,20221.8,Launch,35.6,64.4,Winter,New Year Sale,Action-Adventure,Gen9
GTA5-110757,2023,1,1,Mexico,MEX,North America,PS5,Standard Edition,Digital,Steam,1329,11615.46,8.74,41.7,63.6,36.4,452,877,42305,3583,26134,16171,26134,26540.49,53453.28,19.0,36.5,1,New Year Sale,1,4.38,25,2.69,MXN,0.185195,98.0,135.61,136.1,14153.02,Launch,52.2,47.8,Winter,New Year Sale,Action-Adventure,Gen9
GTA5-110836,2023,1,1,Oman,OMN,Asia,PS5,Premium Edition,Digital,Steam,517,2946.9,5.7,62,66.7,33.3,154,363,15704,1302,9329,6375,9329,3770.64,13248.97,15.2,39.6,1,New Year Sale,1,4.58,12,1.73,OMR,0.0000003813,98.0,2.17,4.46,21744.6,Launch,39.8,60.2,Winter,New Year Sale,Action-Adventure,Gen9
GTA5-110835,2023,1,1,Pakistan,PAK,Asia,Xbox Series X|S,Premium Edition,Digital,Microsoft Store,495,3732.3,7.54,49.7,62.9,37.1,175,320,18112,911,10508,7604,10508,3091.89,10812.39,13.9,47.4,1,New Year Sale,1,4.94,6,2.63,PKR,2.764683,98.0,14.29,203.04,2198.98,Launch,49.3,50.7,Winter,New Year Sale,Action-Adventure,Gen9
GTA5-110850,2023,1,1,Peru,PER,South America,Xbox Series X|S,Premium Edition,Digital,Steam,415,3062.7,7.38,50.8,68.8,31.2,142,273,8578,638,6364,2214,6364,3202.45,11678.38,16.8,55.8,1,New Year Sale,1,4.61,11,5.61,PEN,0.036917,98.0,5.85,33.47,9106.8,Launch,49.6,50.4,Winter,New Year Sale,Action-Adventure,Gen9
GTA5-110789,2023,1,1,Russia,RUS,Europe,PS5,Standard Edition,Digital,PlayStation Store,2627,21804.1,8.3,44.6,59.2,40.8,809,1818,43735,3100,32430,11305,32430,24584.19,71404.58,16.6,50.3,1,New Year Sale,1,4.34,34,3.81,RUB,0.911174,98.0,271.66,160.65,17614.9,Launch,50.5,49.5,Winter,New Year Sale,Action-Adventure,Gen9
GTA5-110838,2023,1,1,South Korea,KOR,Asia,PS5,Standard Edition,Digital,Steam,2882,25563.34,8.87,40.8,65.4,34.6,975,1907,92579,5507,58149,34430,58149,45563.79,131645.49,16.8,48.3,1,New Year Sale,1,4.31,64,2.77,KRW,13.169452,98.0,250.5,56.9,34393.6,Launch,42.2,57.8,Winter,New Year Sale,Action-Adventure,Gen9
GTA5-110817,2023,1,1,Taiwan,TWN,Asia,Xbox Series X|S,Legacy Edition,Digital,Microsoft Store,1308,7887.24,6.03,59.8,66,34,495,813,44158,2210,27617,16541,27617,9855.86,32216.49,15.3,50.3,1,New Year Sale,1,4.76,14,5.17,TWD,0.315582,98.0,57.77,25.66,25128.6,Launch,43.6,56.4,Winter,New Year Sale,Action-Adventure,Gen9
GTA5-110843,2023,1,1,United States,USA,North America,PS5,Standard Edition,Digital,Steam,6498,46070.82,7.09,52.7,60.9,39.1,2354,4144,180016,14327,99799,80217,99799,49164.58,113567.07,17.3,44.3,1,New Year Sale,1,4.63,190,8.21,USD,0.010004,98.0,7020.02,352.53,62228.93,Launch,36.6,63.4,Winter,New Year Sale,Action-Adventure,Gen9
GTA5-110785,2023,1,1,Vietnam,VNM,Asia,Xbox Series X|S,Premium Edition,Digital,PlayStation Store,1153,8866.57,7.69,48.7,69.4,30.6,381,772,33331,2808,20955,12376,20955,18045.29,50940.09,17.9,53.8,1,New Year Sale,1,4.37,11,2.79,VND,245.234592,98.0,20.34,100.4,3723.6,Launch,54.9,45.1,Winter,New Year Sale,Action-Adventure,Gen9
GTA5-110935,2023,2,1,Australia,AUS,Oceania,PS5,Standard Edition,Digital,Rockstar Games Launcher,1075,15232.75,14.17,5.5,66.2,33.8,322,753,89820,6518,62784,27036,62784,38454.58,132257.91,17.6,65.3,0,None,0,4.79,15,1.28,AUD,0.015115,98.0,267.93,25.68,72454.39,Launch,44.9,55.1,Winter,None,Action-Adventure,Gen9
GTA5-110894,2023,2,1,Azerbaijan,AZE,Asia,PS5,Premium Edition,Digital,Rockstar Games Launcher,196,2614.64,13.34,11,62.6,37.4,74,122,9972,835,6258,3714,6258,2746.87,8588.27,16.3,43.6,0,None,0,4.35,5,2.32,AZN,0.016956,98.0,1.91,10.61,9370.9,Launch,45.3,54.7,Winter,None,Action-Adventure,Gen9
GTA5-110860,2023,2,1,Chile,CHL,South America,PS5,Legacy Edition,Digital,Microsoft Store,214,2829.08,13.22,11.8,71.4,28.6,79,135,11443,773,6759,4684,6759,4228.13,13991.61,13.1,41.3,0,None,0,4.62,3,1.66,CLP,8.914591,98.0,9.07,18.98,18674.35,Launch,46.5,53.5,Winter,None,Action-Adventure,Gen9
GTA5-110899,2023,2,1,China,CHN,Asia,Xbox Series X|S,Premium Edition,Digital,Steam,2084,29717.84,14.26,4.9,61.9,38.1,782,1302,91915,6386,65862,26053,65862,62095.79,128801.07,16.5,34.8,0,None,0,4.53,42,3.15,CNY,0.070975,98.0,4379.36,1547.64,13604.34,Launch,49.9,50.1,Winter,None,Action-Adventure,Gen9
GTA5-110861,2023,2,1,Colombia,COL,South America,Xbox Series X|S,Standard Edition,Digital,Epic Games Store,134,1699.12,12.68,15.4,66.2,33.8,42,92,11899,807,6676,5223,6676,6801.43,14620.65,13.5,35.4,0,None,0,4.54,3,1.38,COP,0.00395678,98.0,16.07,52.48,10630.55,Launch,50.6,49.4,Winter,None,Action-Adventure,Gen9
GTA5-110924,2023,2,1,Czech Republic,CZE,Europe,PS5,Standard Edition,Digital,PlayStation Store,413,5009.69,12.13,19.1,66.5,33.5,150,263,34423,1760,21894,12529,21894,6233.83,24736.71,15.9,34.6,0,None,0,4.58,7,2.8,CZK,0.222853,98.0,13.89,11.72,24690.8,Launch,41.1,58.9,Winter,None,Action-Adventure,Gen9
GTA5-110874,2023,2,1,Denmark,DNK,Europe,PS5,Premium Edition,Digital,Rockstar Games Launcher,788,11520.56,14.62,2.5,64.8,35.2,283,505,47514,2653,27003,20511,27003,12063.67,29810.7,14.2,38.6,0,None,0,4.64,21,4.74,DKK,0.069694,98.0,21.82,6.25,64167.2,Launch,43.8,56.2,Winter,None,Action-Adventure,Gen9
GTA5-110864,2023,2,1,Ecuador,ECU,South America,PS5,Premium Edition,Digital,Steam,125,1598.75,12.79,14.7,73.3,26.7,37,88,6104,538,4244,1860,4244,3376.09,7333.06,14.0,39.2,0,None,0,4.77,3,3.44,USD,0.010038,98.0,1.35,17.87,7867.01,Launch,55.4,44.6,Winter,None,Action-Adventure,Gen9
GTA5-110909,2023,2,1,Fiji,FJI,Oceania,PS5,Legacy Edition,Digital,Microsoft Store,63,730.8,11.6,22.6,65.2,34.8,21,42,4417,339,2636,1781,2636,2350.52,5079.07,15.6,47.4,0,None,0,4.59,3,1.82,FJD,0.022556,98.0,0.04,1.0,5972.03,Launch,49.7,50.3,Winter,None,Action-Adventure,Gen9
GTA5-110875,2023,2,1,Finland,FIN,Europe,PS5,Criminal Enterprise Starter Pack,Digital,Steam,430,5951.2,13.84,7.7,62.9,37.1,129,301,30871,1946,22209,8662,22209,13697.03,31015.67,16.1,39.5,0,None,0,4.66,11,3.06,EUR,0.0000008955,98.0,16.9,6.03,54725.75,Launch,43.9,56.1,Winter,None,Action-Adventure,Gen9
GTA5-110867,2023,2,1,France,FRA,Europe,Xbox Series X|S,Standard Edition,Digital,Epic Games Store,798,10158.54,12.73,15.1,66.5,33.5,267,531,77585,6168,53769,23816,53769,15759.61,56868.06,18.9,46.0,0,None,0,4.51,8,1.41,EUR,0.0000009047,98.0,549.04,73.7,48500.78,Launch,45.7,54.3,Winter,None,Action-Adventure,Gen9
GTA5-110881,2023,2,1,Georgia,GEO,Asia,PS5,Legacy Edition,Digital,Rockstar Games Launcher,158,2212,14,6.6,65.6,34.4,51,107,8421,742,6045,2376,6045,3183.69,10047.91,15.2,61.5,0,None,0,4.61,3,4.24,GEL,0.00000267,98.0,0.42,4.13,6372.45,Launch,48.3,51.7,Winter,None,Action-Adventure,Gen9
GTA5-110923,2023,2,1,Iceland,ISL,Europe,PS5,Standard Edition,Digital,PlayStation Store,173,2394.32,13.84,7.7,68.6,31.4,56,117,8545,605,6360,2185,6360,3085.57,6245.01,17.8,49.9,0,None,0,4.32,3,3.97,ISK,1.388977,98.0,0.41,0.37,57387.38,Launch,43.7,56.3,Winter,None,Action-Adventure,Gen9
GTA5-110906,2023,2,1,Kazakhstan,KAZ,Asia,Xbox Series X|S,Standard Edition,Digital,Steam,234,3198.78,13.67,8.8,67.5,32.5,70,164,13387,1101,8440,4947,8440,8291.82,18301.62,13.4,38.4,0,None,0,4.67,3,3.56,KZT,4.471599,98.0,8.78,18.98,16059.75,Launch,43.4,56.6,Winter,None,Action-Adventure,Gen9
GTA5-110897,2023,2,1,Kenya,KEN,Africa,Xbox Series X|S,Standard Edition,Digital,Steam,206,2894.3,14.05,6.3,70.6,29.4,64,142,11807,719,8223,3584,8223,4313.41,9600.7,12.2,47.8,0,None,0,4.31,3,4.13,KES,1.301437,98.0,3.03,49.13,2409.87,Launch,45.1,54.9,Winter,None,Action-Adventure,Gen9
GTA5-110925,2023,2,1,Kuwait,KWT,Asia,PS5,Standard Edition,Digital,PlayStation Store,192,2640,13.75,8.3,63.6,36.4,67,125,19819,1362,14784,5035,14784,13700.11,28265.42,17.0,58.5,0,None,0,4.54,3,3.56,KWD,0.0000003117,98.0,6.41,3.8,52719.19,Launch,55.1,44.9,Winter,None,Action-Adventure,Gen9
GTA5-110932,2023,2,1,Malaysia,MYS,Asia,PS5,Standard Edition,Digital,Epic Games Store,560,7817.6,13.96,6.9,66.8,33.2,196,364,40834,2606,25628,15206,25628,28124.24,56821.39,17.4,27.2,0,None,0,4.95,5,1.62,MYR,0.045354,98.0,30.1,33.5,14038.01,Launch,42.0,58.0,Winter,None,Action-Adventure,Gen9
GTA5-110890,2023,2,1,Myanmar,MMR,Asia,Xbox Series X|S,Premium Edition,Digital,PlayStation Store,86,1146.38,13.33,11.1,69.1,30.9,27,59,5570,452,3552,2018,3552,2055.8,5926.9,15.7,38.3,0,None,0,4.43,3,0.45,MMK,21.137903,98.0,1.19,59.18,2092.95,Launch,43.8,56.2,Winter,None,Action-Adventure,Gen9
GTA5-110927,2023,2,1,Nepal,NPL,Asia,PS5,Premium Edition,Digital,Epic Games Store,82,1032.38,12.59,16,71.4,28.6,24,58,7746,623,4861,2885,4861,3345.43,10609.09,14.7,35.4,0,None,0,4.43,3,4.45,NPR,0.133967,98.0,0.45,31.27,1500.44,Launch,47.9,52.1,Winter,None,Action-Adventure,Gen9
GTA5-110880,2023,2,1,New Zealand,NZL,Oceania,Xbox Series X|S,Legacy Edition,Digital,Rockstar Games Launcher,305,4285.25,14.05,6.3,64.1,35.9,107,198,24688,2074,17800,6888,17800,8370.63,32652.99,15.6,54.3,0,None,0,4.82,5,2.71,NZD,0.016366,98.0,13.1,4.91,46325.46,Launch,48.8,51.2,Winter,None,Action-Adventure,Gen9
GTA5-110873,2023,2,1,Norway,NOR,Europe,Xbox Series X|S,Legacy Edition,Digital,Rockstar Games Launcher,283,3707.3,13.1,12.6,65.3,34.7,106,177,28037,1426,17077,10960,17077,10463.85,33641.6,15.8,37.7,0,None,0,4.31,3,2.15,NOK,0.010292,98.0,34.77,5.69,106102.37,Launch,51.9,48.1,Winter,None,Action-Adventure,Gen9
GTA5-110862,2023,2,1,Peru,PER,South America,Xbox Series X|S,Premium Edition,Digital,Steam,148,2085.32,14.09,6,65.5,34.5,44,104,10855,880,7402,3453,7402,1868.33,6889.62,16.7,45.5,0,None,0,4.66,3,3.05,PEN,0.003739,98.0,5.89,33.5,9162.62,Launch,49.2,50.8,Winter,None,Action-Adventure,Gen9
GTA5-110871,2023,2,1,Poland,POL,Europe,PS5,Standard Edition,Digital,Epic Games Store,744,9411.6,12.65,15.6,65.3,34.7,271,473,39902,2373,27644,12258,27644,27259.86,55686.1,18.9,50.6,0,None,0,4.83,9,1.29,PLN,0.003977,98.0,63.24,42.43,19407.59,Launch,43.7,56.3,Winter,None,Action-Adventure,Gen9
GTA5-110926,2023,2,1,Russia,RUS,Europe,PS5,Standard Edition,Digital,PlayStation Store,1023,13033.02,12.74,15,67.2,32.8,353,670,43766,3328,25175,18591,25175,22603.69,50964.6,14.0,39.9,0,None,0,4.5,16,4.74,RUB,0.893992,98.0,267.25,160.79,17313.3,Launch,47.4,52.6,Winter,None,Action-Adventure,Gen9
GTA5-110921,2023,2,1,Saudi Arabia,SAU,Asia,Xbox Series X|S,Legacy Edition,Digital,PlayStation Store,503,6176.84,12.28,18.1,61.5,38.5,156,347,51755,3257,36129,15626,36129,19753.74,55653.66,18.0,47.4,0,None,0,4.33,12,4.03,SAR,0.038065,98.0,71.11,33.5,27637.95,Launch,51.6,48.4,Winter,None,Action-Adventure,Gen9
GTA5-110905,2023,2,1,Serbia,SRB,Europe,Xbox Series X|S,Legacy Edition,Digital,Epic Games Store,240,3194.4,13.31,11.2,69.6,30.4,75,165,12948,904,7418,5530,7418,4688.11,11055.05,13.3,52.2,0,None,0,4.6,5,3.79,RSD,1.056934,98.0,1.78,8.04,7684.49,Launch,55.5,44.5,Winter,None,Action-Adventure,Gen9
GTA5-110889,2023,2,1,Slovenia,SVN,Europe,Xbox Series X|S,Legacy Edition,Digital,Steam,261,3721.86,14.26,4.9,63.6,36.4,97,164,12494,888,7335,5159,7335,4334.81,13381.24,12.6,43.2,0,None,0,4.35,6,2.85,EUR,0.0000008963,98.0,1.84,2.34,27373.23,Launch,44.5,55.5,Winter,None,Action-Adventure,Gen9
GTA5-110869,2023,2,1,Spain,ESP,Europe,PS5,Standard Edition,Digital,PlayStation Store,1467,18733.59,12.77,14.8,69.4,30.6,539,928,70502,4689,45377,25125,45377,30517.44,96915.03,19.5,57.4,0,None,0,4.59,25,2.29,EUR,0.0000008941,98.0,188.23,52.48,33965.85,Launch,47.4,52.6,Winter,None,Action-Adventure,Gen9
GTA5-110901,2023,2,1,Thailand,THA,Asia,PS5,Legacy Edition,Digital,Microsoft Store,534,7598.82,14.23,5.1,66.4,33.6,190,344,41097,3411,27939,13158,27939,19883.14,46063.42,20.8,44.0,0,None,0,4.46,7,2.09,THB,0.349329,98.0,38.73,74.81,8089.98,Launch,47.3,52.7,Winter,None,Action-Adventure,Gen9
GTA5-110886,2023,2,1,Tunisia,TUN,Africa,PS5,Standard Edition,Digital,Rockstar Games Launcher,178,2369.18,13.31,11.2,64.4,35.6,54,124,8546,682,5872,2674,5872,1935.33,7215.77,15.2,40.6,0,None,0,4.62,3,2.1,TND,0.031332,98.0,1.04,12.28,5307.81,Launch,45.5,54.5,Winter,None,Action-Adventure,Gen9
GTA5-110917,2023,2,1,Turkey,TUR,Europe,PS5,Standard Edition,Digital,Microsoft Store,606,8568.84,14.14,5.7,66.5,33.5,223,383,32516,2187,23396,9120,23396,13515.55,48005.98,16.1,40.8,0,None,0,4.55,8,2.95,TRY,0.268122,98.0,76.38,84.86,14063.93,Launch,47.3,52.7,Winter,None,Action-Adventure,Gen9
GTA5-110898,2023,2,1,Ukraine,UKR,Europe,PS5,Legacy Edition,Digital,PlayStation Store,238,3072.58,12.91,13.9,66.4,33.6,79,159,18772,1386,13158,5614,13158,5365.66,21456.97,15.1,43.5,0,None,0,4.77,6,3.68,UAH,0.037604,98.0,8.75,50.25,5441.62,Launch,39.5,60.5,Winter,None,Action-Adventure,Gen9
GTA5-110855,2023,2,1,United States,USA,North America,Xbox Series X|S,Standard Edition,Digital,PlayStation Store,2291,31455.43,13.73,8.4,67.8,32.2,737,1554,126064,8745,75064,51000,75064,17006.78,67774.75,18.0,49.4,0,None,0,4.77,24,2.01,USD,0.0000009913,98.0,7009.07,352.85,62075.53,Launch,46.1,53.9,Winter,None,Action-Adventure,Gen9
GTA5-110914,2023,2,1,Vietnam,VNM,Asia,Xbox Series X|S,Legacy Edition,Digital,PlayStation Store,582,7903.56,13.58,9.4,70.2,29.8,194,388,24290,1264,15469,8821,15469,7541.93,17765.92,16.8,49.8,0,None,0,4.61,6,5.73,VND,247.829436,98.0,20.31,100.5,3715.7,Launch,43.8,56.2,Winter,None,Action-Adventure,Gen9
GTA5-110947,2023,3,1,Argentina,ARG,South America,PS5,Standard Edition,Digital,Rockstar Games Launcher,592,4102.56,6.93,53.8,70.1,29.9,190,402,28489,1438,16934,11555,16934,18768.1,39596.75,16.9,61.2,0,PlayStation Sale,1,4.28,16,7.0,ARS,3.431161,98.0,28.51,46.94,15818.51,Launch,42.3,57.7,Spring,PlayStation Sale,Action-Adventure,Gen9
GTA5-110992,2023,3,1,Armenia,ARM,Asia,Xbox Series X|S,Standard Edition,Digital,Rockstar Games Launcher,136,1328.72,9.77,34.8,70.1,29.9,45,91,7394,649,4069,3325,4069,3650.86,9271.18,17.9,46.0,0,PlayStation Sale,1,4.61,3,1.31,AMD,3.969027,98.0,0.23,3.24,5562.29,Launch,38.0,62.0,Spring,PlayStation Sale,Action-Adventure,Gen9
GTA5-110969,2023,3,1,Austria,AUT,Europe,Xbox Series X|S,Standard Edition,Digital,Rockstar Games Launcher,669,6268.53,9.37,37.5,62.7,37.3,227,442,27013,1783,17395,9618,17395,11052.73,30531.22,14.9,37.2,0,PlayStation Sale,1,4.53,12,4.27,EUR,0.0000009096,98.0,27.61,9.5,53425.85,Launch,42.7,57.3,Spring,PlayStation Sale,Action-Adventure,Gen9
GTA5-110987,2023,3,1,Belgium,BEL,Europe,PS5,Premium Edition,Digital,PlayStation Store,760,4590.4,6.04,59.7,70.2,29.8,273,487,36572,2905,24203,12369,24203,8244.37,31455.76,16.1,39.0,0,PlayStation Sale,1,4.48,17,2.93,EUR,0.0000009067,98.0,37.27,12.29,49876.64,Launch,49.7,50.3,Spring,PlayStation Sale,Action-Adventure,Gen9
GTA5-111002,2023,3,1,Cambodia,KHM,Asia,Xbox Series X|S,Standard Edition,Digital,PlayStation Store,78,871.26,11.17,25.5,63.5,36.5,23,55,2956,219,1873,1083,1873,585.61,1906.14,13.9,49.0,0,PlayStation Sale,1,4.44,3,5.21,KHR,40.759767,98.0,0.22,16.76,2021.86,Launch,42.6,57.4,Spring,PlayStation Sale,Action-Adventure,Gen9
GTA5-110948,2023,3,1,Chile,CHL,South America,PS5,Standard Edition,Digital,Steam,407,4228.73,10.39,30.7,67.7,32.3,129,278,16282,1203,11893,4389,11893,9506.28,20850.54,15.1,45.2,0,PlayStation Sale,1,4.42,11,2.19,CLP,9.059601,98.0,9.21,19.0,18939.95,Launch,45.7,54.3,Spring,PlayStation Sale,Action-Adventure,Gen9
GTA5-111026,2023,3,1,Estonia,EST,Europe,PS5,Legacy Edition,Digital,Rockstar Games Launcher,342,2021.22,5.91,60.6,66.5,33.5,118,224,16318,1079,11207,5111,11207,8771.82,28193.61,17.1,60.7,0,PlayStation Sale,1,4.8,9,5.71,EUR,0.000000908,98.0,0.87,1.45,23362.6,Launch,47.0,53.0,Spring,PlayStation Sale,Action-Adventure,Gen9
GTA5-110970,2023,3,1,Ethiopia,ETH,Africa,PS5,Standard Edition,Digital,Epic Games Store,183,1579.29,8.63,42.4,70.5,29.5,69,114,8272,506,5618,2654,5618,6024.63,13285.29,13.7,38.2,0,PlayStation Sale,1,4.6,4,4.01,ETB,0.567411,98.0,1.87,107.29,1362.66,Launch,46.6,53.4,Spring,PlayStation Sale,Action-Adventure,Gen9
GTA5-111008,2023,3,1,Fiji,FJI,Oceania,PS5,Standard Edition,Digital,Microsoft Store,82,586.3,7.15,52.3,65.1,34.9,27,55,3121,241,2185,936,2185,1010.31,2175.18,15.2,45.4,0,PlayStation Sale,1,4.49,3,5.76,FJD,0.022589,98.0,0.04,1.01,5844.17,Launch,45.9,54.1,Spring,PlayStation Sale,Action-Adventure,Gen9
GTA5-110963,2023,3,1,Finland,FIN,Europe,PS5,Standard Edition,Digital,Microsoft Store,497,4537.61,9.13,39.1,70.5,29.5,171,326,30063,2600,18764,11299,18764,8752.51,32642.51,15.7,30.7,0,PlayStation Sale,1,4.48,12,1.54,EUR,0.0000008999,98.0,16.67,6.04,53913.74,Launch,51.2,48.8,Spring,PlayStation Sale,Action-Adventure,Gen9
GTA5-110955,2023,3,1,France,FRA,Europe,Xbox Series X|S,Premium Edition,Digital,Rockstar Games Launcher,1915,18537.2,9.68,35.4,63.9,36.1,566,1349,76343,4395,56749,19594,56749,31254.74,110400.26,16.3,45.2,0,PlayStation Sale,1,4.64,20,3.01,EUR,0.0000008766,98.0,547.17,73.76,48295.91,Launch,50.7,49.3,Spring,PlayStation Sale,Action-Adventure,Gen9
GTA5-111020,2023,3,1,Georgia,GEO,Asia,PS5,Standard Edition,Digital,Microsoft Store,232,1610.08,6.94,53.7,59.8,40.2,74,158,9015,540,6233,2782,6233,4105.08,14816.37,14.0,44.3,0,PlayStation Sale,1,4.49,6,6.66,GEL,0.026982,98.0,0.43,4.14,6442.79,Launch,45.3,54.7,Spring,PlayStation Sale,Action-Adventure,Gen9
GTA5-110972,2023,3,1,Ghana,GHA,Africa,PS5,Legacy Edition,Digital,PlayStation Store,285,2704.65,9.49,36.7,67.2,32.8,89,196,9363,669,5685,3678,5685,4874.01,10486.1,12.9,54.8,0,PlayStation Sale,1,4.58,7,4.07,GHS,0.119083,98.0,1.62,29.06,2908.78,Launch,50.1,49.9,Spring,PlayStation Sale,Action-Adventure,Gen9
GTA5-111014,2023,3,1,Greece,GRC,Europe,Xbox Series X|S,Legacy Edition,Digital,Microsoft Store,329,3421.6,10.4,30.6,64.6,35.4,117,212,18751,1503,12284,6467,12284,8649.54,29508.16,15.3,37.8,0,PlayStation Sale,1,4.56,5,3.65,EUR,0.0000008938,98.0,10.55,12.29,24391.42,Launch,36.8,63.2,Spring,PlayStation Sale,Action-Adventure,Gen9
GTA5-111001,2023,3,1,Hungary,HUN,Europe,Xbox Series X|S,Premium Edition,Digital,Rockstar Games Launcher,502,2725.86,5.43,63.8,61.5,38.5,147,355,19094,1190,12534,6560,12534,9218.61,27659.15,16.0,46.0,0,PlayStation Sale,1,4.7,9,1.88,HUF,3.496347,98.0,7.96,11.06,18747.45,Launch,43.0,57.0,Spring,PlayStation Sale,Action-Adventure,Gen9
GTA5-110971,2023,3,1,Iceland,ISL,Europe,Xbox Series X|S,Standard Edition,Digital,Rockstar Games Launcher,277,2598.26,9.38,37.4,68,32,89,188,12231,1077,8582,3649,8582,4576.28,12113.11,18.4,47.7,0,PlayStation Sale,1,4.43,8,2.37,ISK,1.385251,98.0,0.41,0.37,57200.02,Launch,41.9,58.1,Spring,PlayStation Sale,Action-Adventure,Gen9
GTA5-111018,2023,3,1,Indonesia,IDN,Asia,Xbox Series X|S,Standard Edition,Digital,PlayStation Store,766,6924.64,9.04,39.7,69.1,30.9,257,509,34828,2454,20070,14758,20070,12602.09,46948.27,13.2,27.5,0,PlayStation Sale,1,4.64,10,3.76,IDR,157.673698,98.0,110.76,279.41,5630.57,Launch,45.3,54.7,Spring,PlayStation Sale,Action-Adventure,Gen9
GTA5-111007,2023,3,1,Israel,ISR,Asia,PS5,Premium Edition,Digital,PlayStation Store,780,6559.8,8.41,43.9,68.1,31.9,283,497,27303,1502,15163,12140,15163,10056.52,21365.66,15.0,34.5,0,PlayStation Sale,1,4.84,18,2.49,ILS,0.036889,98.0,21.37,9.05,41000.77,Launch,47.6,52.4,Spring,PlayStation Sale,Action-Adventure,Gen9
GTA5-110956,2023,3,1,Italy,ITA,Europe,PS5,Premium Edition,Digital,PlayStation Store,1433,10417.91,7.27,51.5,69.6,30.4,514,919,67379,5332,41222,26157,41222,24448.58,77301.4,16.3,50.9,0,PlayStation Sale,1,4.8,42,2.01,EUR,0.0000008893,98.0,297.69,67.06,39634.89,Launch,47.9,52.1,Spring,PlayStation Sale,Action-Adventure,Gen9
GTA5-110984,2023,3,1,Jordan,JOR,Asia,PS5,Standard Edition,Digital,PlayStation Store,236,2006,8.5,43.3,64,36,79,157,12810,645,9584,3226,9584,7361.33,16523.98,15.8,51.5,0,PlayStation Sale,1,4.38,5,3.67,JOD,0.0000007183,98.0,0.79,7.26,5666.62,Launch,51.8,48.2,Spring,PlayStation Sale,Action-Adventure,Gen9
GTA5-111028,2023,3,1,Kazakhstan,KAZ,Asia,Xbox Series X|S,Standard Edition,Digital,Microsoft Store,372,2689.56,7.23,51.8,66,34,136,236,11220,644,7983,3237,7983,3848.59,9573.56,17.5,49.0,0,PlayStation Sale,1,4.76,9,5.62,KZT,4.554507,98.0,8.82,19.0,16122.45,Launch,45.9,54.1,Spring,PlayStation Sale,Action-Adventure,Gen9
GTA5-110993,2023,3,1,Kuwait,KWT,Asia,PS5,Legacy Edition,Digital,Steam,630,3843,6.1,59.3,65.7,34.3,201,429,31566,1816,19153,12413,19153,22287.6,46283.09,14.5,34.4,0,PlayStation Sale,1,4.7,12,5.57,KWD,0.0000003106,98.0,6.4,3.8,52629.44,Launch,39.7,60.3,Spring,PlayStation Sale,Action-Adventure,Gen9
GTA5-111006,2023,3,1,Latvia,LVA,Europe,PS5,Premium Edition,Digital,Microsoft Store,291,2103.93,7.23,51.8,70.5,29.5,96,195,14040,1106,9841,4199,9841,7421.05,15824.45,15.9,49.0,0,PlayStation Sale,1,4.47,6,7.74,EUR,0.0000009061,98.0,0.96,2.24,19166.47,Launch,47.7,52.3,Spring,PlayStation Sale,Action-Adventure,Gen9
GTA5-110980,2023,3,1,Morocco,MAR,Africa,Xbox Series X|S,Standard Edition,Digital,PlayStation Store,329,2701.09,8.21,45.2,67.2,32.8,115,214,14927,1305,8555,6372,8555,6605.88,13915.09,15.8,47.8,0,PlayStation Sale,1,4.69,3,3.27,MAD,0.101139,98.0,4.93,36.88,4644.85,Launch,45.7,54.3,Spring,PlayStation Sale,Action-Adventure,Gen9
GTA5-110998,2023,3,1,Myanmar,MMR,Asia,PS5,Standard Edition,Digital,PlayStation Store,168,1745.52,10.39,30.7,67.3,32.7,49,119,5059,375,3765,1294,3765,3066.37,7625.47,17.9,39.7,0,PlayStation Sale,1,4.62,3,4.06,MMK,21.396323,98.0,1.2,59.24,2114.52,Launch,55.5,44.5,Spring,PlayStation Sale,Action-Adventure,Gen9
GTA5-110976,2023,3,1,Nepal,NPL,Asia,PS5,Premium Edition,Digital,Rockstar Games Launcher,105,731.85,6.97,53.5,68.1,31.9,39,66,6310,432,4142,2168,4142,2640.5,7376.94,11.7,53.0,0,PlayStation Sale,1,4.55,3,4.34,NPR,0.132275,98.0,0.45,31.29,1509.13,Launch,47.8,52.2,Spring,PlayStation Sale,Action-Adventure,Gen9
GTA5-111000,2023,3,1,Nigeria,NGA,Africa,PS5,Premium Edition,Digital,Epic Games Store,692,6068.84,8.77,41.5,70.4,29.6,222,470,22514,1199,12603,9911,12603,6287.65,15778.6,13.8,51.2,0,PlayStation Sale,1,4.46,6,0.98,NGN,9.005681,98.0,36.78,194.47,4221.07,Launch,43.4,56.6,Spring,PlayStation Sale,Action-Adventure,Gen9
GTA5-110961,2023,3,1,Norway,NOR,Europe,Xbox Series X|S,Standard Edition,Digital,Microsoft Store,629,4748.95,7.55,49.6,60.8,39.2,202,427,25689,1403,15310,10379,15310,12608.15,26537.84,12.7,57.7,0,PlayStation Sale,1,4.57,15,3.33,NOK,0.104895,98.0,35.01,5.7,106636.53,Launch,43.2,56.8,Spring,PlayStation Sale,Action-Adventure,Gen9
GTA5-110985,2023,3,1,Oman,OMN,Asia,PS5,Premium Edition,Digital,Steam,374,2580.6,6.9,54,62,38,118,256,14109,706,8428,5681,8428,5962.18,12045.28,13.0,44.6,0,PlayStation Sale,1,4.46,4,4.25,OMR,0.0000003791,98.0,2.22,4.47,22166.71,Launch,36.5,63.5,Spring,PlayStation Sale,Action-Adventure,Gen9
GTA5-111038,2023,3,1,Peru,PER,South America,Xbox Series X|S,Legacy Edition,Digital,Steam,231,2132.13,9.23,38.4,67,33,72,159,9708,731,5962,3746,5962,6487.31,14334.39,13.7,46.8,0,PlayStation Sale,1,4.53,4,2.81,PEN,0.037332,98.0,5.87,33.53,9118.45,Launch,45.1,54.9,Spring,PlayStation Sale,Action-Adventure,Gen9
GTA5-111015,2023,3,1,Qatar,QAT,Asia,Xbox Series X|S,Standard Edition,Digital,Rockstar Games Launcher,533,4002.83,7.51,49.9,68.7,31.3,162,371,13654,688,9301,4353,9301,5381.31,18634.88,17.2,38.5,0,PlayStation Sale,1,4.51,14,3.63,QAR,0.036211,98.0,8.98,2.46,95077.7,Launch,50.2,49.8,Spring,PlayStation Sale,Action-Adventure,Gen9
GTA5-111013,2023,3,1,Romania,ROU,Europe,Xbox Series X|S,Standard Edition,Digital,Microsoft Store,485,5213.75,10.75,28.3,68.3,31.7,151,334,19715,1287,12597,7118,12597,5487.84,14222.92,17.0,39.8,0,PlayStation Sale,1,4.51,9,1.86,RON,0.004497,98.0,13.34,21.79,14713.38,Launch,52.0,48.0,Spring,PlayStation Sale,Action-Adventure,Gen9
GTA5-111009,2023,3,1,Saudi Arabia,SAU,Asia,Xbox Series X|S,Standard Edition,Digital,PlayStation Store,1194,8358,7,53.3,65.3,34.7,400,794,41224,2936,24513,16711,24513,26820.53,58564.68,15.3,51.2,0,PlayStation Sale,1,4.69,21,3.91,SAR,0.037438,98.0,71.1,33.53,27610.55,Launch,41.6,58.4,Spring,PlayStation Sale,Action-Adventure,Gen9
GTA5-110997,2023,3,1,Serbia,SRB,Europe,Xbox Series X|S,Standard Edition,Digital,Rockstar Games Launcher,383,3247.84,8.48,43.4,63.5,36.5,131,252,14947,1248,9990,4957,9990,3604.55,10613.79,14.8,46.8,0,PlayStation Sale,1,4.47,10,3.82,RSD,1.048015,98.0,1.77,8.05,7648.54,Launch,39.8,60.2,Spring,PlayStation Sale,Action-Adventure,Gen9
GTA5-110967,2023,3,1,Singapore,SGP,Asia,PS5,Standard Edition,Digital,Epic Games Store,882,7876.26,8.93,40.4,67,33,282,600,30304,1792,21780,8524,21780,6690.71,24875.68,16.0,29.0,0,PlayStation Sale,1,4.55,13,3.43,SGD,0.001325,98.0,23.0,6.04,59489.42,Launch,48.0,52.0,Spring,PlayStation Sale,Action-Adventure,Gen9
GTA5-110989,2023,3,1,Slovenia,SVN,Europe,PS5,Standard Edition,Digital,Rockstar Games Launcher,446,2814.26,6.31,57.9,61.8,38.2,135,311,18849,1604,10405,8444,10405,10324.8,24796.83,13.8,34.0,0,PlayStation Sale,1,4.2,9,2.34,EUR,0.0000008937,98.0,1.84,2.35,27240.61,Launch,43.9,56.1,Spring,PlayStation Sale,Action-Adventure,Gen9
GTA5-110964,2023,3,1,Switzerland,CHE,Europe,Xbox Series X|S,Criminal Enterprise Starter Pack,Digital,Rockstar Games Launcher,1039,7937.96,7.64,49,63.2,36.8,327,712,27829,1419,19524,8305,19524,6896.98,24543.05,15.8,55.7,0,PlayStation Sale,1,4.55,12,2.53,CHF,0.0000008716,98.0,52.0,9.05,89775.56,Launch,50.0,50.0,Spring,PlayStation Sale,Action-Adventure,Gen9
GTA5-111004,2023,3,1,Tunisia,TUN,Africa,PS5,Standard Edition,Digital,Epic Games Store,299,1811.94,6.06,59.6,68.2,31.8,112,187,7761,541,5563,2198,5563,3158.17,10742.06,14.2,46.6,0,PlayStation Sale,1,4.56,3,5.12,TND,0.031422,98.0,1.06,12.29,5379.64,Launch,47.3,52.7,Spring,PlayStation Sale,Action-Adventure,Gen9
GTA5-110943,2023,3,1,United States,USA,North America,Xbox Series X|S,Standard Edition,Digital,Epic Games Store,3237,32985.03,10.19,32,65,35,1106,2131,157011,10706,89233,67778,89233,84238.31,220893.83,17.4,39.7,0,PlayStation Sale,1,4.55,80,0.61,USD,0.010061,98.0,7084.43,353.18,62684.32,Launch,46.9,53.1,Spring,PlayStation Sale,Action-Adventure,Gen9
GTA5-111045,2023,4,2,Argentina,ARG,South America,Xbox Series X|S,Standard Edition,Digital,Rockstar Games Launcher,293,4160.6,14.2,5.3,68.8,31.2,102,191,24873,1300,17416,7457,17416,9698.69,25959.28,13.7,47.5,0,None,0,4.76,4,2.16,ARS,3.543499,98.0,28.61,46.98,15859.28,Growth,41.0,59.0,Spring,None,Action-Adventure,Gen9
GTA5-111110,2023,4,2,Armenia,ARM,Asia,Xbox Series X|S,Premium Edition,Digital,Epic Games Store,97,1325.99,13.67,8.8,66.6,33.4,28,69,5694,308,3851,1843,3851,1945.05,3908.05,15.0,52.7,0,None,0,4.43,3,2.54,AMD,4.082203,98.0,0.23,3.24,5626.46,Growth,47.1,52.9,Spring,None,Action-Adventure,Gen9
GTA5-111078,2023,4,2,Australia,AUS,Oceania,Xbox Series X|S,Legacy Edition,Digital,Epic Games Store,684,10123.2,14.8,1.3,68.3,31.7,223,461,69184,6104,49345,19839,49345,20850.59,82428.29,17.3,55.5,0,None,0,4.35,8,1.82,AUD,0.015497,98.0,268.46,25.73,72456.73,Growth,45.9,54.1,Spring,None,Action-Adventure,Gen9
GTA5-111044,2023,4,2,Brazil,BRA,South America,PS5,Standard Edition,Digital,Epic Games Store,866,12167.3,14.05,6.3,67.6,32.4,255,611,49254,4380,36550,12704,36550,20556.79,59697.34,16.0,40.5,0,None,0,4.5,10,3.91,BRL,0.051682,98.0,278.16,224.85,13807.0,Growth,54.3,45.7,Spring,None,Action-Adventure,Gen9
GTA5-111085,2023,4,2,Cambodia,KHM,Asia,Xbox Series X|S,Premium Edition,Digital,Microsoft Store,41,504.71,12.31,17.9,68,32,13,28,3594,315,2139,1455,2139,1146.44,4036.82,10.8,36.6,0,None,0,4.51,3,2.2,KHR,41.138861,98.0,0.22,16.78,2029.38,Growth,38.9,61.1,Spring,None,Action-Adventure,Gen9
GTA5-111042,2023,4,2,Canada,CAN,North America,Xbox Series X|S,Standard Edition,Digital,Steam,686,9398.2,13.7,8.6,74.2,25.8,204,482,38918,3415,22323,16595,22323,16225.91,34057.08,16.5,50.9,0,None,0,4.49,12,3.82,CAD,0.001304,98.0,224.07,39.15,59619.61,Growth,49.0,51.0,Spring,None,Action-Adventure,Gen9
GTA5-111046,2023,4,2,Chile,CHL,South America,Xbox Series X|S,Standard Edition,Digital,Rockstar Games Launcher,273,4010.37,14.69,2,68.3,31.7,89,184,13813,921,7810,6003,7810,6274.81,17653.41,13.8,44.6,0,None,0,4.63,3,2.78,CLP,9.007621,98.0,9.09,19.02,18669.46,Growth,43.0,57.0,Spring,None,Action-Adventure,Gen9
GTA5-111047,2023,4,2,Colombia,COL,South America,PS5,Premium Edition,Digital,PlayStation Store,317,4197.08,13.24,11.7,67.3,32.7,109,208,16297,1360,11824,4473,11824,6783.15,17851.53,14.3,44.5,0,None,0,4.79,7,1.22,COP,39.561709,98.0,15.89,52.58,10490.79,Growth,44.8,55.2,Spring,None,Action-Adventure,Gen9
GTA5-111089,2023,4,2,Czech Republic,CZE,Europe,PS5,Premium Edition,Digital,Microsoft Store,545,6414.65,11.77,21.5,65.4,34.6,184,361,32753,2278,20432,12321,20432,16484.8,37006.02,14.1,40.6,0,None,0,4.71,11,0.8,CZK,0.227132,98.0,13.89,11.75,24631.17,Growth,52.2,47.8,Spring,None,Action-Adventure,Gen9
GTA5-111050,2023,4,2,Ecuador,ECU,South America,Xbox Series X|S,Standard Edition,Digital,Steam,74,1033.04,13.96,6.9,62.6,37.4,23,51,5142,422,3582,1560,3582,3674.4,8066.92,16.9,58.0,0,None,0,4.56,3,1.69,USD,0.0000009877,98.0,1.34,17.9,7798.64,Growth,47.3,52.7,Spring,None,Action-Adventure,Gen9
GTA5-111123,2023,4,2,Egypt,EGY,Africa,PS5,Standard Edition,Digital,Epic Games Store,537,7066.92,13.16,12.2,67.3,32.7,177,360,26884,1690,16003,10881,16003,6882.14,21858.41,15.3,40.8,0,None,0,4.46,14,2.08,EGP,0.314893,98.0,19.01,101.8,4488.56,Growth,42.4,57.6,Spring,None,Action-Adventure,Gen9
GTA5-111094,2023,4,2,Estonia,EST,Europe,PS5,Standard Edition,Digital,PlayStation Store,200,2222,11.11,25.9,72.1,27.9,59,141,19079,1050,12801,6278,12801,7140.26,23550.49,13.8,43.0,0,None,0,4.49,3,3.31,EUR,0.0000009003,98.0,0.88,1.45,23788.11,Growth,49.8,50.2,Spring,None,Action-Adventure,Gen9
GTA5-111111,2023,4,2,Fiji,FJI,Oceania,PS5,Premium Edition,Digital,Epic Games Store,84,1064.28,12.67,15.5,63.4,36.6,30,54,4460,349,2474,1986,2474,1743.74,4420.21,12.9,49.5,0,None,0,4.68,3,2.93,FJD,0.022695,98.0,0.04,1.01,5929.65,Growth,42.3,57.7,Spring,None,Action-Adventure,Gen9
GTA5-111053,2023,4,2,France,FRA,Europe,PS5,Criminal Enterprise Starter Pack,Digital,Microsoft Store,1154,16363.72,14.18,5.4,69,31,407,747,90799,4726,67241,23558,67241,29741.44,94877.23,20.2,44.5,0,None,0,4.23,27,2.98,EUR,0.0000008988,98.0,552.92,73.83,48757.09,Growth,38.0,62.0,Spring,None,Action-Adventure,Gen9
GTA5-111092,2023,4,2,Georgia,GEO,Asia,Xbox Series X|S,Standard Edition,Digital,Epic Games Store,149,2233.51,14.99,0,67.3,32.7,52,97,6688,388,3683,3005,3683,2341.06,5713.31,10.8,43.8,0,None,0,4.53,3,3.49,GEL,0.026696,98.0,0.43,4.14,6512.88,Growth,45.6,54.4,Spring,None,Action-Adventure,Gen9
GTA5-111052,2023,4,2,Germany,DEU,Europe,Xbox Series X|S,Legacy Edition,Digital,Microsoft Store,1532,21846.32,14.26,4.9,68.4,31.6,505,1027,112137,9758,75006,37131,75006,43005.74,162625.12,17.6,41.6,0,None,0,4.52,22,1.69,EUR,0.0000009042,98.0,934.91,90.61,53739.07,Growth,48.4,51.6,Spring,None,Action-Adventure,Gen9
GTA5-111118,2023,4,2,Hungary,HUN,Europe,PS5,Standard Edition,Digital,Rockstar Games Launcher,244,3657.56,14.99,0,70.3,29.7,73,171,28358,1665,16908,11450,16908,7565.27,18411.98,17.1,53.8,0,None,0,4.55,3,3.76,HUF,3.488888,98.0,7.92,11.07,18628.42,Growth,55.6,44.4,Spring,None,Action-Adventure,Gen9
GTA5-111088,2023,4,2,India,IND,Asia,PS5,Standard Edition,Digital,Steam,842,12486.86,14.83,1.1,67.7,32.3,279,563,81877,7083,59550,22327,59550,30142.5,70499.45,17.9,52.0,0,None,0,4.49,9,1.93,INR,0.829167,98.0,444.28,1400.57,2832.27,Growth,47.2,52.8,Spring,None,Action-Adventure,Gen9
GTA5-111124,2023,4,2,Iraq,IRQ,Asia,Xbox Series X|S,Premium Edition,Digital,Steam,125,1606.25,12.85,14.3,67.5,32.5,42,83,7774,633,5270,2504,5270,2059.28,4752.74,15.8,37.5,0,None,0,4.46,3,2.18,IQD,12.986684,98.0,5.47,38.03,7489.7,Growth,53.2,46.8,Spring,None,Action-Adventure,Gen9
GTA5-111093,2023,4,2,Jordan,JOR,Asia,PS5,Standard Edition,Digital,Microsoft Store,185,2094.2,11.32,24.5,70.5,29.5,55,130,14069,1148,8513,5556,8513,4835.67,13737.65,13.8,43.1,0,None,0,4.6,3,0.59,JOD,0.0000007115,98.0,0.79,7.27,5657.5,Growth,46.6,53.4,Spring,None,Action-Adventure,Gen9
GTA5-111098,2023,4,2,Kazakhstan,KAZ,Asia,Xbox Series X|S,Legacy Edition,Digital,Steam,212,2628.8,12.4,17.3,63.2,36.8,75,137,12004,669,6921,5083,6921,4873.71,11486.05,15.9,49.9,0,None,0,4.63,4,4.17,KZT,4.472115,98.0,8.95,19.02,16331.75,Growth,46.0,54.0,Spring,None,Action-Adventure,Gen9
GTA5-111084,2023,4,2,Kuwait,KWT,Asia,PS5,Standard Edition,Digital,PlayStation Store,305,3656.95,11.99,20,65.5,34.5,91,214,19442,1418,11886,7556,11886,7645.99,16926.0,14.9,35.9,0,None,0,4.32,7,5.71,KWD,0.0000003087,98.0,6.45,3.8,53075.52,Growth,50.4,49.6,Spring,None,Action-Adventure,Gen9
GTA5-111076,2023,4,2,Latvia,LVA,Europe,Xbox Series X|S,Criminal Enterprise Starter Pack,Digital,Microsoft Store,161,2020.55,12.55,16.3,72.2,27.8,57,104,13512,980,7978,5534,7978,7695.67,17551.13,15.8,47.7,0,None,0,4.6,3,3.27,EUR,0.000000901,98.0,0.98,2.24,19598.56,Growth,41.2,58.8,Spring,None,Action-Adventure,Gen9
GTA5-111079,2023,4,2,Luxembourg,LUX,Europe,PS5,Standard Edition,Digital,Steam,219,2941.17,13.43,10.4,63.8,36.2,80,139,14321,1135,9358,4963,9358,7420.24,19425.18,14.6,47.5,0,None,0,4.58,3,3.82,EUR,0.0000009028,98.0,1.62,0.62,116509.9,Growth,38.4,61.6,Spring,None,Action-Adventure,Gen9
GTA5-111114,2023,4,2,Malaysia,MYS,Asia,Xbox Series X|S,Standard Edition,Digital,Steam,545,6322,11.6,22.6,68.9,31.1,159,386,33426,2238,22888,10538,22888,17739.87,47243.61,16.1,41.3,0,None,0,4.63,11,4.63,MYR,0.045797,98.0,29.83,33.56,13887.02,Growth,49.4,50.6,Spring,None,Action-Adventure,Gen9
GTA5-111115,2023,4,2,Morocco,MAR,Africa,Xbox Series X|S,Standard Edition,Digital,Rockstar Games Launcher,212,2711.48,12.79,14.7,65.1,34.9,77,135,13885,1236,8751,5134,8751,5255.89,19530.73,16.7,43.7,0,None,0,4.51,3,5.78,MAD,0.101995,98.0,4.96,36.92,4661.28,Growth,42.5,57.5,Spring,None,Action-Adventure,Gen9
GTA5-111068,2023,4,2,Nigeria,NGA,Africa,PS5,Legacy Edition,Digital,PlayStation Store,434,5906.74,13.61,9.2,67.6,32.4,137,297,24021,1343,17244,6777,17244,12190.52,36285.09,14.4,58.2,0,None,0,4.69,9,4.09,NGN,9.027701,98.0,36.58,194.65,4195.05,Growth,49.3,50.7,Spring,None,Action-Adventure,Gen9
GTA5-111082,2023,4,2,Pakistan,PAK,Asia,PS5,Standard Edition,Digital,Steam,344,4554.56,13.24,11.7,64.4,35.6,111,233,17178,970,11362,5816,11362,4555.31,11865.27,16.8,47.2,0,None,0,4.67,3,3.22,PKR,2.780309,98.0,14.4,203.6,2209.59,Growth,53.1,46.9,Spring,None,Action-Adventure,Gen9
GTA5-111057,2023,4,2,Poland,POL,Europe,PS5,Premium Edition,Digital,Epic Games Store,756,10085.04,13.34,11,65.7,34.3,221,535,40960,2278,23752,17208,23752,24161.18,52502.15,16.0,44.6,0,None,0,4.52,14,4.25,PLN,0.039975,98.0,63.9,42.51,19572.07,Growth,34.5,65.5,Spring,None,Action-Adventure,Gen9
GTA5-111105,2023,4,2,Qatar,QAT,Asia,PS5,Standard Edition,Digital,Microsoft Store,271,3346.85,12.35,17.6,71,29,85,186,23357,1596,16092,7265,16092,10820.11,24731.05,18.9,48.8,0,None,0,4.46,7,5.46,QAR,0.036755,98.0,9.09,2.46,96176.77,Growth,42.7,57.3,Spring,None,Action-Adventure,Gen9
GTA5-111101,2023,4,2,Romania,ROU,Europe,PS5,Premium Edition,Digital,PlayStation Store,279,3470.76,12.44,17,65.5,34.5,98,181,26910,2187,17375,9535,17375,14492.52,34141.81,15.6,48.9,0,None,0,4.46,4,3.27,RON,0.045479,98.0,13.51,21.81,14894.79,Growth,39.3,60.7,Spring,None,Action-Adventure,Gen9
GTA5-111064,2023,4,2,Taiwan,TWN,Asia,PS5,Standard Edition,Digital,Microsoft Store,994,13081.04,13.16,12.2,67.3,32.7,312,682,57395,3357,43004,14391,43004,21700.94,78487.56,16.6,59.3,0,None,0,4.52,9,2.83,TWD,0.00003125,98.0,58.84,25.73,25521.42,Growth,40.4,59.6,Spring,None,Action-Adventure,Gen9
GTA5-111117,2023,4,2,Thailand,THA,Asia,PS5,Standard Edition,Digital,Rockstar Games Launcher,529,6607.21,12.49,16.7,67.2,32.8,181,348,45703,3109,30726,14977,30726,16400.1,45511.5,16.9,46.4,0,None,0,4.52,11,3.5,THB,0.354606,98.0,39.34,74.95,8201.74,Growth,42.9,57.1,Spring,None,Action-Adventure,Gen9
GTA5-111090,2023,4,2,United Arab Emirates,ARE,Asia,Xbox Series X|S,Legacy Edition,Digital,Epic Games Store,565,7328.05,12.97,13.5,71.8,28.2,196,369,32960,2772,22323,10637,22323,7016.46,23458.97,14.7,40.9,0,None,0,4.69,10,2.95,AED,0.036549,98.0,33.72,10.29,46549.91,Growth,38.8,61.2,Spring,None,Action-Adventure,Gen9
GTA5-111049,2023,4,2,Uruguay,URY,South America,Xbox Series X|S,Standard Edition,Digital,PlayStation Store,78,979.68,12.56,16.2,65.2,34.8,29,49,4730,407,3468,1262,3468,1884.66,3972.13,12.4,44.1,0,None,0,4.76,3,4.43,UYU,0.395792,98.0,0.72,3.8,19838.32,Growth,46.6,53.4,Spring,None,Action-Adventure,Gen9
GTA5-111221,2023,5,2,Argentina,ARG,South America,PS5,Premium Edition,Digital,PlayStation Store,543,5853.54,10.78,28.1,67.2,32.8,169,374,26808,2104,18179,8629,18179,9654.99,21163.68,16.4,57.8,0,Epic Mega Sale,1,4.74,6,1.41,ARS,3.482987,98.0,29.14,47.03,16137.34,Growth,47.3,52.7,Spring,Epic Mega Sale,Action-Adventure,Gen9
GTA5-111133,2023,5,2,Argentina,ARG,South America,Xbox Series X|S,Standard Edition,Digital,Steam,474,4299.18,9.07,39.5,74.2,25.8,166,308,18749,1504,13082,5667,13082,9162.4,28748.3,14.8,48.6,0,Epic Mega Sale,1,4.55,7,4.64,ARS,3.466137,98.0,29.11,47.03,16119.6,Growth,37.1,62.9,Spring,Epic Mega Sale,Action-Adventure,Gen9
GTA5-111185,2023,5,2,Australia,AUS,Oceania,Xbox Series X|S,Standard Edition,Digital,Microsoft Store,2110,14580.1,6.91,53.9,70.6,29.4,747,1363,82470,4989,54738,27732,54738,30657.89,118161.5,14.9,47.0,0,Epic Mega Sale,1,4.61,55,3.46,AUD,0.015424,98.0,273.23,25.75,73686.36,Growth,50.8,49.2,Spring,Epic Mega Sale,Action-Adventure,Gen9
GTA5-111159,2023,5,2,Azerbaijan,AZE,Asia,Xbox Series X|S,Criminal Enterprise Starter Pack,Digital,Steam,244,1700.68,6.97,53.5,67.7,32.3,76,168,10699,958,6190,4509,6190,5453.03,13360.26,15.1,44.9,0,Epic Mega Sale,1,4.62,4,5.64,AZN,0.017028,98.0,1.92,10.64,9388.73,Growth,43.3,56.7,Spring,Epic Mega Sale,Action-Adventure,Gen9
GTA5-111130,2023,5,2,Canada,CAN,North America,PS5,Premium Edition,Digital,Steam,1152,11934.72,10.36,30.9,66.6,33.4,361,791,53470,4115,36489,16981,36489,37421.61,81547.89,15.9,42.3,0,Epic Mega Sale,1,4.27,28,4.21,CAD,0.013098,98.0,222.37,39.19,59105.03,Growth,49.8,50.2,Spring,Epic Mega Sale,Action-Adventure,Gen9
GTA5-111218,2023,5,2,Canada,CAN,North America,Xbox Series X|S,Legacy Edition,Digital,Steam,1110,9978.9,8.99,40,68.7,31.3,348,762,34794,2566,20720,14074,20720,15020.72,39871.62,14.2,26.0,0,Epic Mega Sale,1,4.59,22,1.54,CAD,0.013266,98.0,226.98,39.19,60331.75,Growth,50.8,49.2,Spring,Epic Mega Sale,Action-Adventure,Gen9
GTA5-111134,2023,5,2,Chile,CHL,South America,PS5,Standard Edition,Digital,PlayStation Store,431,2745.47,6.37,57.5,63.8,36.2,128,303,14147,1150,9291,4856,9291,3982.25,13483.0,15.4,50.8,0,Epic Mega Sale,1,4.58,4,4.48,CLP,8.910064,98.0,9.21,19.03,18911.56,Growth,40.3,59.7,Spring,Epic Mega Sale,Action-Adventure,Gen9
GTA5-111222,2023,5,2,Chile,CHL,South America,Xbox Series X|S,Legacy Edition,Digital,Microsoft Store,301,3533.74,11.74,21.7,68,32,96,205,16154,1054,8968,7186,8968,8636.85,17933.46,14.8,34.0,0,Epic Mega Sale,1,4.39,6,0.8,CLP,8.892829,98.0,9.21,19.03,18912.11,Growth,52.5,47.5,Spring,Epic Mega Sale,Action-Adventure,Gen9
GTA5-111181,2023,5,2,China,CHN,Asia,PS5,Standard Edition,Digital,Rockstar Games Launcher,2673,26970.57,10.09,32.7,62.5,37.5,861,1812,119757,7258,79100,40657,79100,68860.13,169575.98,16.1,45.7,0,Epic Mega Sale,1,4.52,36,3.36,CNY,0.072171,98.0,4420.75,1551.88,13695.39,Growth,40.3,59.7,Spring,Epic Mega Sale,Action-Adventure,Gen9
GTA5-111135,2023,5,2,Colombia,COL,South America,PS5,Legacy Edition,Digital,Epic Games Store,483,3748.08,7.76,48.2,64.3,35.7,165,318,18481,1084,11772,6709,11772,9200.46,20280.52,14.7,44.4,0,Epic Mega Sale,1,4.64,10,3.38,COP,39.702019,98.0,16.16,52.63,10658.45,Growth,45.4,54.6,Spring,Epic Mega Sale,Action-Adventure,Gen9
GTA5-111223,2023,5,2,Colombia,COL,South America,Xbox Series X|S,Standard Edition,Digital,Rockstar Games Launcher,310,2123.5,6.85,54.3,67.8,32.2,89,221,15912,1170,11314,4598,11314,7364.77,20863.96,17.5,42.4,0,Epic Mega Sale,1,4.8,3,5.5,COP,3.985961,98.0,15.95,52.63,10520.51,Growth,42.5,57.5,Spring,Epic Mega Sale,Action-Adventure,Gen9
GTA5-111188,2023,5,2,Croatia,HRV,Europe,PS5,Premium Edition,Digital,Rockstar Games Launcher,381,2815.59,7.39,50.7,67.7,32.3,127,254,17715,1013,10697,7018,10697,7091.87,20529.18,13.7,38.4,0,Epic Mega Sale,1,4.63,3,4.93,EUR,0.0000008904,98.0,2.03,4.7,16890.11,Growth,46.5,53.5,Spring,Epic Mega Sale,Action-Adventure,Gen9
GTA5-111158,2023,5,2,Cyprus,CYP,Europe,Xbox Series X|S,Premium Edition,Digital,Microsoft Store,205,1242.3,6.06,59.6,70.2,29.8,67,138,9223,639,6093,3130,6093,4949.14,13366.93,14.9,56.1,0,Epic Mega Sale,1,4.56,5,5.78,EUR,0.0000009,98.0,0.46,0.96,30244.72,Growth,49.9,50.1,Spring,Epic Mega Sale,Action-Adventure,Gen9
GTA5-111148,2023,5,2,Denmark,DNK,Europe,PS5,Legacy Edition,Digital,Steam,743,6322.93,8.51,43.2,68.5,31.5,236,507,27824,2264,19922,7902,19922,10395.59,34394.02,14.4,61.6,0,Epic Mega Sale,1,4.61,22,1.72,DKK,0.069506,98.0,21.8,6.27,63905.66,Growth,46.6,53.4,Spring,Epic Mega Sale,Action-Adventure,Gen9
GTA5-111173,2023,5,2,Ethiopia,ETH,Africa,Xbox Series X|S,Premium Edition,Digital,Microsoft Store,205,1469.85,7.17,52.2,72.2,27.8,73,132,5279,365,2984,2295,2984,2328.48,6354.4,13.6,42.5,0,Epic Mega Sale,1,4.3,5,5.08,ETB,0.569161,98.0,1.9,107.49,1377.9,Growth,43.3,56.7,Spring,Epic Mega Sale,Action-Adventure,Gen9
GTA5-111141,2023,5,2,France,FRA,Europe,PS5,Premium Edition,Digital,Epic Games Store,1901,16519.69,8.69,42,62.2,37.8,581,1320,77766,4658,55238,22528,55238,27744.44,100162.07,19.7,48.7,0,Epic Mega Sale,1,4.59,32,2.32,EUR,0.000000902,98.0,552.18,73.9,48645.47,Growth,52.0,48.0,Spring,Epic Mega Sale,Action-Adventure,Gen9
GTA5-111197,2023,5,2,Ghana,GHA,Africa,Xbox Series X|S,Standard Edition,Digital,PlayStation Store,214,1234.78,5.77,61.5,71.7,28.3,67,147,10782,794,6839,3943,6839,3798.11,13894.56,15.9,52.7,0,Epic Mega Sale,1,4.42,4,2.64,GHS,0.119859,98.0,1.64,29.11,2937.69,Growth,45.5,54.5,Spring,Epic Mega Sale,Action-Adventure,Gen9
GTA5-111193,2023,5,2,Hong Kong,HKG,Asia,Xbox Series X|S,Premium Edition,Digital,Microsoft Store,943,9326.27,9.89,34,65.9,34.1,307,636,35340,2718,25652,9688,25652,11792.83,46029.29,17.3,49.8,0,Epic Mega Sale,1,4.71,25,3.23,HKD,0.078983,98.0,26.55,8.06,42897.12,Growth,47.0,53.0,Spring,Epic Mega Sale,Action-Adventure,Gen9
GTA5-111201,2023,5,2,India,IND,Asia,PS5,Premium Edition,Digital,Rockstar Games Launcher,1822,17309,9.5,36.6,65,35,614,1208,70205,6196,43628,26577,43628,15550.76,53605.4,14.8,50.5,0,Epic Mega Sale,1,4.39,43,2.33,INR,0.822487,98.0,447.21,1401.84,2848.39,Growth,48.4,51.6,Spring,Epic Mega Sale,Action-Adventure,Gen9
GTA5-111198,2023,5,2,Ireland,IRL,Europe,PS5,Standard Edition,Digital,Epic Games Store,767,6059.3,7.9,47.3,70.8,29.2,250,517,24239,1913,13668,10571,13668,15451.73,33861.26,13.0,25.5,0,Epic Mega Sale,1,4.56,15,2.58,EUR,0.0000009013,98.0,13.47,5.15,54506.63,Growth,45.7,54.3,Spring,Epic Mega Sale,Action-Adventure,Gen9
GTA5-111142,2023,5,2,Italy,ITA,Europe,Xbox Series X|S,Legacy Edition,Digital,PlayStation Store,1059,10060.5,9.5,36.6,67.1,32.9,333,726,65172,4546,43803,21369,43803,19671.1,66302.91,16.5,50.0,0,Epic Mega Sale,1,4.41,20,3.01,EUR,0.0000008921,98.0,306.22,67.18,40698.7,Growth,48.8,51.2,Spring,Epic Mega Sale,Action-Adventure,Gen9
GTA5-111167,2023,5,2,Jordan,JOR,Asia,Xbox Series X|S,Standard Edition,Digital,Microsoft Store,330,2448.6,7.42,50.5,70.4,29.6,99,231,8282,569,4743,3539,4743,2307.22,8617.38,13.5,45.3,0,Epic Mega Sale,1,4.62,6,4.0,JOD,0.0000007071,98.0,0.79,7.28,5658.06,Growth,34.9,65.1,Spring,Epic Mega Sale,Action-Adventure,Gen9
GTA5-111206,2023,5,2,Kuwait,KWT,Asia,Xbox Series X|S,Standard Edition,Digital,Rockstar Games Launcher,332,3373.12,10.16,32.2,70,30,114,218,15335,1280,10852,4483,10852,11971.77,25122.87,17.7,44.5,0,Epic Mega Sale,1,4.62,8,5.17,KWD,0.0000003106,98.0,6.46,3.81,52971.06,Growth,42.7,57.3,Spring,Epic Mega Sale,Action-Adventure,Gen9
GTA5-111144,2023,5,2,Netherlands,NLD,Europe,Xbox Series X|S,Legacy Edition,Digital,Rockstar Games Launcher,984,6848.64,6.96,53.6,67.3,32.7,302,682,28464,2275,16112,12352,16112,13847.83,36944.0,13.3,40.2,0,Epic Mega Sale,1,4.35,16,2.29,EUR,0.0000008906,98.0,98.13,19.03,57552.62,Growth,50.4,49.6,Spring,Epic Mega Sale,Action-Adventure,Gen9
GTA5-111209,2023,5,2,Nigeria,NGA,Africa,PS5,Criminal Enterprise Starter Pack,Digital,Rockstar Games Launcher,624,6633.12,10.63,29.1,63.9,36.1,209,415,24320,1422,16114,8206,16114,7740.58,16023.13,15.9,40.0,0,Epic Mega Sale,1,4.5,9,4.65,NGN,0.906208,98.0,36.65,194.82,4198.92,Growth,48.6,51.4,Spring,Epic Mega Sale,Action-Adventure,Gen9
GTA5-111147,2023,5,2,Norway,NOR,Europe,PS5,Standard Edition,Digital,Microsoft Store,880,7383.2,8.39,44,65.3,34.7,301,579,45553,2575,28341,17212,28341,10216.07,28743.42,14.6,59.6,0,Epic Mega Sale,1,4.65,15,6.89,NOK,0.105076,98.0,34.82,5.71,105866.27,Growth,44.1,55.9,Spring,Epic Mega Sale,Action-Adventure,Gen9
GTA5-111182,2023,5,2,Oman,OMN,Asia,Xbox Series X|S,Standard Edition,Digital,Epic Games Store,355,2815.15,7.93,47.1,64.5,35.5,103,252,12178,1021,8109,4069,8109,5309.16,15394.31,15.0,35.8,0,Epic Mega Sale,1,4.61,9,0.65,OMR,0.0000003877,98.0,2.16,4.48,21530.13,Growth,56.2,43.8,Spring,Epic Mega Sale,Action-Adventure,Gen9
GTA5-111153,2023,5,2,Pakistan,PAK,Asia,Xbox Series X|S,Premium Edition,Digital,PlayStation Store,396,2934.36,7.41,50.6,67.5,32.5,118,278,13201,921,9015,4186,9015,6141.5,15518.29,15.3,45.8,0,Epic Mega Sale,1,4.53,9,2.62,PKR,2.801416,98.0,14.54,203.78,2229.37,Growth,42.0,58.0,Spring,Epic Mega Sale,Action-Adventure,Gen9
GTA5-111224,2023,5,2,Peru,PER,South America,PS5,Standard Edition,Digital,Epic Games Store,211,1856.8,8.8,41.3,67.8,32.2,68,143,8827,752,5528,3299,5528,4098.82,10375.75,13.7,28.1,0,Epic Mega Sale,1,4.58,5,4.01,PEN,0.037665,98.0,5.91,33.59,9165.6,Growth,46.0,54.0,Spring,Epic Mega Sale,Action-Adventure,Gen9
GTA5-111190,2023,5,2,Portugal,PRT,Europe,Xbox Series X|S,Standard Edition,Digital,PlayStation Store,465,4473.3,9.62,35.8,63.5,36.5,138,327,22007,1429,13021,8986,13021,11519.53,23844.94,14.6,55.7,0,Epic Mega Sale,1,4.51,7,2.73,EUR,0.0000008929,98.0,12.35,11.2,24614.79,Growth,43.4,56.6,Spring,Epic Mega Sale,Action-Adventure,Gen9
GTA5-111151,2023,5,2,Qatar,QAT,Asia,Xbox Series X|S,Standard Edition,Digital,Epic Games Store,320,2969.6,9.28,38.1,67.8,32.2,113,207,17975,1111,10444,7531,10444,9497.4,21388.37,13.4,29.5,0,Epic Mega Sale,1,4.53,3,1.51,QAR,0.036544,98.0,9.2,2.46,97379.54,Growth,43.5,56.5,Spring,Epic Mega Sale,Action-Adventure,Gen9
GTA5-111160,2023,5,2,Romania,ROU,Europe,Xbox Series X|S,Standard Edition,Digital,Rockstar Games Launcher,590,3681.6,6.24,58.4,66.8,33.2,180,410,20022,1420,14766,5256,14766,11917.2,33621.61,15.0,38.0,0,Epic Mega Sale,1,4.69,6,2.86,RON,0.045216,98.0,13.42,21.83,14781.67,Growth,41.4,58.6,Spring,Epic Mega Sale,Action-Adventure,Gen9
GTA5-111189,2023,5,2,Serbia,SRB,Europe,PS5,Standard Edition,Digital,Epic Games Store,432,3227.04,7.47,50.2,69.8,30.2,144,288,13040,960,8676,4364,8676,4147.6,11783.21,12.4,51.8,0,Epic Mega Sale,1,4.56,12,5.85,RSD,1.062477,98.0,1.81,8.06,7808.63,Growth,46.5,53.5,Spring,Epic Mega Sale,Action-Adventure,Gen9
GTA5-111172,2023,5,2,Slovakia,SVK,Europe,Xbox Series X|S,Standard Edition,Digital,PlayStation Store,337,3161.06,9.38,37.4,67.9,32.1,107,230,11783,941,6622,5161,6622,5448.74,14592.77,11.3,31.6,0,Epic Mega Sale,1,4.69,7,1.42,EUR,0.0000009153,98.0,3.49,6.05,22502.58,Growth,44.0,56.0,Spring,Epic Mega Sale,Action-Adventure,Gen9
GTA5-111215,2023,5,2,Slovenia,SVN,Europe,PS5,Criminal Enterprise Starter Pack,Digital,PlayStation Store,215,2240.3,10.42,30.5,66.5,33.5,67,148,17801,1189,11600,6201,11600,4851.88,12853.77,15.8,51.3,0,Epic Mega Sale,1,4.56,4,3.0,EUR,0.0000009102,98.0,1.87,2.35,27571.17,Growth,48.5,51.5,Spring,Epic Mega Sale,Action-Adventure,Gen9
GTA5-111204,2023,5,2,South Africa,ZAF,Africa,PS5,Legacy Edition,Digital,Rockstar Games Launcher,844,5958.64,7.06,52.9,69.5,30.5,285,559,37166,2005,27256,9910,27256,17264.7,46914.27,15.5,35.0,0,Epic Mega Sale,1,4.64,20,3.5,ZAR,0.184907,98.0,30.91,59.34,9043.5,Growth,49.7,50.3,Spring,Epic Mega Sale,Action-Adventure,Gen9
GTA5-111214,2023,5,2,South Korea,KOR,Asia,Xbox Series X|S,Premium Edition,Digital,Rockstar Games Launcher,1291,14123.54,10.94,27,67.3,32.7,395,896,72555,5178,43260,29295,43260,32327.61,107753.53,16.2,55.0,0,Epic Mega Sale,1,4.64,28,3.42,KRW,13.067542,98.0,252.5,57.1,34547.53,Growth,44.7,55.3,Spring,Epic Mega Sale,Action-Adventure,Gen9
GTA5-111143,2023,5,2,Spain,ESP,Europe,PS5,Standard Edition,Digital,Rockstar Games Launcher,1557,13623.75,8.75,41.6,61.4,38.6,461,1096,59738,4537,42813,16925,42813,31289.78,102593.22,17.5,38.4,0,Epic Mega Sale,1,4.63,41,2.3,EUR,0.0000009046,98.0,191.7,52.63,34492.26,Growth,44.4,55.6,Spring,Epic Mega Sale,Action-Adventure,Gen9
GTA5-111180,2023,5,2,Taiwan,TWN,Asia,PS5,Criminal Enterprise Starter Pack,Digital,Microsoft Store,1475,9174.5,6.22,58.5,67.2,32.8,508,967,46632,3389,34162,12470,34162,20485.56,51779.18,16.0,52.9,0,Epic Mega Sale,1,4.68,39,2.94,TWD,0.316373,98.0,58.45,25.75,25335.05,Growth,48.6,51.4,Spring,Epic Mega Sale,Action-Adventure,Gen9
GTA5-111184,2023,5,2,Tunisia,TUN,Africa,PS5,Legacy Edition,Digital,Steam,268,2409.32,8.99,40,70.9,29.1,79,189,11513,685,6478,5035,6478,2709.95,7953.51,14.5,40.1,0,Epic Mega Sale,1,4.53,3,1.02,TND,0.003074,98.0,1.05,12.32,5343.11,Growth,48.4,51.6,Spring,Epic Mega Sale,Action-Adventure,Gen9
GTA5-111171,2023,5,2,Turkey,TUR,Europe,Xbox Series X|S,Standard Edition,Digital,Rockstar Games Launcher,552,4382.88,7.94,47,66.3,33.7,201,351,26199,1549,17127,9072,17127,15359.63,43139.79,15.9,36.9,0,Epic Mega Sale,1,4.82,10,3.12,TRY,0.269575,98.0,75.91,85.1,13938.32,Growth,43.4,56.6,Spring,Epic Mega Sale,Action-Adventure,Gen9
GTA5-111179,2023,5,2,United Arab Emirates,ARE,Asia,PS5,Standard Edition,Digital,Epic Games Store,912,4788,5.25,65,67.9,32.1,323,589,38124,2252,24360,13764,24360,14843.75,59302.13,15.2,45.5,0,Epic Mega Sale,1,4.63,14,3.05,AED,0.036687,98.0,33.31,10.3,45938.42,Growth,54.6,45.4,Spring,Epic Mega Sale,Action-Adventure,Gen9
GTA5-111217,2023,5,2,United States,USA,North America,Xbox Series X|S,Premium Edition,Digital,Steam,4457,38018.21,8.53,43.1,67,33,1585,2872,200645,13668,126436,74209,126436,105406.38,237591.17,17.4,50.0,0,Epic Mega Sale,1,4.67,79,0.97,USD,0.000000987,98.0,7167.78,353.82,63307.12,Growth,50.5,49.5,Spring,Epic Mega Sale,Action-Adventure,Gen9
GTA5-111225,2023,5,2,Uruguay,URY,South America,PS5,Legacy Edition,Digital,Epic Games Store,190,1197,6.3,58,70.4,29.6,65,125,6983,485,4325,2658,4325,4120.33,10913.96,14.9,40.1,0,Epic Mega Sale,1,4.59,3,3.3,UYU,0.391685,98.0,0.72,3.81,19729.77,Growth,45.0,55.0,Spring,Epic Mega Sale,Action-Adventure,Gen9
GTA5-111137,2023,5,2,Uruguay,URY,South America,Xbox Series X|S,Standard Edition,Digital,PlayStation Store,149,1324.61,8.89,40.7,62.3,37.7,50,99,3222,251,2220,1002,2220,753.13,2205.99,13.1,42.9,0,Epic Mega Sale,1,4.44,3,2.37,UYU,0.398711,98.0,0.72,3.81,19691.02,Growth,46.3,53.7,Spring,Epic Mega Sale,Action-Adventure,Gen9
GTA5-111276,2023,6,2,Australia,AUS,Oceania,Xbox Series X|S,Criminal Enterprise Starter Pack,Digital,PlayStation Store,2030,13905.5,6.85,54.3,71.5,28.5,658,1372,66771,5043,44091,22680,44091,22025.92,48729.58,18.5,52.4,0,Steam Summer Sale,1,4.6,50,2.93,AUD,0.015114,98.0,269.83,25.78,72685.87,Growth,42.4,57.6,Summer,Steam Summer Sale,Action-Adventure,Gen9
GTA5-111278,2023,6,2,Azerbaijan,AZE,Asia,PS5,Premium Edition,Digital,PlayStation Store,339,2640.81,7.79,48,62,38,115,224,14442,1021,10576,3866,10576,9327.79,19599.93,16.3,50.5,0,Steam Summer Sale,1,4.34,7,3.3,AZN,0.017003,98.0,1.9,10.65,9286.76,Growth,44.9,55.1,Summer,Steam Summer Sale,Action-Adventure,Gen9
GTA5-111298,2023,6,2,Belgium,BEL,Europe,PS5,Criminal Enterprise Starter Pack,Digital,Rockstar Games Launcher,1096,6126.64,5.59,62.7,70.7,29.3,360,736,30550,1726,21137,9413,21137,8798.79,28339.15,16.0,41.4,0,Steam Summer Sale,1,4.43,25,3.95,EUR,0.0000009007,98.0,37.63,12.33,50193.46,Growth,46.8,53.2,Summer,Steam Summer Sale,Action-Adventure,Gen9
GTA5-111318,2023,6,2,Brazil,BRA,South America,PS5,Standard Edition,Digital,Epic Games Store,1021,10220.21,10.01,33.2,71.9,28.1,308,713,56837,4672,34034,22803,34034,28270.82,79636.12,16.1,55.2,0,Steam Summer Sale,1,4.53,26,1.09,BRL,0.051301,98.0,283.92,225.26,14067.23,Growth,50.4,49.6,Summer,Steam Summer Sale,Action-Adventure,Gen9
GTA5-111251,2023,6,2,Bulgaria,BGR,Europe,Xbox Series X|S,Standard Edition,Digital,Epic Games Store,389,3073.1,7.9,47.3,63.4,36.6,111,278,14812,1304,10415,4397,10415,6836.6,17341.01,14.5,42.9,0,Steam Summer Sale,1,4.55,8,2.21,BGN,0.017647,98.0,2.33,8.07,10017.04,Growth,42.6,57.4,Summer,Steam Summer Sale,Action-Adventure,Gen9
GTA5-111250,2023,6,2,Cambodia,KHM,Asia,Xbox Series X|S,Standard Edition,Digital,Epic Games Store,88,493.68,5.61,62.6,66.3,33.7,28,60,2660,179,1670,990,1670,1527.48,3287.35,13.1,32.7,0,Steam Summer Sale,1,4.58,3,3.4,KHR,41.705334,98.0,0.22,16.81,2031.51,Growth,43.7,56.3,Summer,Steam Summer Sale,Action-Adventure,Gen9
GTA5-111232,2023,6,2,Chile,CHL,South America,PS5,Standard Edition,Digital,Steam,274,2520.8,9.2,38.6,70.9,29.1,89,185,13764,893,9635,4129,9635,7511.66,17638.77,16.5,48.4,0,Steam Summer Sale,1,4.71,7,1.71,CLP,9.014268,98.0,9.18,19.05,18814.84,Growth,44.5,55.5,Summer,Steam Summer Sale,Action-Adventure,Gen9
GTA5-111267,2023,6,2,China,CHN,Asia,PS5,Standard Edition,Digital,Rockstar Games Launcher,2315,20186.8,8.72,41.8,64.1,35.9,760,1555,142108,7209,95565,46543,95565,67497.86,176420.87,17.0,55.2,0,Steam Summer Sale,1,4.68,44,2.55,CNY,0.070686,98.0,4457.87,1553.3,13797.76,Growth,51.1,48.9,Summer,Steam Summer Sale,Action-Adventure,Gen9
GTA5-111321,2023,6,2,Colombia,COL,South America,Xbox Series X|S,Legacy Edition,Digital,PlayStation Store,505,4034.95,7.99,46.7,66.6,33.4,154,351,16417,1395,11673,4744,11673,7273.17,19598.31,17.6,47.7,0,Steam Summer Sale,1,4.49,4,3.92,COP,3.975195,98.0,16.06,52.67,10589.16,Growth,49.2,50.8,Summer,Steam Summer Sale,Action-Adventure,Gen9
GTA5-111260,2023,6,2,Estonia,EST,Europe,Xbox Series X|S,Standard Edition,Digital,Steam,408,2754,6.75,55,65.5,34.5,130,278,14534,733,10894,3640,10894,3703.55,13334.4,17.5,41.0,0,Steam Summer Sale,1,4.34,9,6.05,EUR,0.0000008956,98.0,0.88,1.46,23556.86,Growth,48.5,51.5,Summer,Steam Summer Sale,Action-Adventure,Gen9
GTA5-111266,2023,6,2,Ethiopia,ETH,Africa,PS5,Standard Edition,Digital,PlayStation Store,291,1580.13,5.43,63.8,69.2,30.8,92,199,8970,583,5736,3234,5736,5077.92,10632.78,13.7,39.2,0,Steam Summer Sale,1,4.59,3,4.91,ETB,0.552779,98.0,1.89,107.59,1373.49,Growth,44.6,55.4,Summer,Steam Summer Sale,Action-Adventure,Gen9
GTA5-111270,2023,6,2,Fiji,FJI,Oceania,Xbox Series X|S,Standard Edition,Digital,Rockstar Games Launcher,63,622.44,9.88,34.1,61.7,38.3,20,43,2744,208,1921,823,1921,1762.88,4166.33,13.9,40.0,0,Steam Summer Sale,1,4.68,3,1.85,FJD,0.002227,98.0,0.04,1.01,6004.76,Growth,47.1,52.9,Summer,Steam Summer Sale,Action-Adventure,Gen9
GTA5-111238,2023,6,2,Germany,DEU,Europe,PS5,Standard Edition,Digital,Epic Games Store,2884,27484.52,9.53,36.4,68.5,31.5,851,2033,152981,9454,95276,57705,95276,71199.38,228204.32,19.0,52.4,0,Steam Summer Sale,1,4.4,80,3.98,EUR,0.0000009159,98.0,931.18,90.78,53424.6,Growth,48.2,51.8,Summer,Steam Summer Sale,Action-Adventure,Gen9
GTA5-111249,2023,6,2,Hong Kong,HKG,Asia,PS5,Premium Edition,Digital,PlayStation Store,1135,9204.85,8.11,45.9,66.9,33.1,389,746,49983,2774,32810,17173,32810,23699.75,51724.92,13.1,45.5,0,Steam Summer Sale,1,4.5,27,3.14,HKD,0.077298,98.0,26.38,8.07,42561.58,Growth,45.8,54.2,Summer,Steam Summer Sale,Action-Adventure,Gen9
GTA5-111291,2023,6,2,Indonesia,IDN,Asia,Xbox Series X|S,Criminal Enterprise Starter Pack,Digital,Microsoft Store,866,8841.86,10.21,31.9,68.2,31.8,280,586,34173,2975,23406,10767,23406,12353.66,46178.77,17.5,43.6,0,Steam Summer Sale,1,4.23,20,6.82,IDR,155.457586,98.0,111.16,280.18,5635.81,Growth,54.1,45.9,Summer,Steam Summer Sale,Action-Adventure,Gen9
GTA5-111301,2023,6,2,Ireland,IRL,Europe,Xbox Series X|S,Premium Edition,Digital,Microsoft Store,533,5042.18,9.46,36.9,68.6,31.4,168,365,25845,2047,18450,7395,18450,12472.36,28132.94,17.9,20.8,0,Steam Summer Sale,1,4.4,8,4.18,EUR,0.0000008909,98.0,13.79,5.16,55664.17,Growth,44.8,55.2,Summer,Steam Summer Sale,Action-Adventure,Gen9
GTA5-111288,2023,6,2,Israel,ISR,Asia,PS5,Premium Edition,Digital,Microsoft Store,898,9249.4,10.3,31.3,65.2,34.8,266,632,30495,2053,18850,11645,18850,11541.52,25445.41,16.2,50.2,0,Steam Summer Sale,1,4.48,20,2.55,ILS,0.036976,98.0,21.44,9.08,40984.98,Growth,49.7,50.3,Summer,Steam Summer Sale,Action-Adventure,Gen9
GTA5-111240,2023,6,2,Italy,ITA,Europe,Xbox Series X|S,Standard Edition,Digital,Steam,1195,8795.2,7.36,50.9,64.7,35.3,373,822,59698,4117,41853,17845,41853,32627.34,95171.87,16.5,52.5,0,Steam Summer Sale,1,4.48,35,3.13,EUR,0.000000893,98.0,297.09,67.24,39449.33,Growth,44.5,55.5,Summer,Steam Summer Sale,Action-Adventure,Gen9
GTA5-111269,2023,6,2,Kazakhstan,KAZ,Asia,PS5,Legacy Edition,Digital,Epic Games Store,472,2964.16,6.28,58.1,69.4,30.6,163,309,20098,1716,14216,5882,14216,9420.0,20067.28,16.2,52.0,0,Steam Summer Sale,1,4.53,10,3.81,KZT,4.530281,98.0,8.85,19.05,16125.89,Growth,41.6,58.4,Summer,Steam Summer Sale,Action-Adventure,Gen9
GTA5-111311,2023,6,2,Kenya,KEN,Africa,PS5,Standard Edition,Digital,PlayStation Store,394,3624.8,9.2,38.6,64.9,35.1,123,271,11803,910,8227,3576,8227,8659.66,17552.62,14.7,30.7,0,Steam Summer Sale,1,4.6,5,3.89,KES,1.279642,98.0,3.09,49.31,2447.91,Growth,42.2,57.8,Summer,Steam Summer Sale,Action-Adventure,Gen9
GTA5-111279,2023,6,2,Kuwait,KWT,Asia,Xbox Series X|S,Standard Edition,Digital,PlayStation Store,334,3690.7,11.05,26.3,65.7,34.3,98,236,13874,854,8831,5043,8831,5920.17,16737.45,14.0,37.5,0,Steam Summer Sale,1,4.62,5,3.61,KWD,0.0000003117,98.0,6.48,3.81,53177.31,Growth,45.8,54.2,Summer,Steam Summer Sale,Action-Adventure,Gen9
GTA5-111313,2023,6,2,Latvia,LVA,Europe,Xbox Series X|S,Standard Edition,Digital,Epic Games Store,229,1962.53,8.57,42.8,67.7,32.3,84,145,12696,1047,7193,5503,7193,5485.63,15024.25,14.5,41.5,0,Steam Summer Sale,1,4.48,5,0.84,EUR,0.0000009021,98.0,0.98,2.24,19449.82,Growth,50.4,49.6,Summer,Steam Summer Sale,Action-Adventure,Gen9
GTA5-111252,2023,6,2,Lebanon,LBN,Asia,PS5,Standard Edition,Digital,Rockstar Games Launcher,208,1614.08,7.76,48.2,70.6,29.4,73,135,8613,477,5181,3432,5181,3318.81,11906.78,14.5,44.6,0,Steam Summer Sale,1,4.51,3,2.65,LBP,91.394344,98.0,1.11,6.61,10534.45,Growth,44.9,55.1,Summer,Steam Summer Sale,Action-Adventure,Gen9
GTA5-111317,2023,6,2,Mexico,MEX,North America,PS5,Standard Edition,Digital,Microsoft Store,1252,10804.76,8.63,42.4,69.9,30.1,429,823,41849,2213,27775,14074,27775,24201.18,66892.57,19.3,55.5,0,Steam Summer Sale,1,4.65,15,0.1,MXN,0.018636,98.0,138.34,136.73,14371.85,Growth,46.1,53.9,Summer,Steam Summer Sale,Action-Adventure,Gen9
GTA5-111306,2023,6,2,Myanmar,MMR,Asia,PS5,Premium Edition,Digital,PlayStation Store,196,1434.72,7.32,51.2,65.1,34.9,68,128,5588,380,3588,2000,3588,1552.82,4245.93,14.9,55.5,0,Steam Summer Sale,1,4.57,3,3.49,MMK,2.107005,98.0,1.22,59.4,2147.82,Growth,53.9,46.1,Summer,Steam Summer Sale,Action-Adventure,Gen9
GTA5-111242,2023,6,2,Netherlands,NLD,Europe,PS5,Standard Edition,Digital,Steam,1111,9910.12,8.92,40.5,66.9,33.1,328,783,56499,3437,34916,21583,34916,35583.52,88213.56,12.4,30.9,0,Steam Summer Sale,1,4.76,12,2.18,EUR,0.0000009067,98.0,99.28,19.05,58164.78,Growth,48.5,51.5,Summer,Steam Summer Sale,Action-Adventure,Gen9
GTA5-111254,2023,6,2,New Zealand,NZL,Oceania,PS5,Standard Edition,Digital,Rockstar Games Launcher,962,7888.4,8.2,45.3,66.4,33.6,346,616,32019,2336,22215,9804,22215,9792.95,24823.59,17.6,51.2,0,Steam Summer Sale,1,4.44,24,1.76,NZD,0.016385,98.0,13.21,4.93,46508.21,Growth,45.1,54.9,Summer,Steam Summer Sale,Action-Adventure,Gen9
GTA5-111259,2023,6,2,Nigeria,NGA,Africa,PS5,Legacy Edition,Digital,PlayStation Store,743,5371.89,7.23,51.8,66.9,33.1,266,477,29057,2192,17702,11355,17702,9169.87,29633.35,17.1,51.3,0,Steam Summer Sale,1,4.52,13,5.62,NGN,9.227984,98.0,37.28,195.0,4267.56,Growth,51.9,48.1,Summer,Steam Summer Sale,Action-Adventure,Gen9
GTA5-111305,2023,6,2,Pakistan,PAK,Asia,Xbox Series X|S,Standard Edition,Digital,PlayStation Store,449,4346.32,9.68,35.4,67,33,144,305,16404,1175,9852,6552,9852,11199.6,23773.11,13.3,49.0,0,Steam Summer Sale,1,4.69,10,2.53,PKR,2.841129,98.0,14.5,203.97,2221.95,Growth,43.5,56.5,Summer,Steam Summer Sale,Action-Adventure,Gen9
GTA5-111234,2023,6,2,Peru,PER,South America,Xbox Series X|S,Premium Edition,Digital,Steam,276,2307.36,8.36,44.2,66.5,33.5,97,179,7856,560,4750,3106,4750,4851.02,9951.3,12.6,36.5,0,Steam Summer Sale,1,4.62,5,3.54,PEN,0.003768,98.0,5.91,33.62,9148.35,Growth,45.9,54.1,Summer,Steam Summer Sale,Action-Adventure,Gen9
GTA5-111303,2023,6,2,Qatar,QAT,Asia,Xbox Series X|S,Premium Edition,Digital,Steam,475,3880.75,8.17,45.5,75.6,24.4,145,330,26276,1755,16272,10004,16272,12402.53,34016.91,14.4,46.4,0,Steam Summer Sale,1,4.64,5,3.6,QAR,0.003617,98.0,8.95,2.47,94384.16,Growth,43.9,56.1,Summer,Steam Summer Sale,Action-Adventure,Gen9
GTA5-111268,2023,6,2,Singapore,SGP,Asia,PS5,Standard Edition,Digital,PlayStation Store,1044,8696.52,8.33,44.4,64.5,35.5,369,675,34810,2260,20821,13989,20821,10274.02,21123.84,14.6,38.5,0,Steam Summer Sale,1,4.7,22,4.62,SGD,0.013255,98.0,23.37,6.05,60349.08,Growth,35.5,64.5,Summer,Steam Summer Sale,Action-Adventure,Gen9
GTA5-111257,2023,6,2,South Africa,ZAF,Africa,Xbox Series X|S,Criminal Enterprise Starter Pack,Digital,Microsoft Store,638,4044.92,6.34,57.7,70,30,208,430,32780,2219,22998,9782,22998,7740.47,29539.42,16.4,43.6,0,Steam Summer Sale,1,4.71,13,5.05,ZAR,0.186611,98.0,30.51,59.4,8918.15,Growth,47.1,52.9,Summer,Steam Summer Sale,Action-Adventure,Gen9
GTA5-111277,2023,6,2,South Korea,KOR,Asia,Xbox Series X|S,Standard Edition,Digital,Rockstar Games Launcher,1893,18646.05,9.85,34.3,68.6,31.4,595,1298,66448,5207,47577,18871,47577,30080.49,60995.64,17.7,41.5,0,Steam Summer Sale,1,4.5,55,3.05,KRW,13.331839,98.0,254.87,57.16,34834.85,Growth,44.5,55.5,Summer,Steam Summer Sale,Action-Adventure,Gen9
GTA5-111264,2023,6,2,Thailand,THA,Asia,Xbox Series X|S,Premium Edition,Digital,Rockstar Games Launcher,1132,7708.92,6.81,54.6,67.5,32.5,414,718,23759,1662,13815,9944,13815,6256.12,19366.03,17.3,50.0,0,Steam Summer Sale,1,4.5,22,6.02,THB,0.349978,98.0,39.13,75.09,8141.61,Growth,44.6,55.4,Summer,Steam Summer Sale,Action-Adventure,Gen9
GTA5-111285,2023,6,2,United Arab Emirates,ARE,Asia,PS5,Premium Edition,Digital,Steam,718,6713.3,9.35,37.6,66.3,33.7,220,498,43791,3803,31004,12787,31004,18846.19,41010.09,14.5,47.8,0,Steam Summer Sale,1,4.44,14,3.59,AED,0.036523,98.0,33.34,10.31,45928.95,Growth,51.1,48.9,Summer,Steam Summer Sale,Action-Adventure,Gen9
GTA5-111227,2023,6,2,United States,USA,North America,PS5,Legacy Edition,Digital,Microsoft Store,5365,40344.8,7.52,49.8,72.5,27.5,1620,3745,211413,14046,118704,92709,118704,66860.14,153624.74,18.3,55.0,0,Steam Summer Sale,1,4.42,67,4.23,USD,0.010248,98.0,7019.22,354.14,61938.94,Growth,44.9,55.1,Summer,Steam Summer Sale,Action-Adventure,Gen9
GTA5-111235,2023,6,2,Uruguay,URY,South America,PS5,Standard Edition,Digital,Microsoft Store,127,923.29,7.27,51.5,63.2,36.8,40,87,5634,472,3674,1960,3674,1838.08,4027.65,14.8,53.5,0,Steam Summer Sale,1,4.23,3,5.18,UYU,0.399545,98.0,0.72,3.81,19683.31,Growth,42.4,57.6,Summer,Steam Summer Sale,Action-Adventure,Gen9
GTA5-111399,2023,7,3,Austria,AUT,Europe,Xbox Series X|S,Standard Edition,Digital,PlayStation Store,613,5124.68,8.36,44.2,70,30,184,429,25283,1506,14884,10399,14884,14282.27,29191.19,17.5,48.0,0,Steam Summer Sale,1,4.57,4,2.36,EUR,0.0000009007,98.0,27.51,9.53,53062.04,Growth,38.0,62.0,Summer,Steam Summer Sale,Action-Adventure,Gen9
GTA5-111386,2023,7,3,Azerbaijan,AZE,Asia,Xbox Series X|S,Standard Edition,Digital,Steam,323,2813.33,8.71,41.9,73,27,100,223,11671,1045,6653,5018,6653,2338.28,8010.06,12.4,39.6,0,Steam Summer Sale,1,4.45,9,4.11,AZN,0.001693,98.0,1.92,10.66,9396.97,Growth,43.3,56.7,Summer,Steam Summer Sale,Action-Adventure,Gen9
GTA5-111416,2023,7,3,Brazil,BRA,South America,PS5,Premium Edition,Digital,Steam,1428,8310.96,5.82,61.2,70,30,476,952,52590,3232,36823,15767,36823,23676.32,91083.04,17.5,46.0,0,Steam Summer Sale,1,4.53,17,0.1,BRL,0.051301,98.0,288.38,225.47,14274.52,Growth,45.4,54.6,Summer,Steam Summer Sale,Action-Adventure,Gen9
GTA5-111328,2023,7,3,Brazil,BRA,South America,Xbox Series X|S,Legacy Edition,Digital,Microsoft Store,1163,10036.69,8.63,42.4,68,32,401,762,47650,2868,30661,16989,30661,25045.51,70650.76,17.0,35.8,0,Steam Summer Sale,1,4.25,22,2.11,BRL,0.051403,98.0,284.88,225.47,14101.51,Growth,40.2,59.8,Summer,Steam Summer Sale,Action-Adventure,Gen9
GTA5-111405,2023,7,3,Bulgaria,BGR,Europe,Xbox Series X|S,Premium Edition,Digital,Epic Games Store,494,3660.54,7.41,50.6,69.3,30.7,159,335,18440,1010,12510,5930,12510,10504.56,21109.98,16.4,42.1,0,Steam Summer Sale,1,4.53,11,4.4,BGN,0.017743,98.0,2.39,8.08,10260.05,Growth,47.8,52.2,Summer,Steam Summer Sale,Action-Adventure,Gen9
GTA5-111410,2023,7,3,Cambodia,KHM,Asia,Xbox Series X|S,Standard Edition,Digital,PlayStation Store,115,908.5,7.9,47.3,68.8,31.2,37,78,3142,162,2285,857,2285,2223.83,4486.85,16.4,43.5,0,Steam Summer Sale,1,4.45,3,0.93,KHR,41.265951,98.0,0.22,16.83,2026.92,Growth,51.4,48.6,Summer,Steam Summer Sale,Action-Adventure,Gen9
GTA5-111418,2023,7,3,Chile,CHL,South America,Xbox Series X|S,Standard Edition,Digital,Steam,365,2675.45,7.33,51.1,63.2,36.8,131,234,13899,900,8285,5614,8285,3137.75,8353.64,13.1,40.9,0,Steam Summer Sale,1,4.33,10,4.86,CLP,8.930479,98.0,9.29,19.07,19019.69,Growth,44.5,55.5,Summer,Steam Summer Sale,Action-Adventure,Gen9
GTA5-111331,2023,7,3,Colombia,COL,South America,Xbox Series X|S,Standard Edition,Digital,Microsoft Store,338,2190.24,6.48,56.8,66.5,33.5,98,240,15281,976,8475,6806,8475,5051.57,12968.84,14.2,25.1,0,Steam Summer Sale,1,4.54,6,3.12,COP,40.051754,98.0,16.24,52.72,10692.67,Growth,45.9,54.1,Summer,Steam Summer Sale,Action-Adventure,Gen9
GTA5-111376,2023,7,3,Croatia,HRV,Europe,PS5,Premium Edition,Digital,Epic Games Store,490,3929.8,8.02,46.5,69.5,30.5,141,349,15787,1291,9231,6556,9231,7919.88,21387.33,14.1,47.8,0,Steam Summer Sale,1,4.49,12,3.55,EUR,0.0000008928,98.0,2.07,4.71,17200.94,Growth,57.3,42.7,Summer,Steam Summer Sale,Action-Adventure,Gen9
GTA5-111407,2023,7,3,Czech Republic,CZE,Europe,Xbox Series X|S,Premium Edition,Digital,Steam,501,3947.88,7.88,47.4,68.1,31.9,180,321,22381,1459,14518,7863,14518,7166.33,16582.19,16.4,37.3,0,Steam Summer Sale,1,4.55,8,1.43,CZK,0.223688,98.0,14.16,11.78,25034.87,Growth,45.4,54.6,Summer,Steam Summer Sale,Action-Adventure,Gen9
GTA5-111344,2023,7,3,Denmark,DNK,Europe,PS5,Legacy Edition,Digital,Epic Games Store,812,6025.04,7.42,50.5,67.1,32.9,241,571,33341,2594,19403,13938,19403,19470.4,40981.4,16.6,53.7,0,Steam Summer Sale,1,4.58,14,2.32,DKK,0.006837,98.0,22.09,6.28,64648.04,Growth,44.0,56.0,Summer,Steam Summer Sale,Action-Adventure,Gen9
GTA5-111422,2023,7,3,Ecuador,ECU,South America,PS5,Criminal Enterprise Starter Pack,Digital,Rockstar Games Launcher,143,1258.4,8.8,41.3,68,32,48,95,6340,500,4062,2278,4062,1734.78,4924.11,15.6,51.5,0,Steam Summer Sale,1,4.68,3,2.78,USD,0.010068,98.0,1.35,17.95,7819.32,Growth,51.4,48.6,Summer,Steam Summer Sale,Action-Adventure,Gen9
GTA5-111363,2023,7,3,Fiji,FJI,Oceania,Xbox Series X|S,Premium Edition,Digital,Rockstar Games Launcher,91,706.16,7.76,48.2,65,35,27,64,3105,168,1709,1396,1709,1283.4,3492.51,12.0,39.5,0,Steam Summer Sale,1,4.69,3,2.31,FJD,0.022727,98.0,0.04,1.01,5927.29,Growth,44.2,55.8,Summer,Steam Summer Sale,Action-Adventure,Gen9
GTA5-111347,2023,7,3,Hong Kong,HKG,Asia,Xbox Series X|S,Legacy Edition,Digital,Rockstar Games Launcher,1197,10330.11,8.63,42.4,72.1,27.9,429,768,46143,3127,28021,18122,28021,25351.91,66244.25,14.3,53.9,0,Steam Summer Sale,1,4.76,10,3.2,HKD,0.078248,98.0,26.13,8.08,42101.81,Growth,38.1,61.9,Summer,Steam Summer Sale,Action-Adventure,Gen9
GTA5-111374,2023,7,3,Ireland,IRL,Europe,PS5,Premium Edition,Digital,Epic Games Store,801,5751.18,7.18,52.1,71.2,28.8,291,510,30550,1739,18455,12095,18455,6878.99,19275.06,11.6,45.1,0,Steam Summer Sale,1,4.41,7,3.83,EUR,0.0000008985,98.0,13.49,5.16,54458.99,Growth,58.5,41.5,Summer,Steam Summer Sale,Action-Adventure,Gen9
GTA5-111348,2023,7,3,Jordan,JOR,Asia,PS5,Premium Edition,Digital,PlayStation Store,284,2703.68,9.52,36.5,68.4,31.6,98,186,15161,926,10435,4726,10435,3533.67,12114.73,16.1,57.7,0,Steam Summer Sale,1,4.5,7,1.99,JOD,0.0000007196,98.0,0.8,7.29,5717.74,Growth,54.3,45.7,Summer,Steam Summer Sale,Action-Adventure,Gen9
GTA5-111411,2023,7,3,Kenya,KEN,Africa,PS5,Premium Edition,Digital,PlayStation Store,451,3048.76,6.76,54.9,67.7,32.3,159,292,17997,1281,11602,6395,11602,9079.23,25214.09,17.0,48.4,0,Steam Summer Sale,1,4.57,3,2.31,KES,1.296824,98.0,3.09,49.36,2443.46,Growth,38.2,61.8,Summer,Steam Summer Sale,Action-Adventure,Gen9
GTA5-111353,2023,7,3,Kuwait,KWT,Asia,Xbox Series X|S,Standard Edition,Digital,Epic Games Store,634,3829.36,6.04,59.7,64.6,35.4,211,423,13898,1116,9970,3928,9970,5288.72,15089.69,16.0,32.7,0,Steam Summer Sale,1,4.55,11,4.83,KWD,0.000000318,98.0,6.46,3.81,52985.6,Growth,54.9,45.1,Summer,Steam Summer Sale,Action-Adventure,Gen9
GTA5-111355,2023,7,3,Lebanon,LBN,Asia,PS5,Standard Edition,Digital,PlayStation Store,218,1894.42,8.69,42,66.5,33.5,65,153,10335,742,6373,3962,6373,4215.26,10894.78,12.7,41.6,0,Steam Summer Sale,1,4.7,3,4.22,LBP,907.049264,98.0,1.1,6.62,10406.03,Growth,41.3,58.7,Summer,Steam Summer Sale,Action-Adventure,Gen9
GTA5-111402,2023,7,3,Lithuania,LTU,Europe,Xbox Series X|S,Premium Edition,Digital,Steam,322,2843.26,8.83,41.1,63.1,36.9,98,224,11633,661,8707,2926,8707,3952.08,10489.26,18.5,55.1,0,Steam Summer Sale,1,4.56,6,4.29,EUR,0.0000008839,98.0,1.7,3.25,20413.46,Growth,47.8,52.2,Summer,Steam Summer Sale,Action-Adventure,Gen9
GTA5-111404,2023,7,3,Luxembourg,LUX,Europe,PS5,Legacy Edition,Digital,Rockstar Games Launcher,400,3572,8.93,40.4,62.9,37.1,143,257,12997,810,9320,3677,9320,7496.29,21184.07,17.9,35.3,0,Steam Summer Sale,1,4.8,11,3.36,EUR,0.0000008929,98.0,1.61,0.62,115878.22,Growth,52.0,48.0,Summer,Steam Summer Sale,Action-Adventure,Gen9
GTA5-111327,2023,7,3,Mexico,MEX,North America,PS5,Premium Edition,Digital,Microsoft Store,772,7125.56,9.23,38.4,68.6,31.4,239,533,42976,3480,25138,17838,25138,23280.18,48421.55,16.0,54.1,0,Steam Summer Sale,1,4.54,12,4.51,MXN,0.183724,98.0,138.04,136.85,14327.64,Growth,47.8,52.2,Summer,Steam Summer Sale,Action-Adventure,Gen9
GTA5-111384,2023,7,3,Nepal,NPL,Asia,PS5,Legacy Edition,Digital,Rockstar Games Launcher,124,1277.2,10.3,31.3,64.9,35.1,37,87,6128,434,4582,1546,4582,3196.79,8922.06,16.4,52.4,0,Steam Summer Sale,1,4.48,3,2.12,NPR,1.349455,98.0,0.46,31.41,1538.59,Growth,44.2,55.8,Summer,Steam Summer Sale,Action-Adventure,Gen9
GTA5-111382,2023,7,3,Romania,ROU,Europe,PS5,Standard Edition,Digital,Rockstar Games Launcher,551,3708.23,6.73,55.1,66.4,33.6,168,383,22477,1820,14932,7545,14932,11942.38,37266.4,15.8,48.3,0,Steam Summer Sale,1,4.6,5,5.79,RON,0.044868,98.0,13.69,21.87,15050.28,Growth,43.3,56.7,Summer,Steam Summer Sale,Action-Adventure,Gen9
GTA5-111373,2023,7,3,Slovenia,SVN,Europe,Xbox Series X|S,Premium Edition,Digital,Epic Games Store,390,3209.7,8.23,45.1,70.2,29.8,134,256,15433,1239,8759,6674,8759,3751.34,14852.87,13.3,38.9,0,Steam Summer Sale,1,4.51,5,3.07,EUR,0.0000008965,98.0,1.87,2.36,27485.81,Growth,44.7,55.3,Summer,Steam Summer Sale,Action-Adventure,Gen9
GTA5-111339,2023,7,3,Spain,ESP,Europe,Xbox Series X|S,Criminal Enterprise Starter Pack,Digital,Microsoft Store,1186,11112.82,9.37,37.5,66.8,33.2,375,811,44115,2565,25211,18904,25211,20270.52,62357.75,16.4,57.7,0,Steam Summer Sale,1,4.29,13,4.2,EUR,0.0000009038,98.0,191.8,52.72,34450.82,Growth,49.1,50.9,Summer,Steam Summer Sale,Action-Adventure,Gen9
GTA5-111325,2023,7,3,United States,USA,North America,PS5,Premium Edition,Digital,Rockstar Games Launcher,4934,44603.36,9.04,39.7,69.3,30.7,1587,3347,197392,15312,117106,80286,117106,111381.85,293777.87,14.6,55.1,0,Steam Summer Sale,1,4.55,49,6.06,USD,0.000001,98.0,7074.44,354.47,62368.15,Growth,49.5,50.5,Summer,Steam Summer Sale,Action-Adventure,Gen9
GTA5-111333,2023,7,3,Uruguay,URY,South America,PS5,Standard Edition,Digital,Rockstar Games Launcher,145,1515.25,10.45,30.3,69.9,30.1,42,103,5796,371,3330,2466,3330,2351.64,5404.14,13.3,47.8,0,Steam Summer Sale,1,4.64,3,2.49,UYU,0.403985,98.0,0.73,3.81,19850.29,Growth,45.9,54.1,Summer,Steam Summer Sale,Action-Adventure,Gen9
GTA5-111427,2023,8,3,Argentina,ARG,South America,PS5,Standard Edition,Digital,Epic Games Store,712,5396.96,7.58,49.4,72.2,27.8,241,471,22430,1792,12690,9740,12690,8309.16,19843.69,15.5,39.9,0,Rockstar Sale,1,4.2,8,5.9,ARS,3.520858,98.0,29.07,47.16,16050.3,Growth,45.6,54.4,Summer,Rockstar Sale,Action-Adventure,Gen9
GTA5-111515,2023,8,3,Argentina,ARG,South America,Xbox Series X|S,Premium Edition,Digital,Steam,426,2530.44,5.94,60.4,64.4,35.6,127,299,19059,1065,11589,7470,11589,7773.06,20012.26,16.4,50.8,0,Rockstar Sale,1,4.34,5,4.73,ARS,3.483214,98.0,29.15,47.16,16097.15,Growth,42.8,57.2,Summer,Rockstar Sale,Action-Adventure,Gen9
GTA5-111493,2023,8,3,Azerbaijan,AZE,Asia,PS5,Standard Edition,Digital,Rockstar Games Launcher,321,2516.64,7.84,47.7,71.6,28.4,112,209,13499,1100,8038,5461,8038,3409.92,9775.47,14.1,44.9,0,Rockstar Sale,1,4.5,9,1.45,AZN,0.017155,98.0,1.94,10.67,9478.29,Growth,49.0,51.0,Summer,Rockstar Sale,Action-Adventure,Gen9
GTA5-111468,2023,8,3,Bahrain,BHR,Asia,PS5,Premium Edition,Digital,PlayStation Store,494,3482.7,7.05,53,66.4,33.6,153,341,10907,558,7485,3422,7485,3933.02,9673.4,17.1,41.0,0,Rockstar Sale,1,4.46,13,3.76,BHD,0.0000003842,98.0,0.88,1.46,26881.82,Growth,46.9,53.1,Summer,Rockstar Sale,Action-Adventure,Gen9
GTA5-111426,2023,8,3,Brazil,BRA,South America,PS5,Standard Edition,Digital,Epic Games Store,1752,15014.64,8.57,42.8,68.7,31.3,544,1208,45706,3392,25682,20024,25682,17120.66,42460.51,16.1,55.9,0,Rockstar Sale,1,4.55,43,4.55,BRL,0.051317,98.0,284.0,225.67,14045.39,Growth,43.1,56.9,Summer,Rockstar Sale,Action-Adventure,Gen9
GTA5-111514,2023,8,3,Brazil,BRA,South America,PS5,Standard Edition,Digital,Microsoft Store,1441,9856.44,6.84,54.4,72.3,27.7,467,974,44719,3312,30556,14163,30556,34958.02,74512.4,16.9,50.3,0,Rockstar Sale,1,4.32,34,4.06,BRL,0.050397,98.0,282.92,225.67,13991.84,Growth,42.6,57.4,Summer,Rockstar Sale,Action-Adventure,Gen9
GTA5-111490,2023,8,3,Cambodia,KHM,Asia,PS5,Premium Edition,Digital,Epic Games Store,82,887.24,10.82,27.8,68.6,31.4,23,59,3318,255,2044,1274,2044,1333.77,2839.41,12.0,47.0,0,Rockstar Sale,1,4.51,3,4.11,KHR,40.916735,98.0,0.22,16.84,2070.98,Growth,50.2,49.8,Summer,Rockstar Sale,Action-Adventure,Gen9
GTA5-111428,2023,8,3,Chile,CHL,South America,Xbox Series X|S,Premium Edition,Digital,Steam,381,2918.46,7.66,48.9,65.9,34.1,134,247,13246,877,8141,5105,8141,9380.05,19970.68,18.5,37.2,0,Rockstar Sale,1,4.45,7,2.96,CLP,9.137692,98.0,9.2,19.09,18816.88,Growth,45.5,54.5,Summer,Rockstar Sale,Action-Adventure,Gen9
GTA5-111517,2023,8,3,Colombia,COL,South America,PS5,Standard Edition,Digital,PlayStation Store,396,3678.84,9.29,38,70.1,29.9,120,276,20010,1287,13541,6469,13541,14117.5,33626.13,18.4,58.1,0,Rockstar Sale,1,4.55,4,4.91,COP,4.043261,98.0,16.12,52.77,10608.84,Growth,44.2,55.8,Summer,Rockstar Sale,Action-Adventure,Gen9
GTA5-111507,2023,8,3,Croatia,HRV,Europe,PS5,Criminal Enterprise Starter Pack,Digital,Microsoft Store,289,2979.59,10.31,31.2,65.3,34.7,99,190,20989,1214,13048,7941,13048,4332.32,15297.3,15.4,47.1,0,Rockstar Sale,1,4.4,3,1.66,EUR,0.0000009032,98.0,2.11,4.72,17491.66,Growth,45.4,54.6,Summer,Rockstar Sale,Action-Adventure,Gen9
GTA5-111432,2023,8,3,Ecuador,ECU,South America,PS5,Standard Edition,Digital,Microsoft Store,148,1355.68,9.16,38.9,69.1,30.9,43,105,7958,469,4481,3477,4481,3449.97,8728.96,13.0,28.2,0,Rockstar Sale,1,4.63,4,2.15,USD,0.000000994,98.0,1.36,17.96,7888.25,Growth,48.7,51.3,Summer,Rockstar Sale,Action-Adventure,Gen9
GTA5-111520,2023,8,3,Ecuador,ECU,South America,PS5,Standard Edition,Digital,Microsoft Store,128,719.36,5.62,62.5,69.8,30.2,40,88,6911,494,4377,2534,4377,2284.21,4597.48,14.3,23.1,0,Rockstar Sale,1,4.62,3,4.85,USD,0.010149,98.0,1.35,17.96,7857.89,Growth,45.1,54.9,Summer,Rockstar Sale,Action-Adventure,Gen9
GTA5-111443,2023,8,3,Finland,FIN,Europe,PS5,Standard Edition,Digital,Steam,1238,6289.04,5.08,66.1,68.1,31.9,451,787,29449,2472,21417,8032,21417,16131.83,43433.16,15.8,57.6,0,Rockstar Sale,1,4.29,25,4.1,EUR,0.0000009034,98.0,16.83,6.06,54232.69,Growth,50.6,49.4,Summer,Rockstar Sale,Action-Adventure,Gen9
GTA5-111481,2023,8,3,Georgia,GEO,Asia,PS5,Standard Edition,Digital,Microsoft Store,265,1966.3,7.42,50.5,69.3,30.7,90,175,11157,826,6794,4363,6794,3702.97,9537.94,14.9,52.0,0,Rockstar Sale,1,4.35,6,4.35,GEL,0.026776,98.0,0.44,4.15,6611.54,Growth,34.1,65.9,Summer,Rockstar Sale,Action-Adventure,Gen9
GTA5-111434,2023,8,3,Germany,DEU,Europe,Xbox Series X|S,Premium Edition,Digital,Microsoft Store,2371,14036.32,5.92,60.5,70,30,733,1638,116442,9135,75406,41036,75406,72919.44,151098.87,17.6,54.6,0,Rockstar Sale,1,4.47,43,0.67,EUR,0.0000009016,98.0,938.74,90.94,53763.87,Growth,43.4,56.6,Summer,Rockstar Sale,Action-Adventure,Gen9
GTA5-111479,2023,8,3,Hong Kong,HKG,Asia,PS5,Criminal Enterprise Starter Pack,Digital,Microsoft Store,1052,8573.8,8.15,45.6,73,27,325,727,55448,4305,32093,23355,32093,13749.6,54242.88,16.5,46.7,0,Rockstar Sale,1,4.51,18,3.99,HKD,0.078679,98.0,25.94,8.08,41803.37,Growth,35.6,64.4,Summer,Rockstar Sale,Action-Adventure,Gen9
GTA5-111488,2023,8,3,Hungary,HUN,Europe,Xbox Series X|S,Standard Edition,Digital,PlayStation Store,549,6566.04,11.96,20.2,66.3,33.7,179,370,18981,1656,10676,8305,10676,3662.81,11413.01,16.7,50.4,0,Rockstar Sale,1,4.56,9,1.39,HUF,3.536106,98.0,7.99,11.12,18705.78,Growth,52.2,47.8,Summer,Rockstar Sale,Action-Adventure,Gen9
GTA5-111471,2023,8,3,Iceland,ISL,Europe,Xbox Series X|S,Premium Edition,Digital,Steam,244,2110.6,8.65,42.3,64.5,35.5,75,169,9499,597,7042,2457,7042,5534.89,14616.35,13.5,39.9,0,Rockstar Sale,1,4.55,3,4.08,ISK,1.386359,98.0,0.41,0.37,57595.84,Growth,51.3,48.7,Summer,Rockstar Sale,Action-Adventure,Gen9
GTA5-111506,2023,8,3,India,IND,Asia,PS5,Standard Edition,Digital,Steam,2053,12071.64,5.88,60.8,69,31,704,1349,64103,4645,45178,18925,45178,22676.9,84621.12,17.9,28.2,0,Rockstar Sale,1,4.54,47,4.0,INR,0.830681,98.0,452.75,1405.68,2875.77,Growth,40.9,59.1,Summer,Rockstar Sale,Action-Adventure,Gen9
GTA5-111458,2023,8,3,Ireland,IRL,Europe,PS5,Standard Edition,Digital,Steam,1004,8513.92,8.48,43.4,65.7,34.3,297,707,23317,1247,16505,6812,16505,6096.09,18951.98,15.4,54.6,0,Rockstar Sale,1,4.47,23,4.32,EUR,0.0000009,98.0,13.67,5.16,55203.17,Growth,46.6,53.4,Summer,Rockstar Sale,Action-Adventure,Gen9
GTA5-111510,2023,8,3,Israel,ISR,Asia,Xbox Series X|S,Standard Edition,Digital,Microsoft Store,631,4334.97,6.87,54.2,64.8,35.2,209,422,25624,1849,14773,10851,14773,8810.7,20165.25,15.7,32.2,0,Rockstar Sale,1,4.39,16,5.8,ILS,0.037352,98.0,21.63,9.09,41307.71,Growth,52.4,47.6,Summer,Rockstar Sale,Action-Adventure,Gen9
GTA5-111484,2023,8,3,Japan,JPN,Asia,PS5,Premium Edition,Digital,PlayStation Store,3030,25936.8,8.56,42.9,64.1,35.9,1043,1987,107245,9484,65087,42158,65087,29928.51,87146.46,16.4,46.6,0,Rockstar Sale,1,4.48,42,4.52,JPY,1.486898,98.0,1099.34,142.59,43805.66,Growth,47.3,52.7,Summer,Rockstar Sale,Action-Adventure,Gen9
GTA5-111448,2023,8,3,Jordan,JOR,Asia,Xbox Series X|S,Criminal Enterprise Starter Pack,Digital,Rockstar Games Launcher,232,2788.64,12.02,19.8,62.2,37.8,80,152,11176,826,6427,4749,6427,4261.67,8629.34,14.2,41.7,0,Rockstar Sale,1,4.44,6,3.6,JOD,0.0000007135,98.0,0.79,7.3,5643.23,Growth,45.1,54.9,Summer,Rockstar Sale,Action-Adventure,Gen9
GTA5-111453,2023,8,3,Kazakhstan,KAZ,Asia,Xbox Series X|S,Standard Edition,Digital,PlayStation Store,302,2811.62,9.31,37.9,65.4,34.6,85,217,11544,873,8040,3504,8040,8556.51,18592.24,15.3,48.1,0,Rockstar Sale,1,4.55,3,4.28,KZT,4.483752,98.0,9.01,19.09,16393.8,Growth,43.5,56.5,Summer,Rockstar Sale,Action-Adventure,Gen9
GTA5-111457,2023,8,3,Kuwait,KWT,Asia,PS5,Premium Edition,Digital,PlayStation Store,527,4548.01,8.63,42.4,68.3,31.7,186,341,19799,1587,14266,5533,14266,7075.27,16418.1,17.9,57.6,0,Rockstar Sale,1,4.39,5,4.48,KWD,0.000000307,98.0,6.52,3.82,53313.82,Growth,48.7,51.3,Summer,Rockstar Sale,Action-Adventure,Gen9
GTA5-111470,2023,8,3,Latvia,LVA,Europe,PS5,Standard Edition,Digital,Microsoft Store,354,2955.9,8.35,44.3,61.4,38.6,104,250,14014,986,9132,4882,9132,5517.53,18985.74,15.5,51.1,0,Rockstar Sale,1,4.66,10,3.08,EUR,0.0000009168,98.0,0.99,2.25,19579.0,Growth,46.5,53.5,Summer,Rockstar Sale,Action-Adventure,Gen9
GTA5-111463,2023,8,3,Lithuania,LTU,Europe,Xbox Series X|S,Legacy Edition,Digital,Steam,229,1683.15,7.35,51,68.8,31.2,70,159,13191,1145,7889,5302,7889,4857.17,10673.68,16.7,47.1,0,Rockstar Sale,1,4.54,3,3.62,EUR,0.0000009035,98.0,1.71,3.26,20502.22,Growth,41.9,58.1,Summer,Rockstar Sale,Action-Adventure,Gen9
GTA5-111500,2023,8,3,Luxembourg,LUX,Europe,PS5,Premium Edition,Digital,Rockstar Games Launcher,314,2621.9,8.35,44.3,68.9,31.1,92,222,10211,778,7356,2855,7356,3255.43,11175.12,17.8,32.6,0,Rockstar Sale,1,4.94,4,3.15,EUR,0.0000009038,98.0,1.61,0.62,115644.69,Growth,40.7,59.3,Summer,Rockstar Sale,Action-Adventure,Gen9
GTA5-111465,2023,8,3,Morocco,MAR,Africa,Xbox Series X|S,Standard Edition,Digital,Rockstar Games Launcher,350,3332,9.52,36.5,71.8,28.2,111,239,15166,865,9207,5959,9207,4779.97,9690.16,15.2,43.0,0,Rockstar Sale,1,4.26,7,2.54,MAD,0.099373,98.0,5.07,37.05,4753.11,Growth,50.1,49.9,Summer,Rockstar Sale,Action-Adventure,Gen9
GTA5-111461,2023,8,3,Nepal,NPL,Asia,PS5,Legacy Edition,Digital,PlayStation Store,122,900.36,7.38,50.8,68.2,31.8,43,79,5878,493,3875,2003,3875,2538.5,9550.33,15.2,50.4,0,Rockstar Sale,1,4.74,3,5.24,NPR,0.132304,98.0,0.47,31.44,1544.68,Growth,49.2,50.8,Summer,Rockstar Sale,Action-Adventure,Gen9
GTA5-111451,2023,8,3,Nigeria,NGA,Africa,Xbox Series X|S,Legacy Edition,Digital,PlayStation Store,377,3328.91,8.83,41.1,68.4,31.6,110,267,22897,1237,17095,5802,17095,13317.42,33283.7,17.8,48.0,0,Rockstar Sale,1,4.58,9,2.63,NGN,8.997204,98.0,37.4,195.36,4272.92,Growth,46.8,53.2,Summer,Rockstar Sale,Action-Adventure,Gen9
GTA5-111441,2023,8,3,Norway,NOR,Europe,PS5,Standard Edition,Digital,Microsoft Store,1043,5204.57,4.99,66.7,65.7,34.3,309,734,37868,2779,27648,10220,27648,12319.2,36862.22,17.2,51.4,0,Rockstar Sale,1,4.66,27,6.52,NOK,0.104556,98.0,34.65,5.73,104995.98,Growth,52.3,47.7,Summer,Rockstar Sale,Action-Adventure,Gen9
GTA5-111480,2023,8,3,Oman,OMN,Asia,PS5,Premium Edition,Digital,Epic Games Store,317,2377.5,7.5,50,67.6,32.4,101,216,14236,918,8565,5671,8565,6554.47,17007.68,17.6,45.9,0,Rockstar Sale,1,4.45,8,0.1,OMR,0.0000003825,98.0,2.22,4.49,22119.39,Growth,48.4,51.6,Summer,Rockstar Sale,Action-Adventure,Gen9
GTA5-111518,2023,8,3,Peru,PER,South America,PS5,Standard Edition,Digital,Steam,202,1620.04,8.02,46.5,69,31,68,134,10250,696,6593,3657,6593,3043.51,9136.7,15.6,45.3,0,Rockstar Sale,1,4.71,5,2.78,PEN,0.037219,98.0,6.01,33.68,9297.09,Growth,50.0,50.0,Summer,Rockstar Sale,Action-Adventure,Gen9
GTA5-111430,2023,8,3,Peru,PER,South America,Xbox Series X|S,Standard Edition,Digital,Epic Games Store,241,2330.47,9.67,35.5,61.8,38.2,70,171,8528,487,5393,3135,5393,2968.62,8196.01,14.8,42.4,0,Rockstar Sale,1,4.5,5,3.84,PEN,0.003751,98.0,5.98,33.68,9254.1,Growth,37.5,62.5,Summer,Rockstar Sale,Action-Adventure,Gen9
GTA5-111439,2023,8,3,Poland,POL,Europe,PS5,Standard Edition,Digital,Rockstar Games Launcher,1069,10625.86,9.94,33.7,69.3,30.7,344,725,46773,3695,30881,15892,30881,20570.57,58535.22,18.1,57.9,0,Rockstar Sale,1,4.83,19,1.56,PLN,0.003947,98.0,64.65,42.66,19732.86,Growth,46.1,53.9,Summer,Rockstar Sale,Action-Adventure,Gen9
GTA5-111446,2023,8,3,Serbia,SRB,Europe,PS5,Standard Edition,Digital,Epic Games Store,636,5997.48,9.43,37.1,67.1,32.9,186,450,18031,1112,13331,4700,13331,7425.63,26481.34,15.3,46.8,0,Rockstar Sale,1,4.88,6,4.32,RSD,1.047403,98.0,1.82,8.08,7840.47,Growth,44.6,55.4,Summer,Rockstar Sale,Action-Adventure,Gen9
GTA5-111504,2023,8,3,Slovenia,SVN,Europe,PS5,Standard Edition,Digital,PlayStation Store,453,3429.21,7.57,49.5,69.5,30.5,142,311,15512,1123,10626,4886,10626,4986.61,11570.35,13.6,48.2,0,Rockstar Sale,1,4.58,5,1.76,EUR,0.0000009077,98.0,1.87,2.36,27526.08,Growth,44.2,55.8,Summer,Rockstar Sale,Action-Adventure,Gen9
GTA5-111454,2023,8,3,South Africa,ZAF,Africa,PS5,Standard Edition,Digital,PlayStation Store,1040,8933.6,8.59,42.7,65.6,34.4,319,721,34705,2293,24975,9730,24975,19218.89,52977.57,19.1,57.2,0,Rockstar Sale,1,4.47,27,3.79,ZAR,0.191329,98.0,31.21,59.51,9106.35,Growth,42.3,57.7,Summer,Rockstar Sale,Action-Adventure,Gen9
GTA5-111476,2023,8,3,South Korea,KOR,Asia,Xbox Series X|S,Standard Edition,Digital,Rockstar Games Launcher,1481,12203.44,8.24,45,65.3,34.7,534,947,82014,6668,49905,32109,49905,21415.12,58487.03,16.1,44.5,0,Rockstar Sale,1,4.29,33,2.44,KRW,13.342343,98.0,254.83,57.26,34769.01,Growth,36.8,63.2,Summer,Rockstar Sale,Action-Adventure,Gen9
GTA5-111494,2023,8,3,Sri Lanka,LKA,Asia,PS5,Premium Edition,Digital,Steam,271,2168,8,46.6,63.3,36.7,87,184,9959,612,5668,4291,5668,3314.15,6738.96,14.6,30.5,0,Rockstar Sale,1,4.85,4,3.79,LKR,3.155588,98.0,1.7,23.58,4507.04,Growth,51.3,48.7,Summer,Rockstar Sale,Action-Adventure,Gen9
GTA5-111440,2023,8,3,Sweden,SWE,Europe,PS5,Premium Edition,Digital,Steam,1282,8897.08,6.94,53.7,64.9,35.1,459,823,35083,2099,25540,9543,25540,10527.25,39520.41,14.4,48.0,0,Rockstar Sale,1,4.62,29,5.66,SEK,0.010174,98.0,50.89,10.78,67059.86,Growth,47.4,52.6,Summer,Rockstar Sale,Action-Adventure,Gen9
GTA5-111455,2023,8,3,United Arab Emirates,ARE,Asia,Xbox Series X|S,Standard Edition,Digital,Rockstar Games Launcher,944,6494.72,6.88,54.1,70.3,29.7,309,635,30699,2600,22225,8474,22225,13778.03,39644.39,13.9,28.6,0,Rockstar Sale,1,4.31,19,4.96,AED,0.036738,98.0,33.38,10.33,45901.43,Growth,53.4,46.6,Summer,Rockstar Sale,Action-Adventure,Gen9
GTA5-111433,2023,8,3,United Kingdom,GBR,Europe,Xbox Series X|S,Legacy Edition,Digital,Rockstar Games Launcher,2668,19129.56,7.17,52.2,69.2,30.8,801,1867,69928,3658,45859,24069,45859,43606.74,92486.75,16.0,36.0,0,Rockstar Sale,1,4.47,58,5.19,GBP,0.0000007827,98.0,605.09,71.86,47843.55,Growth,35.8,64.2,Summer,Rockstar Sale,Action-Adventure,Gen9
GTA5-111511,2023,8,3,United States,USA,North America,PS5,Standard Edition,Digital,Steam,4135,34899.4,8.44,43.7,69.9,30.1,1456,2679,253304,16656,181913,71391,181913,123393.43,262370.44,18.7,48.4,0,Rockstar Sale,1,4.43,102,3.27,USD,0.0000009993,98.0,7096.61,354.79,62507.1,Growth,43.7,56.3,Summer,Rockstar Sale,Action-Adventure,Gen9
GTA5-111519,2023,8,3,Uruguay,URY,South America,Xbox Series X|S,Premium Edition,Digital,PlayStation Store,132,677.16,5.13,65.8,69.4,30.6,43,89,3847,336,2655,1192,2655,1149.03,3346.94,14.4,51.1,0,Rockstar Sale,1,4.49,3,4.84,UYU,0.391109,98.0,0.74,3.82,20074.58,Growth,48.4,51.6,Summer,Rockstar Sale,Action-Adventure,Gen9
GTA5-111563,2023,9,3,Algeria,DZA,Africa,PS5,Legacy Edition,Digital,Epic Games Store,308,1897.28,6.16,58.9,63.3,36.7,108,200,13336,794,8439,4897,8439,7550.92,18327.07,15.4,41.6,0,Xbox Sale,1,4.44,8,4.85,DZD,1.341016,98.0,6.18,42.7,6463.32,Growth,36.5,63.5,Autumn,Xbox Sale,Action-Adventure,Gen9
GTA5-111575,2023,9,3,Armenia,ARM,Asia,PS5,Premium Edition,Digital,Microsoft Store,201,1495.44,7.44,50.4,66.3,33.7,62,139,6186,445,4019,2167,4019,3020.21,7920.89,11.4,39.2,0,Xbox Sale,1,4.44,3,4.93,AMD,4.033574,98.0,0.24,3.26,5761.52,Growth,47.1,52.9,Autumn,Xbox Sale,Action-Adventure,Gen9
GTA5-111587,2023,9,3,Australia,AUS,Oceania,PS5,Premium Edition,Digital,Steam,2138,18621.98,8.71,41.9,66.1,33.9,731,1407,91717,5750,64678,27039,64678,40787.29,90427.68,16.5,53.6,0,Xbox Sale,1,4.53,21,4.79,AUD,0.015321,98.0,270.78,25.85,72744.59,Growth,39.5,60.5,Autumn,Xbox Sale,Action-Adventure,Gen9
GTA5-111582,2023,9,3,Azerbaijan,AZE,Asia,PS5,Premium Edition,Digital,Steam,257,1976.33,7.69,48.7,72.6,27.4,89,168,11273,950,6579,4694,6579,4455.88,10805.11,11.8,49.1,0,Xbox Sale,1,4.49,5,4.21,AZN,0.016983,98.0,1.92,10.68,9358.46,Growth,41.3,58.7,Autumn,Xbox Sale,Action-Adventure,Gen9
GTA5-111524,2023,9,3,Brazil,BRA,South America,Xbox Series X|S,Standard Edition,Digital,Steam,991,8909.09,8.99,40,66.6,33.4,345,646,44267,3629,29879,14388,29879,23178.03,65268.76,18.3,56.0,0,Xbox Sale,1,4.49,21,4.68,BRL,0.051278,98.0,284.04,225.88,14034.29,Growth,40.8,59.2,Autumn,Xbox Sale,Action-Adventure,Gen9
GTA5-111612,2023,9,3,Brazil,BRA,South America,Xbox Series X|S,Legacy Edition,Digital,Rockstar Games Launcher,966,9669.66,10.01,33.2,68.2,31.8,344,622,53998,3015,38852,15146,38852,32309.2,97838.55,18.9,45.4,0,Xbox Sale,1,4.82,17,2.87,BRL,0.051454,98.0,285.61,225.88,14111.83,Growth,40.5,59.5,Autumn,Xbox Sale,Action-Adventure,Gen9
GTA5-111552,2023,9,3,Cambodia,KHM,Asia,Xbox Series X|S,Standard Edition,Digital,PlayStation Store,108,919.08,8.51,43.2,70.5,29.5,30,78,2409,146,1599,810,1599,1424.76,2882.55,13.8,46.2,0,Xbox Sale,1,4.34,3,0.1,KHR,4.074605,98.0,0.22,16.86,2084.09,Growth,46.5,53.5,Autumn,Xbox Sale,Action-Adventure,Gen9
GTA5-111522,2023,9,3,Canada,CAN,North America,PS5,Standard Edition,Digital,Rockstar Games Launcher,1903,19201.27,10.09,32.7,69.1,30.9,602,1301,44803,3369,29081,15722,29081,32690.81,71337.94,18.2,59.8,0,Xbox Sale,1,4.69,16,4.25,CAD,0.012847,98.0,225.96,39.33,59845.31,Growth,49.2,50.8,Autumn,Xbox Sale,Action-Adventure,Gen9
GTA5-111614,2023,9,3,Chile,CHL,South America,Xbox Series X|S,Premium Edition,Digital,Steam,256,2513.92,9.82,34.5,66.6,33.4,89,167,11726,750,8448,3278,8448,6399.15,13516.57,14.7,44.7,0,Xbox Sale,1,4.74,3,3.14,CLP,8.983519,98.0,9.19,19.1,18785.84,Growth,46.4,53.6,Autumn,Xbox Sale,Action-Adventure,Gen9
GTA5-111560,2023,9,3,Czech Republic,CZE,Europe,Xbox Series X|S,Premium Edition,Digital,Steam,612,4467.6,7.3,51.3,72.2,27.8,210,402,26961,1638,15458,11503,15458,10878.96,30608.55,12.5,39.7,0,Xbox Sale,1,4.6,14,2.5,CZK,0.022176,98.0,14.34,11.8,25321.93,Growth,50.0,50.0,Autumn,Xbox Sale,Action-Adventure,Gen9
GTA5-111530,2023,9,3,Ecuador,ECU,South America,Xbox Series X|S,Legacy Edition,Digital,Rockstar Games Launcher,118,1050.2,8.9,40.6,66.6,33.4,38,80,4064,363,2464,1600,2464,1603.59,5065.22,14.6,40.7,0,Xbox Sale,1,4.46,3,6.16,USD,0.0000009938,98.0,1.38,17.98,8015.66,Growth,46.1,53.9,Autumn,Xbox Sale,Action-Adventure,Gen9
GTA5-111541,2023,9,3,Finland,FIN,Europe,Xbox Series X|S,Standard Edition,Digital,Steam,576,4809.6,8.35,44.3,72.8,27.2,174,402,25498,2249,15980,9518,15980,10094.31,33931.68,13.3,41.3,0,Xbox Sale,1,4.43,6,3.41,EUR,0.0000009042,98.0,16.8,6.07,54046.84,Growth,40.0,60.0,Autumn,Xbox Sale,Action-Adventure,Gen9
GTA5-111533,2023,9,3,France,FRA,Europe,PS5,Legacy Edition,Digital,Steam,2157,20232.66,9.38,37.4,61.3,38.7,749,1408,115527,7120,77844,37683,77844,83347.51,181570.79,20.2,48.7,0,Xbox Sale,1,4.64,22,1.25,EUR,0.0000008965,98.0,558.84,74.17,49053.18,Growth,45.5,54.5,Autumn,Xbox Sale,Action-Adventure,Gen9
GTA5-111553,2023,9,3,Georgia,GEO,Asia,Xbox Series X|S,Standard Edition,Digital,Rockstar Games Launcher,228,1837.68,8.06,46.2,71.6,28.4,82,146,6053,434,4509,1544,4509,2530.29,6380.63,14.2,54.8,0,Xbox Sale,1,4.62,4,4.5,GEL,0.002677,98.0,0.43,4.16,6525.5,Growth,45.1,54.9,Autumn,Xbox Sale,Action-Adventure,Gen9
GTA5-111567,2023,9,3,Hungary,HUN,Europe,Xbox Series X|S,Standard Edition,Digital,Steam,671,6186.62,9.22,38.5,75.3,24.7,206,465,18029,1346,13156,4873,13156,12437.83,27543.7,16.4,44.9,0,Xbox Sale,1,4.49,10,5.4,HUF,3.454799,98.0,8.18,11.13,19132.81,Growth,54.2,45.8,Autumn,Xbox Sale,Action-Adventure,Gen9
GTA5-111581,2023,9,3,Israel,ISR,Asia,Xbox Series X|S,Standard Edition,Digital,Microsoft Store,704,5674.24,8.06,46.2,67.3,32.7,237,467,31705,2239,20644,11061,20644,10590.11,27530.05,17.8,43.0,0,Xbox Sale,1,4.58,17,2.24,ILS,0.037664,98.0,21.33,9.1,40700.69,Growth,47.8,52.2,Autumn,Xbox Sale,Action-Adventure,Gen9
GTA5-111546,2023,9,3,Kazakhstan,KAZ,Asia,Xbox Series X|S,Standard Edition,Digital,Microsoft Store,328,3243.92,9.89,34,68.7,31.3,102,226,17275,1519,11775,5500,11775,8437.81,24216.47,13.8,46.0,0,Xbox Sale,1,4.47,6,1.41,KZT,0.00044957,98.0,8.88,19.1,16143.38,Growth,42.6,57.4,Autumn,Xbox Sale,Action-Adventure,Gen9
GTA5-111543,2023,9,3,Latvia,LVA,Europe,Xbox Series X|S,Standard Edition,Digital,Microsoft Store,261,2265.48,8.68,42.1,65.9,34.1,75,186,15210,1124,8985,6225,8985,5204.66,19435.47,16.1,52.9,0,Xbox Sale,1,4.74,7,3.24,EUR,0.0000009139,98.0,0.98,2.25,19486.08,Growth,45.1,54.9,Autumn,Xbox Sale,Action-Adventure,Gen9
GTA5-111607,2023,9,3,Lebanon,LBN,Asia,Xbox Series X|S,Standard Edition,Digital,Epic Games Store,145,1412.3,9.74,35,76.2,23.8,51,94,7460,645,4351,3109,4351,2873.99,7252.31,10.3,33.9,0,Xbox Sale,1,4.42,3,3.47,LBP,899.535424,98.0,1.1,6.63,10365.64,Growth,55.8,44.2,Autumn,Xbox Sale,Action-Adventure,Gen9
GTA5-111583,2023,9,3,Malaysia,MYS,Asia,PS5,Standard Edition,Digital,Microsoft Store,1140,7113.6,6.24,58.4,71.4,28.6,347,793,43279,2726,26981,16298,26981,28537.15,64577.06,14.1,36.8,0,Xbox Sale,1,4.51,28,3.79,MYR,0.046309,98.0,29.99,33.71,13899.14,Growth,34.6,65.4,Autumn,Xbox Sale,Action-Adventure,Gen9
GTA5-111576,2023,9,3,Myanmar,MMR,Asia,Xbox Series X|S,Standard Edition,Digital,Epic Games Store,187,966.79,5.17,65.5,65.2,34.8,67,120,4625,270,2860,1765,2860,1203.82,3820.0,13.0,41.7,0,Xbox Sale,1,4.56,3,3.98,MMK,21.061691,98.0,1.22,59.56,2126.25,Growth,55.8,44.2,Autumn,Xbox Sale,Action-Adventure,Gen9
GTA5-111536,2023,9,3,Netherlands,NLD,Europe,Xbox Series X|S,Standard Edition,Digital,Epic Games Store,1470,9628.5,6.55,56.3,68.2,31.8,447,1023,39953,3222,23721,16232,23721,16259.76,58972.45,15.4,49.5,0,Xbox Sale,1,4.39,42,3.64,EUR,0.0000009023,98.0,99.46,19.1,58114.95,Growth,42.7,57.3,Autumn,Xbox Sale,Action-Adventure,Gen9
GTA5-111605,2023,9,3,Nigeria,NGA,Africa,Xbox Series X|S,Standard Edition,Digital,PlayStation Store,589,4653.1,7.9,47.3,66,34,197,392,23739,1274,14585,9154,14585,14547.55,31191.81,15.0,38.7,0,Xbox Sale,1,4.51,5,2.87,NGN,9.013889,98.0,38.08,195.54,4347.38,Growth,52.2,47.8,Autumn,Xbox Sale,Action-Adventure,Gen9
GTA5-111568,2023,9,3,Oman,OMN,Asia,Xbox Series X|S,Standard Edition,Digital,Epic Games Store,296,2755.76,9.31,37.9,68,32,98,198,11725,1041,6854,4871,6854,4773.38,16852.61,14.1,32.1,0,Xbox Sale,1,4.61,7,3.31,OMR,0.0000003845,98.0,2.23,4.5,22154.46,Growth,41.1,58.9,Autumn,Xbox Sale,Action-Adventure,Gen9
GTA5-111528,2023,9,3,Peru,PER,South America,PS5,Premium Edition,Digital,PlayStation Store,283,2196.08,7.76,48.2,68.2,31.8,85,198,15113,1151,9980,5133,9980,10356.63,21241.0,12.9,46.7,0,Xbox Sale,1,4.67,4,4.52,PEN,0.036845,98.0,6.01,33.71,9279.97,Growth,45.9,54.1,Autumn,Xbox Sale,Action-Adventure,Gen9
GTA5-111616,2023,9,3,Peru,PER,South America,Xbox Series X|S,Legacy Edition,Digital,PlayStation Store,259,2056.46,7.94,47,69.1,30.9,74,185,8907,797,5574,3333,5574,4133.24,12577.5,15.5,53.0,0,Xbox Sale,1,4.45,5,2.65,PEN,0.036867,98.0,5.96,33.71,9213.8,Growth,39.7,60.3,Autumn,Xbox Sale,Action-Adventure,Gen9
GTA5-111585,2023,9,3,South Africa,ZAF,Africa,PS5,Standard Edition,Digital,Microsoft Store,1153,8174.77,7.09,52.7,69.4,30.6,324,829,39510,2933,27372,12138,27372,27129.74,57904.9,16.4,30.6,0,Xbox Sale,1,4.51,19,6.28,ZAR,0.187705,98.0,31.21,59.56,9096.63,Growth,52.1,47.9,Autumn,Xbox Sale,Action-Adventure,Gen9
GTA5-111544,2023,9,3,United Arab Emirates,ARE,Asia,Xbox Series X|S,Premium Edition,Digital,Microsoft Store,969,5881.83,6.07,59.5,71.5,28.5,312,657,33890,1902,24356,9534,24356,12398.87,27945.43,18.8,38.6,0,Xbox Sale,1,4.49,22,3.06,AED,0.036992,98.0,33.44,10.34,45936.87,Growth,44.2,55.8,Autumn,Xbox Sale,Action-Adventure,Gen9
GTA5-111529,2023,9,3,Uruguay,URY,South America,Xbox Series X|S,Premium Edition,Digital,PlayStation Store,114,962.16,8.44,43.7,69.1,30.9,41,73,5155,385,3515,1640,3515,1192.41,4378.81,15.4,52.2,0,Xbox Sale,1,4.35,3,2.65,UYU,0.400331,98.0,0.73,3.82,19816.83,Growth,53.3,46.7,Autumn,Xbox Sale,Action-Adventure,Gen9
GTA5-111661,2023,10,4,Algeria,DZA,Africa,Xbox Series X|S,Standard Edition,Digital,Epic Games Store,179,2683.21,14.99,0,71.5,28.5,61,118,12560,913,7793,4767,7793,3951.92,13398.32,13.4,46.3,0,None,0,4.51,3,3.85,DZD,1.361158,98.0,6.3,42.74,6578.4,Growth,49.7,50.3,Autumn,None,Action-Adventure,Gen9
GTA5-111623,2023,10,4,Argentina,ARG,South America,PS5,Premium Edition,Digital,Microsoft Store,356,4727.68,13.28,11.4,69.2,30.8,118,238,25210,1325,15411,9799,15411,7229.41,17048.16,17.9,44.7,0,None,0,4.57,6,3.35,ARS,3.513028,98.0,28.8,47.24,15874.66,Growth,45.1,54.9,Autumn,None,Action-Adventure,Gen9
GTA5-111677,2023,10,4,Armenia,ARM,Asia,PS5,Legacy Edition,Digital,PlayStation Store,139,2007.16,14.44,3.7,65.3,34.7,49,90,10039,838,6515,3524,6515,3871.19,11757.03,17.9,49.0,0,None,0,4.62,3,4.01,AMD,4.066138,98.0,0.24,3.26,5706.55,Growth,46.3,53.7,Autumn,None,Action-Adventure,Gen9
GTA5-111653,2023,10,4,Azerbaijan,AZE,Asia,Xbox Series X|S,Standard Edition,Digital,Steam,142,1821.86,12.83,14.4,69.5,30.5,50,92,7850,597,4739,3111,4739,2913.94,6724.91,14.6,45.6,0,None,0,4.49,4,4.88,AZN,0.016865,98.0,1.95,10.69,9476.68,Growth,41.1,58.9,Autumn,None,Action-Adventure,Gen9
GTA5-111678,2023,10,4,Bangladesh,BGD,Asia,Xbox Series X|S,Legacy Edition,Digital,Rockstar Games Launcher,227,2767.13,12.19,18.7,70.8,29.2,69,158,14552,1038,9463,5089,9463,5748.55,13536.4,14.7,45.7,0,None,0,4.62,5,3.62,BDT,1.087652,98.0,10.28,176.59,2275.01,Growth,48.1,51.9,Autumn,None,Action-Adventure,Gen9
GTA5-111699,2023,10,4,Belgium,BEL,Europe,PS5,Standard Edition,Digital,Steam,592,8874.08,14.99,0,66.3,33.7,186,406,45316,2499,33452,11864,33452,23581.75,55639.35,16.6,46.3,0,None,0,4.67,8,4.05,EUR,0.0000008911,98.0,37.89,12.37,50377.34,Growth,46.8,53.2,Autumn,None,Action-Adventure,Gen9
GTA5-111625,2023,10,4,Colombia,COL,South America,Xbox Series X|S,Standard Edition,Digital,Epic Games Store,263,3576.8,13.6,9.3,70.6,29.4,83,180,18209,1534,12836,5373,12836,8484.94,24932.07,17.8,35.8,0,None,0,4.6,3,2.01,COP,40.156078,98.0,16.19,52.87,10634.92,Growth,42.4,57.6,Autumn,None,Action-Adventure,Gen9
GTA5-111655,2023,10,4,Egypt,EGY,Africa,PS5,Premium Edition,Digital,Epic Games Store,316,3864.68,12.23,18.4,66.5,33.5,105,211,18584,1330,10671,7913,10671,3455.08,11463.49,14.9,34.7,0,None,0,4.59,3,3.34,EGP,0.306179,98.0,19.65,102.36,4614.67,Growth,36.8,63.2,Autumn,None,Action-Adventure,Gen9
GTA5-111696,2023,10,4,Estonia,EST,Europe,PS5,Standard Edition,Digital,Microsoft Store,216,2887.92,13.37,10.8,67.1,32.9,67,149,17513,1287,12802,4711,12802,13933.35,27926.71,15.8,58.7,0,None,0,4.8,3,1.86,EUR,0.0000008875,98.0,0.87,1.46,23260.14,Growth,46.4,53.6,Autumn,None,Action-Adventure,Gen9
GTA5-111639,2023,10,4,Finland,FIN,Europe,PS5,Standard Edition,Digital,Microsoft Store,559,7406.75,13.25,11.6,65,35,188,371,38445,2865,24409,14036,24409,8303.87,26115.41,16.9,41.8,0,None,0,4.68,15,4.29,EUR,0.0000009056,98.0,16.83,6.07,54154.9,Growth,48.6,51.4,Autumn,None,Action-Adventure,Gen9
GTA5-111662,2023,10,4,Georgia,GEO,Asia,PS5,Premium Edition,Digital,Epic Games Store,87,1267.59,14.57,2.8,64.3,35.7,29,58,10113,703,5818,4295,5818,5645.94,11802.99,13.7,38.7,0,None,0,4.68,3,0.1,GEL,0.026323,98.0,0.44,4.16,6553.94,Growth,38.9,61.1,Autumn,None,Action-Adventure,Gen9
GTA5-111630,2023,10,4,Germany,DEU,Europe,PS5,Legacy Edition,Digital,Epic Games Store,1245,17691.45,14.21,5.2,69.2,30.8,423,822,129907,6782,80796,49111,80796,67439.47,171201.47,15.3,52.2,0,None,0,4.56,20,3.75,EUR,0.0000008891,98.0,957.48,91.11,54734.86,Growth,46.7,53.3,Autumn,None,Action-Adventure,Gen9
GTA5-111646,2023,10,4,Hong Kong,HKG,Asia,Xbox Series X|S,Standard Edition,Digital,Rockstar Games Launcher,501,6502.98,12.98,13.4,63.7,36.3,152,349,41548,3373,30892,10656,30892,22728.85,54999.3,16.1,33.0,0,None,0,4.46,5,4.86,HKD,0.076511,98.0,26.18,8.1,42089.02,Growth,43.1,56.9,Autumn,None,Action-Adventure,Gen9
GTA5-111675,2023,10,4,India,IND,Asia,Xbox Series X|S,Standard Edition,Digital,Rockstar Games Launcher,809,11034.76,13.64,9,69,31,279,530,65011,5736,48728,16283,48728,35152.32,92884.65,19.5,40.8,0,None,0,4.63,12,0.97,INR,0.835138,98.0,456.3,1408.25,2893.04,Growth,47.5,52.5,Autumn,None,Action-Adventure,Gen9
GTA5-111690,2023,10,4,Iraq,IRQ,Asia,Xbox Series X|S,Standard Edition,Digital,Rockstar Games Launcher,141,1887.99,13.39,10.7,73.2,26.8,39,102,13425,894,8422,5003,8422,5905.69,14681.49,15.4,57.4,0,None,0,4.32,3,3.0,IQD,12.975878,98.0,5.49,38.24,7481.92,Growth,48.4,51.6,Autumn,None,Action-Adventure,Gen9
GTA5-111682,2023,10,4,Israel,ISR,Asia,Xbox Series X|S,Premium Edition,Digital,Microsoft Store,471,6240.75,13.25,11.6,72.7,27.3,153,318,34549,2509,21012,13537,21012,14401.17,40708.84,15.4,36.7,0,None,0,4.72,8,3.85,ILS,0.036716,98.0,21.36,9.11,40697.3,Growth,45.9,54.1,Autumn,None,Action-Adventure,Gen9
GTA5-111695,2023,10,4,Japan,JPN,Asia,PS5,Standard Edition,Digital,Steam,2473,32297.38,13.06,12.9,62,38,773,1700,106018,5592,68396,37622,68396,43029.25,115955.09,16.4,50.2,0,None,0,4.54,46,4.65,JPY,1.499181,98.0,1095.59,142.85,43576.68,Growth,46.9,53.1,Autumn,None,Action-Adventure,Gen9
GTA5-111645,2023,10,4,Jordan,JOR,Asia,PS5,Standard Edition,Digital,Rockstar Games Launcher,141,1972.59,13.99,6.7,67.3,32.7,43,98,14430,876,9903,4527,9903,6235.0,12573.3,16.6,39.9,0,None,0,4.57,3,0.57,JOD,0.0000007141,98.0,0.79,7.31,5641.46,Growth,51.3,48.7,Autumn,None,Action-Adventure,Gen9
GTA5-111659,2023,10,4,Kazakhstan,KAZ,Asia,Xbox Series X|S,Premium Edition,Digital,Rockstar Games Launcher,160,2067.2,12.92,13.8,64.5,35.5,55,105,15361,829,9584,5777,9584,6552.57,18199.87,14.0,53.4,0,None,0,4.3,4,1.51,KZT,4.478314,98.0,8.9,19.12,16159.97,Growth,40.9,59.1,Autumn,None,Action-Adventure,Gen9
GTA5-111691,2023,10,4,Lebanon,LBN,Asia,Xbox Series X|S,Criminal Enterprise Starter Pack,Digital,Steam,117,1609.92,13.76,8.2,67.4,32.6,41,76,7864,662,5417,2447,5417,3853.4,9082.95,15.8,43.5,0,None,0,4.46,3,5.06,LBP,897.251205,98.0,1.11,6.64,10430.95,Growth,52.1,47.9,Autumn,None,Action-Adventure,Gen9
GTA5-111672,2023,10,4,Lithuania,LTU,Europe,PS5,Standard Edition,Digital,Microsoft Store,202,2846.18,14.09,6,70.6,29.4,65,137,18405,969,11604,6801,11604,6666.31,20225.62,15.0,52.5,0,None,0,4.45,5,1.61,EUR,0.0000009012,98.0,1.72,3.26,20549.96,Growth,36.3,63.7,Autumn,None,Action-Adventure,Gen9
GTA5-111686,2023,10,4,Malaysia,MYS,Asia,Xbox Series X|S,Standard Edition,Digital,Steam,340,4464.2,13.13,12.4,62,38,118,222,29603,2582,18503,11100,18503,17973.88,40940.84,14.2,41.2,0,None,0,5.0,9,4.43,MYR,0.045631,98.0,30.4,33.74,14076.92,Growth,49.2,50.8,Autumn,None,Action-Adventure,Gen9
GTA5-111621,2023,10,4,Mexico,MEX,North America,PS5,Standard Edition,Digital,PlayStation Store,573,8136.6,14.2,5.3,65.5,34.5,179,394,44047,3372,31302,12745,31302,29209.77,60384.12,15.2,55.4,0,None,0,4.71,6,1.12,MXN,0.183978,98.0,142.21,137.23,14720.01,Growth,44.9,55.1,Autumn,None,Action-Adventure,Gen9
GTA5-111663,2023,10,4,Myanmar,MMR,Asia,PS5,Premium Edition,Digital,Epic Games Store,91,1162.07,12.77,14.8,71,29,26,65,5108,257,2945,2163,2945,1216.68,3947.46,13.5,40.4,0,None,0,4.32,3,1.25,MMK,20.916935,98.0,1.25,59.61,2181.31,Growth,44.5,55.5,Autumn,None,Action-Adventure,Gen9
GTA5-111644,2023,10,4,Nepal,NPL,Asia,Xbox Series X|S,Standard Edition,Digital,Steam,66,838.86,12.71,15.2,72.8,27.2,19,47,4889,339,3221,1668,3221,1866.81,6075.68,14.8,54.9,0,None,0,4.44,3,5.12,NPR,1.333715,98.0,0.47,31.49,1563.58,Growth,36.0,64.0,Autumn,None,Action-Adventure,Gen9
GTA5-111697,2023,10,4,New Zealand,NZL,Oceania,PS5,Premium Edition,Digital,Rockstar Games Launcher,592,7861.76,13.28,11.4,65.9,34.1,169,423,28865,1968,19981,8884,19981,20258.54,43433.01,15.0,45.1,0,None,0,4.29,12,2.33,NZD,0.016497,98.0,13.42,4.95,47062.24,Growth,43.4,56.6,Autumn,None,Action-Adventure,Gen9
GTA5-111657,2023,10,4,Nigeria,NGA,Africa,Xbox Series X|S,Premium Edition,Digital,Rockstar Games Launcher,333,4688.64,14.08,6.1,66.7,33.3,111,222,18144,1197,10379,7765,10379,8680.33,20155.81,17.9,53.0,0,None,0,4.41,6,2.23,NGN,0.906781,98.0,37.26,195.72,4249.97,Growth,44.9,55.1,Autumn,None,Action-Adventure,Gen9
GTA5-111637,2023,10,4,Norway,NOR,Europe,Xbox Series X|S,Premium Edition,Digital,Rockstar Games Launcher,444,6655.56,14.99,0,67.5,32.5,136,308,36296,1987,25509,10787,25509,9851.35,34849.44,18.1,53.3,0,None,0,4.38,5,3.04,NOK,0.104916,98.0,35.3,5.74,106779.77,Growth,48.9,51.1,Autumn,None,Action-Adventure,Gen9
GTA5-111671,2023,10,4,Portugal,PRT,Europe,PS5,Standard Edition,Digital,PlayStation Store,356,5122.84,14.39,4,73.4,26.6,120,236,31525,1780,23489,8036,23489,15174.81,32496.05,17.1,56.9,0,None,0,4.61,9,4.2,EUR,0.0000008973,98.0,12.54,11.25,24886.94,Growth,38.3,61.7,Autumn,None,Action-Adventure,Gen9
GTA5-111679,2023,10,4,Qatar,QAT,Asia,PS5,Standard Edition,Digital,Rockstar Games Launcher,350,5169.5,14.77,1.5,68.9,31.1,99,251,20423,1173,12155,8268,12155,6904.92,23185.56,12.6,27.7,0,None,0,4.54,9,2.78,QAR,0.036441,98.0,9.03,2.47,95252.87,Growth,54.4,45.6,Autumn,None,Action-Adventure,Gen9
GTA5-111673,2023,10,4,Russia,RUS,Europe,Xbox Series X|S,Standard Edition,Digital,Steam,755,9301.6,12.32,17.8,67.1,32.9,261,494,45374,3445,31933,13441,31933,26215.02,58059.96,17.2,64.8,0,None,0,4.43,18,1.86,RUB,0.893193,98.0,276.52,161.97,17783.43,Growth,46.4,53.6,Autumn,None,Action-Adventure,Gen9
GTA5-111666,2023,10,4,Saudi Arabia,SAU,Asia,PS5,Premium Edition,Digital,Steam,558,7661.34,13.73,8.4,67,33,187,371,54116,4280,31715,22401,31715,15995.57,51733.94,13.8,50.3,0,None,0,4.34,14,4.88,SAR,0.037511,98.0,70.83,33.74,27336.4,Growth,49.8,50.2,Autumn,None,Action-Adventure,Gen9
GTA5-111656,2023,10,4,Slovakia,SVK,Europe,PS5,Premium Edition,Digital,Microsoft Store,265,3423.8,12.92,13.8,63.2,36.8,88,177,16779,1150,11246,5533,11246,7890.65,25671.02,15.9,51.3,0,None,0,4.48,4,3.93,EUR,0.0000009163,98.0,3.54,6.07,22813.11,Growth,48.6,51.4,Autumn,None,Action-Adventure,Gen9
GTA5-111649,2023,10,4,Sri Lanka,LKA,Asia,PS5,Standard Edition,Digital,Microsoft Store,147,1871.31,12.73,15.1,63.6,36.4,51,96,8818,759,5188,3630,5188,4012.92,8154.68,13.4,41.2,0,None,0,4.55,3,0.1,LKR,3.217991,98.0,1.68,23.62,4449.72,Growth,46.1,53.9,Autumn,None,Action-Adventure,Gen9
GTA5-111640,2023,10,4,Switzerland,CHE,Europe,Xbox Series X|S,Standard Edition,Digital,Microsoft Store,395,5921.05,14.99,0,69.5,30.5,112,283,36779,2822,21556,15223,21556,18631.5,43517.73,13.4,53.3,0,None,0,4.55,9,4.51,CHF,0.0000008733,98.0,53.13,9.11,91133.11,Growth,48.0,52.0,Autumn,None,Action-Adventure,Gen9
GTA5-111680,2023,10,4,Taiwan,TWN,Asia,PS5,Standard Edition,Digital,Steam,867,9953.16,11.48,23.4,77.5,22.5,301,566,54197,3024,38874,15323,38874,11120.05,37506.51,16.6,50.7,0,None,0,4.66,17,4.59,TWD,0.031472,98.0,58.49,25.87,25232.2,Growth,50.0,50.0,Autumn,None,Action-Adventure,Gen9
GTA5-111685,2023,10,4,Thailand,THA,Asia,Xbox Series X|S,Legacy Edition,Digital,Epic Games Store,615,7164.75,11.65,22.3,69.9,30.1,215,400,31487,2385,22932,8555,22932,14127.71,51402.94,15.0,50.6,0,None,0,4.68,15,3.17,THB,0.362184,98.0,39.93,75.36,8278.35,Growth,44.0,56.0,Autumn,None,Action-Adventure,Gen9
GTA5-111684,2023,10,4,United Arab Emirates,ARE,Asia,Xbox Series X|S,Premium Edition,Digital,PlayStation Store,496,6839.84,13.79,8,72.9,27.1,146,350,28729,2225,16206,12523,16206,9335.09,34926.12,14.8,36.5,0,None,0,4.42,10,0.1,AED,0.036655,98.0,34.17,10.35,46901.33,Growth,50.6,49.4,Autumn,None,Action-Adventure,Gen9
GTA5-111619,2023,10,4,United States,USA,North America,Xbox Series X|S,Standard Edition,Digital,Epic Games Store,3256,48807.44,14.99,0,66.5,33.5,1082,2174,191767,14337,121121,70646,121121,63055.91,129380.32,17.7,30.6,0,None,0,4.58,40,3.42,USD,0.0000009971,98.0,7036.64,355.44,61865.59,Growth,48.9,51.1,Autumn,None,Action-Adventure,Gen9
GTA5-111793,2023,11,4,Armenia,ARM,Asia,PS5,Standard Edition,Digital,Epic Games Store,350,1984.5,5.67,62.2,70.6,29.4,117,233,8996,680,6084,2912,6084,6513.79,15100.77,15.5,55.0,1,Black Friday,1,4.79,7,4.66,AMD,4.011241,98.0,0.24,3.26,5705.29,Growth,53.2,46.8,Autumn,Black Friday,Action-Adventure,Gen9
GTA5-111734,2023,11,4,Austria,AUT,Europe,PS5,Standard Edition,Digital,Rockstar Games Launcher,1156,9548.56,8.26,44.9,65.5,34.5,349,807,30675,1716,19648,11027,19648,13050.74,31451.21,16.8,44.0,1,Black Friday,1,4.44,13,4.04,EUR,0.0000008964,98.0,27.69,9.57,53180.49,Growth,45.2,54.8,Autumn,Black Friday,Action-Adventure,Gen9
GTA5-111757,2023,11,4,Azerbaijan,AZE,Asia,Xbox Series X|S,Standard Edition,Digital,Microsoft Store,292,2703.92,9.26,38.2,68,32,98,194,8945,659,6007,2938,6007,3387.89,8684.34,16.3,51.0,1,Black Friday,1,4.49,8,5.97,AZN,0.016855,98.0,1.92,10.7,9357.66,Growth,42.2,57.8,Autumn,Black Friday,Action-Adventure,Gen9
GTA5-111710,2023,11,4,Brazil,BRA,South America,PS5,Standard Edition,Digital,Epic Games Store,2565,12542.85,4.89,67.4,67,33,800,1765,39990,2539,22614,17376,22614,7352.88,25344.97,16.5,50.0,1,Black Friday,1,4.54,76,5.14,BRL,0.050476,98.0,286.38,226.29,14124.39,Growth,45.8,54.2,Autumn,Black Friday,Action-Adventure,Gen9
GTA5-111782,2023,11,4,Bulgaria,BGR,Europe,PS5,Premium Edition,Digital,Steam,808,5607.52,6.94,53.7,68,32,241,567,18177,1219,12007,6170,12007,9403.37,19310.59,14.5,38.0,1,Black Friday,1,4.59,11,7.97,BGN,0.017959,98.0,2.43,8.11,10389.03,Growth,45.1,54.9,Autumn,Black Friday,Action-Adventure,Gen9
GTA5-111790,2023,11,4,Cambodia,KHM,Asia,Xbox Series X|S,Standard Edition,Digital,Rockstar Games Launcher,154,1235.08,8.02,46.5,68.3,31.7,54,100,2858,190,1925,933,1925,1418.92,3638.1,16.5,44.7,1,Black Friday,1,4.56,3,2.09,KHR,41.769149,98.0,0.22,16.89,2068.71,Growth,48.5,51.5,Autumn,Black Friday,Action-Adventure,Gen9
GTA5-111800,2023,11,4,Chile,CHL,South America,PS5,Standard Edition,Digital,Epic Games Store,527,4685.03,8.89,40.7,65.5,34.5,166,361,14629,753,9372,5257,9372,5087.52,17569.67,14.2,41.5,1,Black Friday,1,4.54,7,3.72,CLP,0.898466,98.0,9.38,19.14,19150.07,Growth,47.6,52.4,Autumn,Black Friday,Action-Adventure,Gen9
GTA5-111712,2023,11,4,Chile,CHL,South America,Xbox Series X|S,Standard Edition,Digital,Steam,488,4006.48,8.21,45.2,66.4,33.6,137,351,11625,784,7205,4420,7205,7710.94,17218.04,17.7,49.1,1,Black Friday,1,4.3,12,2.34,CLP,9.012636,98.0,9.23,19.14,18838.77,Growth,44.9,55.1,Autumn,Black Friday,Action-Adventure,Gen9
GTA5-111764,2023,11,4,Czech Republic,CZE,Europe,Xbox Series X|S,Premium Edition,Digital,Steam,1123,6468.48,5.76,61.6,66,34,385,738,16246,1114,11925,4321,11925,7821.44,22911.39,15.0,40.5,1,Black Friday,1,4.63,14,4.59,CZK,0.226773,98.0,14.24,11.82,25095.43,Growth,44.8,55.2,Autumn,Black Friday,Action-Adventure,Gen9
GTA5-111756,2023,11,4,Egypt,EGY,Africa,PS5,Standard Edition,Digital,PlayStation Store,915,7612.8,8.32,44.5,71.2,28.8,262,653,33885,2860,24382,9503,24382,13470.25,27611.9,16.6,43.2,1,Black Friday,1,4.71,17,2.37,EGP,0.031084,98.0,19.47,102.45,4567.87,Growth,59.0,41.0,Autumn,Black Friday,Action-Adventure,Gen9
GTA5-111752,2023,11,4,Estonia,EST,Europe,PS5,Premium Edition,Digital,Epic Games Store,537,4290.63,7.99,46.7,68.1,31.9,153,384,17269,1500,10060,7209,10060,3596.16,10015.19,15.7,31.9,1,Black Friday,1,4.55,15,5.65,EUR,0.0000008964,98.0,0.88,1.46,23529.52,Growth,50.5,49.5,Autumn,Black Friday,Action-Adventure,Gen9
GTA5-111754,2023,11,4,Ethiopia,ETH,Africa,PS5,Standard Edition,Digital,Steam,364,2901.08,7.97,46.8,73.3,26.7,109,255,6658,446,3918,2740,3918,2926.43,7220.96,13.3,40.9,1,Black Friday,1,4.51,3,4.27,ETB,0.561281,98.0,1.95,108.08,1412.35,Growth,44.9,55.1,Autumn,Black Friday,Action-Adventure,Gen9
GTA5-111780,2023,11,4,Ghana,GHA,Africa,PS5,Criminal Enterprise Starter Pack,Digital,Microsoft Store,398,3454.64,8.68,42.1,65.6,34.4,123,275,11349,583,7212,4137,7212,5527.63,14752.35,16.0,47.2,1,Black Friday,1,4.41,8,4.37,GHS,0.120213,98.0,1.68,29.27,2986.47,Growth,40.0,60.0,Autumn,Black Friday,Action-Adventure,Gen9
GTA5-111772,2023,11,4,Greece,GRC,Europe,Xbox Series X|S,Standard Edition,Digital,PlayStation Store,629,5598.1,8.9,40.6,73.2,26.8,223,406,19091,1700,12806,6285,12806,9082.77,23074.69,16.6,41.4,1,Black Friday,1,4.39,18,1.4,EUR,0.0000008989,98.0,10.71,12.38,24568.83,Growth,43.6,56.4,Autumn,Black Friday,Action-Adventure,Gen9
GTA5-111759,2023,11,4,Hong Kong,HKG,Asia,Xbox Series X|S,Criminal Enterprise Starter Pack,Digital,Rockstar Games Launcher,1171,11686.58,9.98,33.4,66.1,33.9,373,798,39414,2211,27872,11542,27872,18146.45,50692.26,14.7,46.8,1,Black Friday,1,4.47,34,2.72,HKD,0.076671,98.0,26.05,8.11,41816.2,Growth,44.3,55.7,Autumn,Black Friday,Action-Adventure,Gen9
GTA5-111749,2023,11,4,Hungary,HUN,Europe,Xbox Series X|S,Premium Edition,Digital,Steam,668,6720.08,10.06,32.9,69.1,30.9,223,445,17756,1202,10448,7308,10448,8782.8,22217.46,15.5,54.5,1,Black Friday,1,4.63,7,2.32,HUF,3.493447,98.0,8.09,11.15,18895.43,Growth,43.4,56.6,Autumn,Black Friday,Action-Adventure,Gen9
GTA5-111755,2023,11,4,India,IND,Asia,Xbox Series X|S,Premium Edition,Digital,Microsoft Store,2676,20016.48,7.48,50.1,65.5,34.5,883,1793,60545,4529,39532,21013,39532,15295.15,53708.2,16.3,39.0,1,Black Friday,1,4.63,73,5.4,INR,0.824217,98.0,458.22,1409.53,2902.55,Growth,48.7,51.3,Autumn,Black Friday,Action-Adventure,Gen9
GTA5-111741,2023,11,4,Indonesia,IDN,Asia,Xbox Series X|S,Standard Edition,Digital,Epic Games Store,1101,11010,10,33.3,62,38,334,767,38371,3260,21769,16602,21769,9995.91,25837.02,14.8,42.7,1,Black Friday,1,4.33,22,3.43,IDR,15.558018,98.0,113.47,281.46,5726.38,Growth,44.4,55.6,Autumn,Black Friday,Action-Adventure,Gen9
GTA5-111744,2023,11,4,Iraq,IRQ,Asia,PS5,Standard Edition,Digital,Microsoft Store,426,3633.78,8.53,43.1,70.6,29.4,123,303,14884,1260,8584,6300,8584,2650.95,8850.49,15.5,42.6,1,Black Friday,1,4.2,12,4.29,IQD,13.350848,98.0,5.43,38.28,7392.88,Growth,45.7,54.3,Autumn,Black Friday,Action-Adventure,Gen9
GTA5-111785,2023,11,4,Ireland,IRL,Europe,PS5,Premium Edition,Digital,PlayStation Store,884,7310.68,8.27,44.8,70.1,29.9,264,620,26115,2273,16716,9399,16716,15526.03,37758.58,13.9,53.7,1,Black Friday,1,4.71,20,2.61,EUR,0.0000009131,98.0,13.76,5.18,55340.68,Growth,49.0,51.0,Autumn,Black Friday,Action-Adventure,Gen9
GTA5-111760,2023,11,4,Israel,ISR,Asia,PS5,Premium Edition,Digital,Steam,1464,11536.32,7.88,47.4,67.5,32.5,413,1051,36109,2665,23323,12786,23323,10757.21,42867.84,17.3,53.6,1,Black Friday,1,4.58,43,3.17,ILS,0.036892,98.0,21.36,9.12,40658.46,Growth,43.5,56.5,Autumn,Black Friday,Action-Adventure,Gen9
GTA5-111736,2023,11,4,Jordan,JOR,Asia,Xbox Series X|S,Premium Edition,Digital,PlayStation Store,346,2224.78,6.43,57.1,67,33,106,240,9278,490,5456,3822,5456,3558.95,7171.26,13.6,43.0,1,Black Friday,1,4.57,4,5.34,JOD,0.0000007,98.0,0.79,7.32,5643.73,Growth,42.8,57.2,Autumn,Black Friday,Action-Adventure,Gen9
GTA5-111763,2023,11,4,Kuwait,KWT,Asia,PS5,Standard Edition,Digital,Epic Games Store,669,7318.86,10.94,27,69.7,30.3,230,439,22987,1888,12710,10277,12710,10786.76,22325.29,15.8,43.9,1,Black Friday,1,4.54,16,2.47,KWD,0.0000003101,98.0,6.64,3.83,54176.83,Growth,37.1,62.9,Autumn,Black Friday,Action-Adventure,Gen9
GTA5-111738,2023,11,4,Latvia,LVA,Europe,PS5,Standard Edition,Digital,Steam,579,5622.09,9.71,35.2,67.5,32.5,174,405,13425,1102,7826,5599,7826,3875.36,14531.31,15.4,53.7,1,Black Friday,1,4.4,16,4.95,EUR,0.0000008919,98.0,0.99,2.25,19616.14,Growth,38.5,61.5,Autumn,Black Friday,Action-Adventure,Gen9
GTA5-111737,2023,11,4,Lebanon,LBN,Asia,PS5,Standard Edition,Digital,Steam,478,3498.96,7.32,51.2,72.4,27.6,138,340,13970,996,8651,5319,8651,4332.92,11945.07,13.5,54.6,1,Black Friday,1,4.75,12,3.63,LBP,901.557272,98.0,1.09,6.64,10274.46,Growth,40.9,59.1,Autumn,Black Friday,Action-Adventure,Gen9
GTA5-111784,2023,11,4,Luxembourg,LUX,Europe,Xbox Series X|S,Criminal Enterprise Starter Pack,Digital,Microsoft Store,424,4545.28,10.72,28.5,67.6,32.4,132,292,14075,956,8596,5479,8596,3269.43,11831.64,12.7,52.2,1,Black Friday,1,4.47,7,5.2,EUR,0.0000008952,98.0,1.62,0.62,116707.32,Growth,53.0,47.0,Autumn,Black Friday,Action-Adventure,Gen9
GTA5-111709,2023,11,4,Mexico,MEX,North America,PS5,Standard Edition,Digital,PlayStation Store,1315,10901.35,8.29,44.7,69.5,30.5,454,861,41005,2292,23457,17548,23457,11824.92,30728.03,14.7,52.3,1,Black Friday,1,4.52,33,4.84,MXN,0.182812,98.0,140.1,137.35,14488.57,Growth,43.8,56.2,Autumn,Black Friday,Action-Adventure,Gen9
GTA5-111794,2023,11,4,Nepal,NPL,Asia,PS5,Standard Edition,Digital,Rockstar Games Launcher,202,1310.98,6.49,56.7,65.6,34.4,61,141,6107,398,4085,2022,4085,3241.03,7341.91,16.3,42.5,1,Black Friday,1,4.46,5,4.89,NPR,1.325565,98.0,0.47,31.52,1553.84,Growth,36.0,64.0,Autumn,Black Friday,Action-Adventure,Gen9
GTA5-111753,2023,11,4,Nigeria,NGA,Africa,PS5,Standard Edition,Digital,Epic Games Store,767,6182.02,8.06,46.2,70,30,248,519,28224,2307,18941,9283,18941,16417.01,33053.04,14.4,46.6,1,Black Friday,1,4.74,16,1.25,NGN,9.073482,98.0,37.99,195.89,4328.77,Growth,44.0,56.0,Autumn,Black Friday,Action-Adventure,Gen9
GTA5-111725,2023,11,4,Norway,NOR,Europe,PS5,Legacy Edition,Digital,Epic Games Store,1313,10700.95,8.15,45.6,72.4,27.6,422,891,30779,2679,19096,11683,19096,19087.03,39115.06,13.7,50.4,1,Black Friday,1,4.45,17,5.43,NOK,0.010712,98.0,35.5,5.74,107382.23,Growth,55.1,44.9,Autumn,Black Friday,Action-Adventure,Gen9
GTA5-111781,2023,11,4,Oman,OMN,Asia,Xbox Series X|S,Premium Edition,Digital,Epic Games Store,587,6891.38,11.74,21.7,68.3,31.7,173,414,12372,1008,6995,5377,6995,4832.67,15380.13,16.3,49.3,1,Black Friday,1,4.58,13,3.98,OMR,0.0000003816,98.0,2.23,4.5,22131.56,Growth,45.9,54.1,Autumn,Black Friday,Action-Adventure,Gen9
GTA5-111802,2023,11,4,Peru,PER,South America,PS5,Standard Edition,Digital,Rockstar Games Launcher,590,4607.9,7.81,47.9,66.7,33.3,184,406,13844,770,8524,5320,8524,5407.7,12353.59,17.7,48.8,1,Black Friday,1,4.5,12,4.12,PEN,0.036914,98.0,6.03,33.77,9307.67,Growth,45.6,54.4,Autumn,Black Friday,Action-Adventure,Gen9
GTA5-111743,2023,11,4,Romania,ROU,Europe,Xbox Series X|S,Premium Edition,Digital,Epic Games Store,824,7943.36,9.64,35.7,72.3,27.7,231,593,28046,2097,19044,9002,19044,9198.66,27627.2,16.5,34.1,1,Black Friday,1,4.47,11,5.0,RON,0.045839,98.0,13.82,21.95,15130.31,Growth,43.1,56.9,Autumn,Black Friday,Action-Adventure,Gen9
GTA5-111786,2023,11,4,Russia,RUS,Europe,Xbox Series X|S,Criminal Enterprise Starter Pack,Digital,Microsoft Store,2278,17950.64,7.88,47.4,67.7,32.3,719,1559,70180,3691,45241,24939,45241,34090.91,91386.3,16.9,56.4,1,Black Friday,1,4.56,37,6.83,RUB,0.895191,98.0,272.41,162.12,17503.02,Growth,46.3,53.7,Autumn,Black Friday,Action-Adventure,Gen9
GTA5-111777,2023,11,4,Serbia,SRB,Europe,PS5,Premium Edition,Digital,Epic Games Store,678,6522.36,9.62,35.8,69.7,30.3,202,476,18454,1608,10876,7578,10876,3085.75,11483.83,13.6,46.6,1,Black Friday,1,4.54,9,0.69,RSD,1.042859,98.0,1.83,8.11,7851.12,Growth,50.2,49.8,Autumn,Black Friday,Action-Adventure,Gen9
GTA5-111783,2023,11,4,South Africa,ZAF,Africa,PS5,Standard Edition,Digital,Steam,1143,9624.06,8.42,43.8,68,32,405,738,27863,1845,20723,7140,20723,17903.19,44835.74,18.0,46.3,1,Black Friday,1,4.6,18,3.28,ZAR,0.187773,98.0,31.37,59.67,9126.83,Growth,41.0,59.0,Autumn,Black Friday,Action-Adventure,Gen9
GTA5-111758,2023,11,4,Sri Lanka,LKA,Asia,PS5,Premium Edition,Digital,Rockstar Games Launcher,327,2334.78,7.14,52.4,65.4,34.6,106,221,9927,681,5602,4325,5602,3326.86,9585.84,15.4,36.5,1,Black Friday,1,4.51,5,3.99,LKR,3.267058,98.0,1.68,23.64,4444.42,Growth,50.2,49.8,Autumn,Black Friday,Action-Adventure,Gen9
GTA5-111724,2023,11,4,Sweden,SWE,Europe,PS5,Standard Edition,Digital,PlayStation Store,1286,8911.98,6.93,53.8,71.9,28.1,417,869,50186,4339,32647,17539,32647,26621.88,77092.49,15.8,42.8,1,Black Friday,1,4.6,15,4.99,SEK,0.104534,98.0,52.11,10.81,68475.22,Growth,48.8,51.2,Autumn,Black Friday,Action-Adventure,Gen9
GTA5-111768,2023,11,4,Taiwan,TWN,Asia,Xbox Series X|S,Premium Edition,Digital,Epic Games Store,2430,11105.1,4.57,69.5,65.5,34.5,741,1689,42094,3565,31008,11086,31008,10822.09,35442.13,16.2,51.4,1,Black Friday,1,4.44,29,3.53,TWD,0.310182,98.0,60.2,25.89,25952.83,Growth,33.3,66.7,Autumn,Black Friday,Action-Adventure,Gen9
GTA5-111717,2023,11,4,United Kingdom,GBR,Europe,PS5,Premium Edition,Digital,Rockstar Games Launcher,3852,29390.76,7.63,49.1,68.5,31.5,1125,2727,104371,5241,69148,35223,69148,27114.91,101718.96,17.2,43.5,1,Black Friday,1,4.46,52,2.29,GBP,0.0000007867,98.0,605.36,72.05,47738.18,Growth,50.5,49.5,Autumn,Black Friday,Action-Adventure,Gen9
GTA5-111805,2023,11,4,United Kingdom,GBR,Europe,Xbox Series X|S,Standard Edition,Digital,Rockstar Games Launcher,2686,22213.22,8.27,44.8,73.8,26.2,758,1928,64496,5643,37308,27188,37308,27450.08,63570.83,16.0,53.6,1,Black Friday,1,4.43,39,4.24,GBP,0.0000007671,98.0,612.45,72.05,48297.53,Growth,50.0,50.0,Autumn,Black Friday,Action-Adventure,Gen9
GTA5-111707,2023,11,4,United States,USA,North America,Xbox Series X|S,Standard Edition,Digital,Steam,7106,51021.08,7.18,52.1,72.6,27.4,2013,5093,123826,7571,84769,39057,84769,65082.4,195642.04,15.6,50.8,1,Black Friday,1,4.69,178,3.75,USD,0.001015,98.0,7198.04,355.76,63227.69,Growth,39.5,60.5,Autumn,Black Friday,Action-Adventure,Gen9
GTA5-111803,2023,11,4,Uruguay,URY,South America,PS5,Standard Edition,Digital,Epic Games Store,226,1880.32,8.32,44.5,68.7,31.3,65,161,6150,457,4020,2130,4020,2644.03,7850.84,14.8,52.1,1,Black Friday,1,4.34,5,3.89,UYU,0.397135,98.0,0.73,3.83,19970.59,Growth,37.1,62.9,Autumn,Black Friday,Action-Adventure,Gen9
GTA5-111848,2023,12,4,Armenia,ARM,Asia,Xbox Series X|S,Premium Edition,Digital,Rockstar Games Launcher,304,2386.4,7.85,47.6,63.1,36.9,105,199,7820,479,3878,3105,4576,2437.94,5379.86,12.7,35.4,1,Christmas,1,4.64,6,2.93,AMD,4.008841,98.0,0.24,3.27,5792.4,Growth,48.0,52.0,Winter,Christmas,Action-Adventure,Gen9
GTA5-111866,2023,12,4,Azerbaijan,AZE,Asia,PS5,Premium Edition,Digital,Epic Games Store,480,4368,9.1,39.3,71.3,28.7,140,340,12145,656,6468,4376,7632,4067.82,8641.23,13.1,61.0,1,Christmas,1,4.67,6,3.57,AZN,0.016904,98.0,1.95,10.71,9466.81,Growth,44.6,55.4,Winter,Christmas,Action-Adventure,Gen9
GTA5-111881,2023,12,4,Bangladesh,BGD,Asia,Xbox Series X|S,Standard Edition,Digital,Epic Games Store,379,4146.26,10.94,27,66,34,116,263,16912,1354,10061,5039,11871,11616.37,16805.63,15.6,52.9,1,Christmas,1,4.67,10,3.58,BDT,1.089781,98.0,10.46,176.92,2309.63,Growth,52.1,47.9,Winter,Christmas,Action-Adventure,Gen9
GTA5-111810,2023,12,4,Brazil,BRA,South America,PS5,Premium Edition,Digital,PlayStation Store,2982,30386.58,10.19,32,67.9,32.1,1048,1934,61061,4309,31576,22943,37259,33495.64,55279.92,16.4,44.0,1,Christmas,1,4.53,53,5.23,BRL,0.051543,98.0,286.09,226.5,14096.75,Growth,46.6,53.4,Winter,Christmas,Action-Adventure,Gen9
GTA5-111898,2023,12,4,Brazil,BRA,South America,PS5,Criminal Enterprise Starter Pack,Digital,PlayStation Store,2745,18940.5,6.9,54,67.2,32.8,756,1989,56294,4129,37576,12687,44339,44495.6,64094.72,19.9,51.3,1,Christmas,1,4.48,22,6.09,BRL,0.051077,98.0,288.64,226.5,14222.52,Growth,47.7,52.3,Winter,Christmas,Action-Adventure,Gen9
GTA5-111862,2023,12,4,Cambodia,KHM,Asia,PS5,Standard Edition,Digital,Rockstar Games Launcher,126,946.26,7.51,49.9,69.8,30.2,38,88,4533,309,2354,1694,2777,1525.53,2822.39,13.5,56.5,1,Christmas,1,4.76,3,3.3,KHR,0.00409573,98.0,0.23,16.9,2098.17,Growth,43.7,56.3,Winter,Christmas,Action-Adventure,Gen9
GTA5-111808,2023,12,4,Canada,CAN,North America,PS5,Legacy Edition,Digital,Epic Games Store,2045,20654.5,10.1,32.6,72.2,27.8,631,1414,62939,4398,38820,17376,45807,33445.68,45914.56,17.1,47.7,1,Christmas,1,4.92,30,5.85,CAD,0.013243,98.0,226.34,39.44,59780.7,Growth,39.9,60.1,Winter,Christmas,Action-Adventure,Gen9
GTA5-111900,2023,12,4,Chile,CHL,South America,Xbox Series X|S,Standard Edition,Digital,Epic Games Store,746,5169.78,6.93,53.8,70.4,29.6,214,532,19447,1331,9708,7656,11455,13066.57,21860.67,17.7,45.9,1,Christmas,1,4.44,22,6.4,CLP,0.00090345,98.0,9.2,19.16,18749.06,Growth,46.6,53.4,Winter,Christmas,Action-Adventure,Gen9
GTA5-111813,2023,12,4,Colombia,COL,South America,PS5,Premium Edition,Digital,Epic Games Store,1023,5411.67,5.29,64.7,68.2,31.8,303,720,22286,1697,14483,5416,17089,10006.76,21589.3,15.8,34.9,1,Christmas,1,4.66,24,2.98,COP,39.933794,98.0,16.47,52.96,10795.51,Growth,49.3,50.7,Winter,Christmas,Action-Adventure,Gen9
GTA5-111870,2023,12,4,Czech Republic,CZE,Europe,Xbox Series X|S,Standard Edition,Digital,Rockstar Games Launcher,670,5473.9,8.17,45.5,64.2,35.8,225,445,24446,1315,12435,9392,14673,8156.08,16038.15,14.4,37.6,1,Christmas,1,4.42,13,2.24,CZK,0.226282,98.0,14.29,11.83,25162.88,Growth,48.7,51.3,Winter,Christmas,Action-Adventure,Gen9
GTA5-111826,2023,12,4,Denmark,DNK,Europe,PS5,Standard Edition,Digital,Microsoft Store,901,6307,7,53.3,67.8,32.2,302,599,35767,1762,20201,11734,23837,27613.17,37085.01,16.9,62.4,1,Christmas,1,4.46,23,3.48,DKK,0.068605,98.0,22.15,6.31,64519.11,Growth,51.5,48.5,Winter,Christmas,Action-Adventure,Gen9
GTA5-111858,2023,12,4,Egypt,EGY,Africa,Xbox Series X|S,Standard Edition,Digital,Microsoft Store,881,6959.9,7.9,47.3,68.7,31.3,285,596,29170,2078,16326,9719,19264,19143.75,28243.29,15.1,45.2,1,Christmas,1,4.61,7,2.4,EGP,0.030384,98.0,19.89,102.54,4662.41,Growth,50.2,49.8,Winter,Christmas,Action-Adventure,Gen9
GTA5-111859,2023,12,4,Ethiopia,ETH,Africa,PS5,Standard Edition,Digital,Microsoft Store,333,2017.98,6.06,59.6,72.3,27.7,115,218,5621,340,2969,2050,3503,2826.27,5809.62,12.2,36.8,1,Christmas,1,4.75,6,4.38,ETB,0.555847,98.0,1.98,108.18,1429.88,Growth,47.2,52.8,Winter,Christmas,Action-Adventure,Gen9
GTA5-111818,2023,12,4,Germany,DEU,Europe,Xbox Series X|S,Standard Edition,Digital,Epic Games Store,3219,26588.94,8.26,44.9,66.6,33.4,1057,2162,142657,9145,92640,34733,109315,125172.87,226101.61,18.8,49.1,1,Christmas,1,4.52,85,3.91,EUR,0.0000009141,98.0,935.0,91.27,53356.06,Growth,47.8,52.2,Winter,Christmas,Action-Adventure,Gen9
GTA5-111887,2023,12,4,India,IND,Asia,Xbox Series X|S,Standard Edition,Digital,PlayStation Store,2445,20049,8.2,45.3,71.3,28.7,701,1744,60220,4774,39264,14504,46331,50311.08,69175.77,15.6,50.3,1,Christmas,1,4.76,27,4.49,INR,0.838618,98.0,461.62,1410.82,2921.42,Growth,47.1,52.9,Winter,Christmas,Action-Adventure,Gen9
GTA5-111863,2023,12,4,Ireland,IRL,Europe,PS5,Premium Edition,Digital,PlayStation Store,1089,5303.43,4.87,67.5,66.9,33.1,358,731,31753,2210,19705,8646,23251,16727.49,30703.05,16.6,58.8,1,Christmas,1,4.49,26,3.16,EUR,0.000000887,98.0,13.92,5.18,55982.43,Growth,56.4,43.6,Winter,Christmas,Action-Adventure,Gen9
GTA5-111884,2023,12,4,Japan,JPN,Asia,PS5,Premium Edition,Digital,Epic Games Store,5252,43539.08,8.29,44.7,75.3,24.7,1535,3717,146689,7252,98220,32753,115899,63836.07,129726.97,20.5,56.0,1,Christmas,1,4.74,67,1.93,JPY,1.460714,98.0,1113.69,143.11,44216.35,Growth,46.6,53.4,Winter,Christmas,Action-Adventure,Gen9
GTA5-111878,2023,12,4,Jordan,JOR,Asia,Xbox Series X|S,Premium Edition,Digital,Epic Games Store,328,3024.16,9.22,38.5,73.4,26.6,90,238,9626,470,4848,3747,5720,7816.08,11917.51,13.6,55.6,1,Christmas,1,4.73,6,3.82,JOD,0.0000006963,98.0,0.81,7.32,5781.75,Growth,47.1,52.9,Winter,Christmas,Action-Adventure,Gen9
GTA5-111868,2023,12,4,Kenya,KEN,Africa,Xbox Series X|S,Standard Edition,Digital,Rockstar Games Launcher,386,4045.28,10.48,30.1,66.5,33.5,118,268,16456,1168,10859,3834,12813,13725.79,21049.14,14.5,48.1,1,Christmas,1,4.7,4,1.2,KES,0.129891,98.0,3.19,49.58,2516.11,Growth,54.9,45.1,Winter,Christmas,Action-Adventure,Gen9
GTA5-111831,2023,12,4,Lithuania,LTU,Europe,PS5,Legacy Edition,Digital,PlayStation Store,556,4764.92,8.57,42.8,72.6,27.4,173,383,23437,1491,11709,9217,13816,17834.57,26353.99,15.0,62.9,1,Christmas,1,4.61,12,4.19,EUR,0.0000008885,98.0,1.72,3.27,20571.45,Growth,42.0,58.0,Winter,Christmas,Action-Adventure,Gen9
GTA5-111852,2023,12,4,Malaysia,MYS,Asia,PS5,Standard Edition,Digital,PlayStation Store,1674,20774.34,12.41,17.2,63,37,576,1098,48640,2448,27957,15472,32989,49224.47,69195.9,18.5,59.9,1,Christmas,1,4.43,19,2.96,MYR,0.045379,98.0,30.65,33.81,14165.37,Growth,44.4,55.6,Winter,Christmas,Action-Adventure,Gen9
GTA5-111850,2023,12,4,Myanmar,MMR,Asia,Xbox Series X|S,Legacy Edition,Digital,Microsoft Store,165,1419,8.6,42.6,69.8,30.2,56,109,5000,246,2882,1583,3400,4464.06,6382.66,15.0,40.5,1,Christmas,1,4.56,3,0.12,MMK,2.073587,98.0,1.24,59.72,2168.87,Growth,51.4,48.6,Winter,Christmas,Action-Adventure,Gen9
GTA5-111890,2023,12,4,Nepal,NPL,Asia,PS5,Standard Edition,Digital,PlayStation Store,194,1517.08,7.82,47.8,67.5,32.5,65,129,6537,402,3966,1871,4679,5125.57,9647.73,14.4,53.0,1,Christmas,1,4.77,3,4.1,NPR,0.130508,98.0,0.48,31.55,1574.46,Growth,54.7,45.3,Winter,Christmas,Action-Adventure,Gen9
GTA5-111886,2023,12,4,Philippines,PHL,Asia,Xbox Series X|S,Premium Edition,Digital,PlayStation Store,1286,9863.62,7.67,48.8,65.2,34.8,414,872,48167,3437,29319,13688,34596,28526.16,66749.47,15.6,43.1,1,Christmas,1,4.52,17,2.19,PHP,0.554058,98.0,28.1,110.43,4418.36,Growth,49.2,50.8,Winter,Christmas,Action-Adventure,Gen9
GTA5-111823,2023,12,4,Poland,POL,Europe,Xbox Series X|S,Criminal Enterprise Starter Pack,Digital,Epic Games Store,2243,20029.99,8.93,40.4,71.4,28.6,696,1547,41914,3260,26804,10620,31628,26587.65,40177.34,18.2,52.2,1,Christmas,1,4.46,38,2.64,PLN,0.039685,98.0,65.86,42.82,20027.85,Growth,48.5,51.5,Winter,Christmas,Action-Adventure,Gen9
GTA5-111856,2023,12,4,Singapore,SGP,Asia,PS5,Standard Edition,Digital,Rockstar Games Launcher,1445,12412.55,8.59,42.7,69.6,30.4,429,1016,45169,2798,22843,17487,26954,28199.92,56767.62,16.3,53.2,1,Christmas,1,4.7,23,4.3,SGD,0.013226,98.0,23.56,6.08,60541.45,Growth,40.3,59.7,Winter,Christmas,Action-Adventure,Gen9
GTA5-111851,2023,12,4,South Africa,ZAF,Africa,PS5,Legacy Edition,Digital,Rockstar Games Launcher,1049,9357.08,8.92,40.5,70.3,29.7,304,745,37396,1893,24478,8912,28884,26231.46,47065.06,17.3,55.9,1,Christmas,1,4.69,29,2.86,ZAR,0.189739,98.0,31.19,59.72,9067.92,Growth,42.8,57.2,Winter,Christmas,Action-Adventure,Gen9
GTA5-111841,2023,12,4,South Korea,KOR,Asia,Xbox Series X|S,Standard Edition,Digital,PlayStation Store,3661,28812.07,7.87,47.5,69.1,30.9,1064,2597,96194,4728,58330,27558,68829,50292.3,123427.64,16.5,52.6,1,Christmas,1,4.68,80,2.02,KRW,13.279084,98.0,258.06,57.47,35080.38,Growth,42.8,57.2,Winter,Christmas,Action-Adventure,Gen9
GTA5-111821,2023,12,4,Spain,ESP,Europe,PS5,Standard Edition,Digital,Epic Games Store,3353,22062.74,6.58,56.1,65,35,964,2389,81839,5008,43534,29537,51370,61358.57,100949.75,18.5,55.8,1,Christmas,1,4.46,29,7.14,EUR,0.0000008977,98.0,198.58,52.96,35507.04,Growth,43.0,57.0,Winter,Christmas,Action-Adventure,Gen9
GTA5-111844,2023,12,4,Sri Lanka,LKA,Asia,PS5,Premium Edition,Digital,Epic Games Store,521,3704.31,7.11,52.6,67.7,32.3,168,353,11984,943,7376,3324,8703,8384.13,10626.72,16.2,46.3,1,Christmas,1,4.41,7,3.58,LKR,3.146931,98.0,1.71,23.66,4521.58,Growth,42.4,57.6,Winter,Christmas,Action-Adventure,Gen9
GTA5-111830,2023,12,4,Ukraine,UKR,Europe,Xbox Series X|S,Standard Edition,Digital,Microsoft Store,825,5915.25,7.17,52.2,66.8,33.2,255,570,18922,941,9804,7091,11568,5687.38,12237.7,14.9,40.6,1,Christmas,1,4.75,8,4.29,UAH,0.386535,98.0,9.06,50.71,5583.89,Growth,50.4,49.6,Winter,Christmas,Action-Adventure,Gen9
GTA5-111815,2023,12,4,Uruguay,URY,South America,PS5,Premium Edition,Digital,Microsoft Store,209,1763.96,8.44,43.7,70.8,29.2,58,151,6807,378,3625,2453,4277,5057.42,6635.31,17.2,63.8,1,Christmas,1,4.63,3,3.69,UYU,0.388806,98.0,0.74,3.83,20123.08,Growth,40.9,59.1,Winter,Christmas,Action-Adventure,Gen9
GTA5-111891,2023,12,4,Vietnam,VNM,Asia,PS5,Standard Edition,Digital,PlayStation Store,1621,12076.45,7.45,50.3,64.8,35.2,483,1138,39725,2738,19654,15815,23191,24231.44,45736.42,12.0,51.6,1,Christmas,1,4.59,32,5.09,VND,244.470558,98.0,21.27,101.42,3855.61,Growth,45.9,54.1,Winter,Christmas,Action-Adventure,Gen9
GTA5-111942,2024,1,1,Armenia,ARM,Asia,PS5,Standard Edition,Digital,Steam,235,2331.2,9.92,33.8,69.4,30.6,70,165,9167,751,5431,3736,5431,2325.72,5896.63,15.2,41.8,1,New Year Sale,1,4.5,4,4.36,AMD,4.057957,98.0,0.24,3.27,5780.72,Growth,42.9,57.1,Winter,New Year Sale,Action-Adventure,Gen9
GTA5-111953,2024,1,1,Austria,AUT,Europe,PS5,Standard Edition,Digital,Epic Games Store,1255,10454.15,8.33,44.4,71.3,28.7,356,899,41971,2200,29759,12212,29759,30128.95,72169.09,18.7,41.2,1,New Year Sale,1,4.69,34,1.31,EUR,0.0000009027,98.0,27.61,9.59,52921.97,Growth,36.0,64.0,Winter,New Year Sale,Action-Adventure,Gen9
GTA5-111986,2024,1,1,Bahrain,BHR,Asia,Xbox Series X|S,Legacy Edition,Digital,Steam,511,2928.03,5.73,61.8,70.6,29.4,166,345,13866,765,9683,4183,9683,8413.63,16957.71,18.8,34.7,1,New Year Sale,1,4.39,15,5.47,BHD,0.0000003784,98.0,0.87,1.47,26526.38,Growth,43.2,56.8,Winter,New Year Sale,Action-Adventure,Gen9
GTA5-111945,2024,1,1,Belgium,BEL,Europe,PS5,Legacy Edition,Digital,Epic Games Store,1309,10223.29,7.81,47.9,70.3,29.7,361,948,39416,2997,23367,16049,23367,12210.44,40686.85,17.9,50.7,1,New Year Sale,1,4.56,36,4.42,EUR,0.0000008943,98.0,37.97,12.41,50324.56,Growth,42.7,57.3,Winter,New Year Sale,Action-Adventure,Gen9
GTA5-111998,2024,1,1,Brazil,BRA,South America,PS5,Legacy Edition,Digital,Epic Games Store,2161,18649.43,8.63,42.4,62.9,37.1,622,1539,57660,4245,40899,16761,40899,20171.23,54085.81,17.0,59.4,1,New Year Sale,1,4.68,58,3.1,BRL,0.051514,98.0,289.57,226.7,14255.75,Growth,44.5,55.5,Winter,New Year Sale,Action-Adventure,Gen9
GTA5-111956,2024,1,1,Bulgaria,BGR,Europe,PS5,Standard Edition,Digital,PlayStation Store,758,5343.9,7.05,53,72.9,27.1,254,504,18387,1602,10178,8209,10178,7280.85,20193.53,12.4,45.9,1,New Year Sale,1,4.67,6,6.44,BGN,0.017842,98.0,2.39,8.12,10213.04,Growth,46.7,53.3,Winter,New Year Sale,Action-Adventure,Gen9
GTA5-111908,2024,1,1,Canada,CAN,North America,Xbox Series X|S,Criminal Enterprise Starter Pack,Digital,Steam,1851,14808,8,46.6,70.2,29.8,563,1288,45718,3473,33318,12400,33318,23047.77,48491.67,15.7,34.9,1,New Year Sale,1,4.55,54,3.74,CAD,0.012912,98.0,227.72,39.48,60082.1,Growth,37.8,62.2,Winter,New Year Sale,Action-Adventure,Gen9
GTA5-111912,2024,1,1,Chile,CHL,South America,PS5,Premium Edition,Digital,PlayStation Store,711,5318.28,7.48,50.1,68.7,31.3,223,488,12650,892,8762,3888,8762,8308.45,17252.13,16.5,59.6,1,New Year Sale,1,4.57,6,2.15,CLP,9.096081,98.0,9.29,19.17,18920.26,Growth,52.5,47.5,Winter,New Year Sale,Action-Adventure,Gen9
GTA5-111913,2024,1,1,Colombia,COL,South America,Xbox Series X|S,Premium Edition,Digital,Microsoft Store,441,4811.31,10.91,27.2,66.1,33.9,130,311,17812,1084,12815,4997,12815,9322.24,25236.1,15.3,55.0,1,New Year Sale,1,4.42,6,3.43,COP,40.527959,98.0,16.29,53.01,10673.06,Growth,33.0,67.0,Winter,New Year Sale,Action-Adventure,Gen9
GTA5-112001,2024,1,1,Colombia,COL,South America,Xbox Series X|S,Standard Edition,Digital,PlayStation Store,568,4970,8.75,41.6,63.8,36.2,177,391,16678,1292,11309,5369,11309,10305.6,24855.18,16.0,65.9,1,New Year Sale,1,4.56,12,1.15,COP,40.206423,98.0,16.19,53.01,10602.01,Growth,56.5,43.5,Winter,New Year Sale,Action-Adventure,Gen9
GTA5-111949,2024,1,1,Croatia,HRV,Europe,Xbox Series X|S,Standard Edition,Digital,Steam,585,4557.15,7.79,48,71.6,28.4,169,416,17120,1525,10246,6874,10246,7060.78,19293.18,15.4,38.4,1,New Year Sale,1,4.61,7,5.44,EUR,0.000000912,98.0,2.12,4.74,17452.74,Growth,45.8,54.2,Winter,New Year Sale,Action-Adventure,Gen9
GTA5-112004,2024,1,1,Ecuador,ECU,South America,PS5,Criminal Enterprise Starter Pack,Digital,Epic Games Store,165,1362.9,8.26,44.9,73,27,47,118,4923,352,2803,2120,2803,1731.87,5642.8,10.3,45.8,1,New Year Sale,1,4.59,4,4.19,USD,0.0000009914,98.0,1.38,18.05,7983.72,Growth,46.9,53.1,Winter,New Year Sale,Action-Adventure,Gen9
GTA5-111951,2024,1,1,Ethiopia,ETH,Africa,Xbox Series X|S,Premium Edition,Digital,PlayStation Store,238,2080.12,8.74,41.7,65.3,34.7,67,171,7435,541,5008,2427,5008,2277.5,5318.72,15.8,50.3,1,New Year Sale,1,4.44,3,5.72,ETB,0.560213,98.0,1.98,108.28,1429.33,Growth,42.0,58.0,Winter,New Year Sale,Action-Adventure,Gen9
GTA5-111955,2024,1,1,Fiji,FJI,Oceania,PS5,Standard Edition,Digital,Steam,206,1610.92,7.82,47.8,71.8,28.2,63,143,3686,205,2066,1620,2066,1441.34,3544.34,14.0,37.0,1,New Year Sale,1,4.42,3,4.17,FJD,0.022604,98.0,0.04,1.02,6051.76,Growth,43.1,56.9,Winter,New Year Sale,Action-Adventure,Gen9
GTA5-111919,2024,1,1,France,FRA,Europe,Xbox Series X|S,Standard Edition,Digital,Epic Games Store,3147,24326.31,7.73,48.4,66.2,33.8,912,2235,82587,5183,59515,23072,59515,36983.95,111641.96,19.1,55.0,1,New Year Sale,1,4.57,40,3.72,EUR,0.0000009129,98.0,561.34,74.44,49093.86,Growth,41.7,58.3,Winter,New Year Sale,Action-Adventure,Gen9
GTA5-111994,2024,1,1,Ghana,GHA,Africa,Xbox Series X|S,Legacy Edition,Digital,Steam,429,2951.52,6.88,54.1,74,26,146,283,8657,528,5158,3499,5158,2528.48,5495.3,15.7,47.9,1,New Year Sale,1,4.39,3,5.5,GHS,0.119849,98.0,1.69,29.32,2999.72,Growth,51.4,48.6,Winter,New Year Sale,Action-Adventure,Gen9
GTA5-111987,2024,1,1,India,IND,Asia,Xbox Series X|S,Standard Edition,Digital,PlayStation Store,2143,16886.84,7.88,47.4,68.3,31.7,694,1449,54458,3737,38458,16000,38458,27799.47,83236.6,15.8,43.6,1,New Year Sale,1,4.34,37,1.99,INR,0.840032,98.0,466.22,1412.11,2947.86,Growth,58.2,41.8,Winter,New Year Sale,Action-Adventure,Gen9
GTA5-111952,2024,1,1,Indonesia,IDN,Asia,PS5,Premium Edition,Digital,PlayStation Store,2015,13601.25,6.75,55,69.3,30.7,701,1314,52649,4325,33929,18720,33929,38028.8,82604.44,16.9,41.2,1,New Year Sale,1,4.45,50,4.04,IDR,158.361215,98.0,115.51,281.97,5818.98,Growth,47.4,52.6,Winter,New Year Sale,Action-Adventure,Gen9
GTA5-111990,2024,1,1,Kuwait,KWT,Asia,Xbox Series X|S,Criminal Enterprise Starter Pack,Digital,Microsoft Store,682,6451.72,9.46,36.9,69.2,30.8,223,459,17645,1159,12818,4827,12818,5910.95,16465.54,13.8,39.6,1,New Year Sale,1,4.28,17,1.68,KWD,0.0000003158,98.0,6.57,3.83,53577.35,Growth,47.8,52.2,Winter,New Year Sale,Action-Adventure,Gen9
GTA5-111972,2024,1,1,Latvia,LVA,Europe,Xbox Series X|S,Standard Edition,Digital,Rockstar Games Launcher,447,4778.43,10.69,28.7,65.3,34.7,136,311,12288,713,8017,4271,8017,8644.54,17489.82,15.4,49.0,1,New Year Sale,1,4.55,10,5.82,EUR,0.0000008989,98.0,0.98,2.26,19450.18,Growth,46.6,53.4,Winter,New Year Sale,Action-Adventure,Gen9
GTA5-111985,2024,1,1,Luxembourg,LUX,Europe,Xbox Series X|S,Standard Edition,Digital,Steam,464,2505.6,5.4,64,66.6,33.4,129,335,16479,1335,9452,7027,9452,5607.38,15233.61,13.4,54.8,1,New Year Sale,1,4.55,8,4.08,EUR,0.0000008948,98.0,1.61,0.62,116012.82,Growth,45.1,54.9,Winter,New Year Sale,Action-Adventure,Gen9
GTA5-111997,2024,1,1,Mexico,MEX,North America,PS5,Premium Edition,Digital,Steam,1938,21434.28,11.06,26.2,70.3,29.7,558,1380,43089,2547,28295,14794,28295,17148.91,47224.36,15.0,51.5,1,New Year Sale,1,4.4,48,4.96,MXN,0.185049,98.0,141.27,137.6,14583.17,Growth,38.4,61.6,Winter,New Year Sale,Action-Adventure,Gen9
GTA5-111914,2024,1,1,Peru,PER,South America,Xbox Series X|S,Standard Edition,Digital,Steam,501,3456.9,6.9,54,70,30,138,363,8910,655,5995,2915,5995,6192.4,12427.07,16.2,51.6,1,New Year Sale,1,4.69,7,4.36,PEN,0.036919,98.0,6.07,33.84,9343.41,Growth,44.2,55.8,Winter,New Year Sale,Action-Adventure,Gen9
GTA5-112002,2024,1,1,Peru,PER,South America,Xbox Series X|S,Legacy Edition,Digital,Epic Games Store,458,3911.32,8.54,43,70.4,29.6,125,333,11481,615,7759,3722,7759,2717.72,10392.59,14.0,48.3,1,New Year Sale,1,4.85,5,3.02,PEN,0.037155,98.0,6.05,33.84,9317.78,Growth,43.7,56.3,Winter,New Year Sale,Action-Adventure,Gen9
GTA5-111923,2024,1,1,Poland,POL,Europe,Xbox Series X|S,Standard Edition,Digital,Microsoft Store,1724,9844.04,5.71,61.9,74.6,25.4,478,1246,43211,2218,25296,17915,25296,19906.55,43858.85,13.7,43.4,1,New Year Sale,1,4.53,25,2.36,PLN,0.040612,98.0,65.71,42.86,19961.45,Growth,41.0,59.0,Winter,New Year Sale,Action-Adventure,Gen9
GTA5-111933,2024,1,1,Qatar,QAT,Asia,PS5,Premium Edition,Digital,Microsoft Store,702,8494.2,12.1,19.3,71.3,28.7,198,504,25433,2266,16696,8737,16696,13841.02,33130.48,15.4,48.9,1,New Year Sale,1,4.36,6,3.34,QAR,0.035974,98.0,9.23,2.48,96927.06,Growth,42.3,57.7,Winter,New Year Sale,Action-Adventure,Gen9
GTA5-111980,2024,1,1,Russia,RUS,Europe,PS5,Standard Edition,Digital,Rockstar Games Launcher,3032,20011.2,6.6,56,65.5,34.5,837,2195,60178,5044,34125,26053,34125,16821.04,43117.3,18.0,49.5,1,New Year Sale,1,4.46,24,5.72,RUB,0.923555,98.0,278.42,162.41,17857.43,Growth,50.3,49.7,Winter,New Year Sale,Action-Adventure,Gen9
GTA5-111960,2024,1,1,Singapore,SGP,Asia,Xbox Series X|S,Standard Edition,Digital,Rockstar Games Launcher,1784,12541.52,7.03,53.1,68.8,31.2,593,1191,34957,2488,20219,14738,20219,15092.89,43450.87,14.8,52.5,1,New Year Sale,1,4.58,47,3.28,SGD,0.013151,98.0,23.75,6.09,60928.58,Growth,52.2,47.8,Winter,New Year Sale,Action-Adventure,Gen9
GTA5-111965,2024,1,1,Slovenia,SVN,Europe,Xbox Series X|S,Standard Edition,Digital,PlayStation Store,491,4369.9,8.9,40.6,70.4,29.6,169,322,14330,739,9491,4839,9491,4485.32,11098.69,13.5,35.4,1,New Year Sale,1,4.38,6,1.58,EUR,0.000000899,98.0,1.87,2.37,27399.84,Growth,42.0,58.0,Winter,New Year Sale,Action-Adventure,Gen9
GTA5-111959,2024,1,1,South Africa,ZAF,Africa,PS5,Standard Edition,Digital,PlayStation Store,1467,7540.38,5.14,65.7,71.5,28.5,422,1045,55735,3015,36765,18970,36765,23645.16,52405.82,16.2,53.3,1,New Year Sale,1,4.82,34,5.72,ZAR,0.190406,98.0,31.38,59.78,9114.01,Growth,38.5,61.5,Winter,New Year Sale,Action-Adventure,Gen9
GTA5-111921,2024,1,1,Spain,ESP,Europe,PS5,Standard Edition,Digital,Rockstar Games Launcher,2041,19940.57,9.77,34.8,69.2,30.8,620,1421,65696,5505,45596,20100,45596,50422.98,108234.26,17.8,51.8,1,New Year Sale,1,4.58,46,6.77,EUR,0.0000008857,98.0,194.9,53.01,34817.51,Growth,43.9,56.1,Winter,New Year Sale,Action-Adventure,Gen9
GTA5-111950,2024,1,1,Thailand,THA,Asia,Xbox Series X|S,Standard Edition,Digital,PlayStation Store,1374,8711.16,6.34,57.7,68.1,31.9,446,928,40196,2373,29042,11154,29042,18568.25,55012.8,17.0,54.9,1,New Year Sale,1,4.51,27,6.33,THB,0.358797,98.0,39.28,75.57,8122.47,Growth,45.3,54.7,Winter,New Year Sale,Action-Adventure,Gen9
GTA5-111943,2024,1,1,Turkey,TUR,Europe,Xbox Series X|S,Premium Edition,Digital,Rockstar Games Launcher,1274,13160.42,10.33,31.1,68.7,31.3,396,878,33118,2891,18467,14651,18467,11754.8,40155.03,13.7,50.3,1,New Year Sale,1,4.87,13,3.73,TRY,0.266499,98.0,76.67,85.72,13975.69,Growth,46.6,53.4,Winter,New Year Sale,Action-Adventure,Gen9
GTA5-112005,2024,1,1,United Kingdom,GBR,Europe,Xbox Series X|S,Standard Edition,Digital,PlayStation Store,3071,36145.67,11.77,21.5,65.1,34.9,921,2150,86569,4856,60312,26257,60312,54891.8,144569.21,19.6,44.6,1,New Year Sale,1,4.35,35,3.09,GBP,0.0000007608,98.0,618.55,72.18,48690.39,Growth,45.7,54.3,Winter,New Year Sale,Action-Adventure,Gen9
GTA5-111995,2024,1,1,United States,USA,North America,PS5,Legacy Edition,Digital,Rockstar Games Launcher,6728,62704.96,9.32,37.8,69.2,30.8,2179,4549,192282,13587,108425,83857,108425,76884.2,233794.42,18.7,42.7,1,New Year Sale,1,4.53,175,4.31,USD,0.010072,98.0,7163.15,356.41,62806.48,Growth,34.7,65.3,Winter,New Year Sale,Action-Adventure,Gen9
GTA5-112003,2024,1,1,Uruguay,URY,South America,PS5,Legacy Edition,Digital,Epic Games Store,214,2043.7,9.55,36.3,72.5,27.5,64,150,5992,331,3769,2223,3769,1974.69,4904.01,12.7,25.2,1,New Year Sale,1,4.44,5,3.97,UYU,0.398129,98.0,0.73,3.83,19833.78,Growth,45.7,54.3,Winter,New Year Sale,Action-Adventure,Gen9
GTA5-112084,2024,2,1,Armenia,ARM,Asia,Xbox Series X|S,Legacy Edition,Digital,Epic Games Store,124,1604.56,12.94,13.7,68.3,31.7,33,91,7617,657,4866,2751,4866,1710.38,4793.04,12.7,41.3,0,None,0,4.47,3,3.24,AMD,3.984674,98.0,0.24,3.27,5803.24,Growth,53.3,46.7,Winter,None,Action-Adventure,Gen9
GTA5-112047,2024,2,1,Australia,AUS,Oceania,Xbox Series X|S,Standard Edition,Digital,PlayStation Store,1191,15518.73,13.03,13.1,65.9,34.1,354,837,70386,3657,51068,19318,51068,33629.25,67296.17,16.0,40.1,0,None,0,4.62,16,4.31,AUD,0.015091,98.0,269.85,25.96,72186.13,Growth,49.5,50.5,Winter,None,Action-Adventure,Gen9
GTA5-112085,2024,2,1,Azerbaijan,AZE,Asia,PS5,Legacy Edition,Digital,Rockstar Games Launcher,212,3177.88,14.99,0,72.9,27.1,73,139,11717,642,8521,3196,8521,7188.03,15851.7,12.7,43.3,0,None,0,4.64,4,4.62,AZN,0.016926,98.0,1.94,10.72,9417.07,Growth,47.0,53.0,Winter,None,Action-Adventure,Gen9
GTA5-112046,2024,2,1,Belgium,BEL,Europe,PS5,Standard Edition,Digital,Rockstar Games Launcher,483,6269.34,12.98,13.4,66.8,33.2,152,331,34460,2217,22470,11990,22470,12272.67,42025.16,17.4,50.3,0,None,0,4.33,6,2.93,EUR,0.0000008883,98.0,38.29,12.42,50707.12,Growth,55.8,44.2,Winter,None,Action-Adventure,Gen9
GTA5-112010,2024,2,1,Brazil,BRA,South America,PS5,Standard Edition,Digital,Microsoft Store,791,10899.98,13.78,8.1,71.5,28.5,225,566,51964,2715,37562,14402,37562,14509.69,57584.56,13.6,26.2,0,None,0,4.62,22,1.47,BRL,0.050507,98.0,292.51,226.91,14387.47,Growth,48.2,51.8,Winter,None,Action-Adventure,Gen9
GTA5-112065,2024,2,1,Cambodia,KHM,Asia,Xbox Series X|S,Criminal Enterprise Starter Pack,Digital,PlayStation Store,52,755.56,14.53,3.1,74.5,25.5,16,36,3114,199,2077,1037,2077,1333.26,3544.53,13.9,47.8,0,None,0,4.76,3,4.8,KHR,41.135434,98.0,0.23,16.93,2092.64,Growth,32.6,67.4,Winter,None,Action-Adventure,Gen9
GTA5-112060,2024,2,1,Fiji,FJI,Oceania,PS5,Standard Edition,Digital,Microsoft Store,75,829.5,11.06,26.2,69,31,25,50,4673,272,3234,1439,3234,2498.35,6707.99,15.7,51.9,0,None,0,4.38,3,3.04,FJD,0.002234,98.0,0.04,1.02,6027.04,Growth,43.3,56.7,Winter,None,Action-Adventure,Gen9
GTA5-112027,2024,2,1,Finland,FIN,Europe,PS5,Criminal Enterprise Starter Pack,Digital,PlayStation Store,577,7749.11,13.43,10.4,70,30,171,406,35693,2752,20988,14705,20988,11986.72,29643.49,13.2,32.5,0,None,0,4.38,11,3.09,EUR,0.0000008972,98.0,16.95,6.1,54281.37,Growth,41.4,58.6,Winter,None,Action-Adventure,Gen9
GTA5-112018,2024,2,1,Germany,DEU,Europe,Xbox Series X|S,Standard Edition,Digital,Steam,1491,20098.68,13.48,10.1,66.4,33.6,511,980,95551,5961,57732,37819,57732,56100.64,116153.09,16.3,40.2,0,None,0,4.43,32,4.66,EUR,0.0000008917,98.0,949.64,91.44,54090.69,Growth,35.9,64.1,Winter,None,Action-Adventure,Gen9
GTA5-112082,2024,2,1,Greece,GRC,Europe,Xbox Series X|S,Legacy Edition,Digital,PlayStation Store,293,4213.34,14.38,4.1,72.2,27.8,81,212,18292,1455,10837,7455,10837,10431.0,22696.0,14.2,38.6,0,None,0,4.68,8,3.34,EUR,0.0000008896,98.0,10.64,12.42,24340.32,Growth,45.8,54.2,Winter,None,Action-Adventure,Gen9
GTA5-112088,2024,2,1,Hungary,HUN,Europe,PS5,Premium Edition,Digital,Steam,355,4604.35,12.97,13.5,72.5,27.5,121,234,22152,1830,13363,8789,13363,8346.61,23041.11,18.9,48.1,0,None,0,4.63,7,2.95,HUF,3.535991,98.0,8.24,11.18,19204.24,Growth,37.2,62.8,Winter,None,Action-Adventure,Gen9
GTA5-112035,2024,2,1,Ireland,IRL,Europe,Xbox Series X|S,Standard Edition,Digital,Rockstar Games Launcher,328,4155.76,12.67,15.5,70.9,29.1,96,232,20107,1273,11278,8829,11278,7652.49,21507.38,12.9,39.1,0,None,0,4.42,4,3.37,EUR,0.0000009058,98.0,13.83,5.19,55514.02,Growth,49.8,50.2,Winter,None,Action-Adventure,Gen9
GTA5-112087,2024,2,1,Israel,ISR,Asia,Xbox Series X|S,Premium Edition,Digital,Steam,379,4654.12,12.28,18.1,65.1,34.9,109,270,27858,1446,20521,7337,20521,8630.43,20500.32,16.2,49.7,0,None,0,4.45,9,4.17,ILS,0.037219,98.0,21.52,9.14,40870.56,Growth,46.4,53.6,Winter,None,Action-Adventure,Gen9
GTA5-112020,2024,2,1,Italy,ITA,Europe,PS5,Standard Edition,Digital,PlayStation Store,1399,19236.25,13.75,8.3,70.3,29.7,390,1009,53099,3786,35490,17609,35490,15168.49,55666.21,17.1,46.2,0,None,0,4.48,11,5.77,EUR,0.0000008883,98.0,301.73,67.73,39775.44,Growth,46.2,53.8,Winter,None,Action-Adventure,Gen9
GTA5-112081,2024,2,1,Kenya,KEN,Africa,Xbox Series X|S,Premium Edition,Digital,Rockstar Games Launcher,224,2974.72,13.28,11.4,70,30,67,157,14458,748,10501,3957,10501,3782.02,13484.77,16.2,52.6,0,None,0,4.56,4,4.61,KES,1.297808,98.0,3.18,49.67,2501.7,Growth,41.3,58.7,Winter,None,Action-Adventure,Gen9
GTA5-112073,2024,2,1,Lithuania,LTU,Europe,PS5,Standard Edition,Digital,PlayStation Store,275,3649.25,13.27,11.5,69.9,30.1,87,188,12703,952,9322,3381,9322,7398.86,15650.13,19.0,52.8,0,None,0,4.46,3,4.75,EUR,0.0000009101,98.0,1.73,3.27,20635.86,Growth,45.5,54.5,Winter,None,Action-Adventure,Gen9
GTA5-112089,2024,2,1,Malaysia,MYS,Asia,PS5,Premium Edition,Digital,Epic Games Store,552,7556.88,13.69,8.7,68,32,168,384,48775,3141,27762,21013,27762,14756.15,48494.03,13.4,32.1,0,None,0,4.63,4,2.29,MYR,0.047487,98.0,30.72,33.87,14171.77,Growth,47.9,52.1,Winter,None,Action-Adventure,Gen9
GTA5-112070,2024,2,1,Morocco,MAR,Africa,Xbox Series X|S,Criminal Enterprise Starter Pack,Digital,Epic Games Store,209,2779.7,13.3,11.3,67.4,32.6,60,149,16897,1429,11547,5350,11547,6831.85,20613.95,13.9,27.3,0,None,0,4.56,4,3.58,MAD,0.102263,98.0,5.14,37.25,4789.32,Growth,48.1,51.9,Winter,None,Action-Adventure,Gen9
GTA5-112062,2024,2,1,Myanmar,MMR,Asia,Xbox Series X|S,Premium Edition,Digital,Rockstar Games Launcher,104,1489.28,14.32,4.5,64.9,35.1,35,69,5508,298,4005,1503,4005,3588.02,7479.15,15.3,47.0,0,None,0,4.45,3,2.12,MMK,20.984203,98.0,1.27,59.83,2207.09,Growth,54.0,46.0,Winter,None,Action-Adventure,Gen9
GTA5-112022,2024,2,1,Netherlands,NLD,Europe,PS5,Standard Edition,Digital,Epic Games Store,857,11689.48,13.64,9,70.4,29.6,264,593,79587,6859,59213,20374,59213,19814.7,62902.06,17.8,46.1,0,None,0,4.44,22,3.18,EUR,0.0000009044,98.0,100.33,19.19,58352.31,Growth,42.5,57.5,Winter,None,Action-Adventure,Gen9
GTA5-112030,2024,2,1,New Zealand,NZL,Oceania,PS5,Standard Edition,Digital,PlayStation Store,453,6745.17,14.89,0.7,69.3,30.7,145,308,35018,2195,21924,13094,21924,21126.85,43567.76,18.5,53.0,0,None,0,4.41,8,4.41,NZD,0.016387,98.0,13.56,4.97,47366.06,Growth,41.8,58.2,Winter,None,Action-Adventure,Gen9
GTA5-112025,2024,2,1,Norway,NOR,Europe,Xbox Series X|S,Standard Edition,Digital,Microsoft Store,566,7007.08,12.38,17.4,71.8,28.2,193,373,29654,2545,21111,8543,21111,11020.44,39534.12,18.7,38.9,0,None,0,4.52,15,3.98,NOK,0.106033,98.0,34.77,5.76,104804.5,Growth,45.3,54.7,Winter,None,Action-Adventure,Gen9
GTA5-112043,2024,2,1,Oman,OMN,Asia,PS5,Premium Edition,Digital,PlayStation Store,121,1719.41,14.21,5.2,63.2,36.8,36,85,15088,1195,8683,6405,8683,4695.82,15634.63,15.3,59.7,0,None,0,4.81,3,0.79,OMR,0.0000003893,98.0,2.26,4.52,22276.17,Growth,43.6,56.4,Winter,None,Action-Adventure,Gen9
GTA5-112023,2024,2,1,Poland,POL,Europe,Xbox Series X|S,Standard Edition,Digital,PlayStation Store,618,7632.3,12.35,17.6,73.1,26.9,208,410,44935,3137,28326,16609,28326,16423.21,39612.52,14.4,25.6,0,None,0,4.45,14,6.25,PLN,0.040119,98.0,64.63,42.9,19617.17,Growth,45.5,54.5,Winter,None,Action-Adventure,Gen9
GTA5-112045,2024,2,1,Russia,RUS,Europe,PS5,Standard Edition,Digital,Steam,711,10657.89,14.99,0,73.3,26.7,244,467,78394,5966,50413,27981,50413,21574.28,58168.03,19.6,47.8,0,None,0,4.6,8,4.21,RUB,0.900877,98.0,276.78,162.56,17735.75,Growth,35.2,64.8,Winter,None,Action-Adventure,Gen9
GTA5-112033,2024,2,1,Saudi Arabia,SAU,Asia,PS5,Legacy Edition,Digital,Epic Games Store,934,12282.1,13.15,12.3,73.6,26.4,257,677,51622,3234,35582,16040,35582,13973.39,47472.45,16.3,49.1,0,None,0,4.29,25,3.29,SAR,0.037277,98.0,71.03,33.87,27305.65,Growth,53.5,46.5,Winter,None,Action-Adventure,Gen9
GTA5-112091,2024,2,1,Serbia,SRB,Europe,PS5,Premium Edition,Digital,PlayStation Store,272,3938.56,14.48,3.4,68.1,31.9,76,196,19792,1145,14014,5778,14014,9180.87,21396.69,13.9,53.0,0,None,0,4.67,4,2.56,RSD,0.105015,98.0,1.87,8.13,7983.52,Growth,40.2,59.8,Winter,None,Action-Adventure,Gen9
GTA5-112051,2024,2,1,Singapore,SGP,Asia,PS5,Standard Edition,Digital,Rockstar Games Launcher,592,8015.68,13.54,9.7,66.3,33.7,176,416,38340,2838,27723,10617,27723,12263.87,25451.84,16.4,43.1,0,None,0,4.61,12,3.91,SGD,0.001315,98.0,23.8,6.1,60956.58,Growth,42.1,57.9,Winter,None,Action-Adventure,Gen9
GTA5-112021,2024,2,1,Spain,ESP,Europe,PS5,Standard Edition,Digital,Steam,940,12671.2,13.48,10.1,73.3,26.7,298,642,96958,7425,67790,29168,67790,38352.53,124768.62,18.3,44.4,0,None,0,4.67,18,3.64,EUR,0.0000008923,98.0,194.46,53.06,34705.18,Growth,45.3,54.7,Winter,None,Action-Adventure,Gen9
GTA5-112068,2024,2,1,Sri Lanka,LKA,Asia,Xbox Series X|S,Standard Edition,Digital,Microsoft Store,105,1522.5,14.5,3.3,70.4,29.6,35,70,5743,367,3284,2459,3284,1920.29,4650.64,15.4,43.5,0,None,0,4.48,3,4.36,LKR,3.148161,98.0,1.71,23.71,4507.76,Growth,45.8,54.2,Winter,None,Action-Adventure,Gen9
GTA5-112028,2024,2,1,Switzerland,CHE,Europe,PS5,Premium Edition,Digital,PlayStation Store,581,7291.55,12.55,16.3,70.5,29.5,198,383,34413,2832,19060,15353,19060,15472.23,37555.57,14.2,35.2,0,None,0,4.56,8,2.9,CHF,0.0000008721,98.0,53.56,9.14,91554.66,Growth,41.6,58.4,Winter,None,Action-Adventure,Gen9
GTA5-112074,2024,2,1,United Arab Emirates,ARE,Asia,Xbox Series X|S,Standard Edition,Digital,Microsoft Store,375,5261.25,14.03,6.4,68.3,31.7,120,255,35606,2422,21862,13744,21862,15614.77,46050.41,17.3,64.0,0,None,0,4.65,5,3.93,AED,0.036575,98.0,33.8,10.39,46204.88,Growth,42.0,58.0,Winter,None,Action-Adventure,Gen9
GTA5-112017,2024,2,1,United Kingdom,GBR,Europe,PS5,Standard Edition,Digital,Steam,1913,26762.87,13.99,6.7,67.4,32.6,634,1279,123486,8664,81764,41722,81764,78157.18,162213.36,16.7,42.6,0,None,0,4.49,24,1.7,GBP,0.0000007652,98.0,615.3,72.25,48387.66,Growth,53.4,46.6,Winter,None,Action-Adventure,Gen9
GTA5-112007,2024,2,1,United States,USA,North America,PS5,Standard Edition,Digital,Epic Games Store,2139,28726.77,13.43,10.4,71.3,28.7,591,1548,171921,13886,107285,64636,107285,57205.7,143840.93,14.2,39.8,0,None,0,4.69,57,2.64,USD,0.010078,98.0,7240.52,356.74,63426.08,Growth,50.1,49.9,Winter,None,Action-Adventure,Gen9
GTA5-112121,2024,3,1,Algeria,DZA,Africa,PS5,Standard Edition,Digital,Microsoft Store,371,1929.2,5.2,65.3,74.1,25.9,110,261,12579,1049,8263,4316,8263,4255.97,8668.81,15.9,54.4,0,PlayStation Sale,1,4.65,5,5.02,DZD,1.362189,98.0,6.36,42.94,6610.89,Growth,46.1,53.9,Spring,PlayStation Sale,Action-Adventure,Gen9
GTA5-112129,2024,3,1,Armenia,ARM,Asia,PS5,Standard Edition,Digital,Epic Games Store,172,1534.24,8.92,40.5,77.4,22.6,54,118,9668,545,7037,2631,7037,5168.43,10374.5,16.2,53.3,0,PlayStation Sale,1,4.82,3,5.84,AMD,3.948728,98.0,0.25,3.28,5836.37,Growth,40.6,59.4,Spring,PlayStation Sale,Action-Adventure,Gen9
GTA5-112119,2024,3,1,Austria,AUT,Europe,Xbox Series X|S,Legacy Edition,Digital,Rockstar Games Launcher,771,3585.15,4.65,69,69,31,241,530,32203,1861,18003,14200,18003,20804.62,44380.82,12.3,45.9,0,PlayStation Sale,1,4.44,15,5.1,EUR,0.0000009064,98.0,27.63,9.6,52901.87,Growth,47.8,52.2,Spring,PlayStation Sale,Action-Adventure,Gen9
GTA5-112125,2024,3,1,Bahrain,BHR,Asia,PS5,Legacy Edition,Digital,Rockstar Games Launcher,394,3222.92,8.18,45.4,72.4,27.6,128,266,12432,764,8637,3795,8637,3035.72,8580.23,13.2,53.3,0,PlayStation Sale,1,4.68,11,3.9,BHD,0.0000003752,98.0,0.87,1.47,26376.11,Growth,47.0,53.0,Spring,PlayStation Sale,Action-Adventure,Gen9
GTA5-112171,2024,3,1,Bangladesh,BGD,Asia,Xbox Series X|S,Standard Edition,Digital,PlayStation Store,257,1644.8,6.4,57.3,74.5,25.5,76,181,14828,821,9390,5438,9390,4065.29,10677.05,13.5,43.1,0,PlayStation Sale,1,4.6,3,3.0,BDT,1.108548,98.0,10.57,177.4,2326.77,Growth,53.1,46.9,Spring,PlayStation Sale,Action-Adventure,Gen9
GTA5-112165,2024,3,1,Belgium,BEL,Europe,PS5,Legacy Edition,Digital,PlayStation Store,966,9524.76,9.86,34.2,67.9,32.1,328,638,36267,3008,20490,15777,20490,12543.48,36452.78,13.9,29.1,0,PlayStation Sale,1,4.56,22,5.74,EUR,0.000000904,98.0,37.89,12.43,50140.97,Growth,47.7,52.3,Spring,PlayStation Sale,Action-Adventure,Gen9
GTA5-112167,2024,3,1,China,CHN,Asia,PS5,Standard Edition,Digital,Rockstar Games Launcher,3083,31693.24,10.28,31.4,70.8,29.2,1049,2034,157748,9554,96162,61586,96162,44800.66,170598.01,19.2,46.8,0,PlayStation Sale,1,4.27,82,3.69,CNY,0.070573,98.0,4637.9,1566.09,14237.76,Growth,47.4,52.6,Spring,PlayStation Sale,Action-Adventure,Gen9
GTA5-112172,2024,3,1,Cyprus,CYP,Europe,PS5,Premium Edition,Digital,Epic Games Store,245,1871.8,7.64,49,71.3,28.7,82,163,8833,649,6570,2263,6570,3727.63,11751.36,13.7,40.4,0,PlayStation Sale,1,4.73,7,2.9,EUR,0.0000009046,98.0,0.49,0.97,31329.83,Growth,46.1,53.9,Spring,PlayStation Sale,Action-Adventure,Gen9
GTA5-112114,2024,3,1,Denmark,DNK,Europe,PS5,Standard Edition,Digital,PlayStation Store,941,9494.69,10.09,32.7,78.5,21.5,279,662,30166,1898,18055,12111,18055,7922.97,20631.73,15.7,49.9,0,PlayStation Sale,1,4.63,12,5.77,DKK,0.067794,98.0,22.37,6.33,64967.19,Growth,49.3,50.7,Spring,PlayStation Sale,Action-Adventure,Gen9
GTA5-112137,2024,3,1,Estonia,EST,Europe,PS5,Premium Edition,Digital,Steam,429,4238.52,9.88,34.1,76,24,123,306,15140,1062,9545,5595,9545,9937.46,21211.31,15.1,37.7,0,PlayStation Sale,1,4.52,6,4.42,EUR,0.0000008905,98.0,0.9,1.47,23827.29,Growth,52.0,48.0,Spring,PlayStation Sale,Action-Adventure,Gen9
GTA5-112117,2024,3,1,Ethiopia,ETH,Africa,Xbox Series X|S,Standard Edition,Digital,Epic Games Store,162,1252.26,7.73,48.4,71.4,28.6,50,112,6197,421,3552,2645,3552,2397.14,7845.5,15.0,46.4,0,PlayStation Sale,1,4.54,3,6.31,ETB,0.557989,98.0,2.0,108.47,1443.49,Growth,48.3,51.7,Spring,PlayStation Sale,Action-Adventure,Gen9
GTA5-112107,2024,3,1,France,FRA,Europe,Xbox Series X|S,Premium Edition,Digital,Microsoft Store,1488,8928,6,60,68.4,31.6,444,1044,81468,5439,58034,23434,58034,45250.53,119834.61,20.0,57.3,0,PlayStation Sale,1,4.64,28,2.03,EUR,0.0000009059,98.0,569.28,74.58,49695.25,Growth,42.1,57.9,Spring,PlayStation Sale,Action-Adventure,Gen9
GTA5-112122,2024,3,1,Hong Kong,HKG,Asia,PS5,Premium Edition,Digital,Rockstar Games Launcher,1218,9220.26,7.57,49.5,66.2,33.8,420,798,54291,4168,30601,23690,30601,32928.31,75521.52,16.8,35.4,0,PlayStation Sale,1,4.6,29,1.75,HKD,0.078875,98.0,26.24,8.14,41973.03,Growth,48.1,51.9,Spring,PlayStation Sale,Action-Adventure,Gen9
GTA5-112169,2024,3,1,Israel,ISR,Asia,Xbox Series X|S,Legacy Edition,Digital,Steam,722,6057.58,8.39,44,71.6,28.4,214,508,30107,1819,18100,12007,18100,14796.34,36252.87,15.5,37.0,0,PlayStation Sale,1,4.84,21,1.32,ILS,0.037283,98.0,21.92,9.15,41596.23,Growth,40.0,60.0,Spring,PlayStation Sale,Action-Adventure,Gen9
GTA5-112136,2024,3,1,Kazakhstan,KAZ,Asia,PS5,Criminal Enterprise Starter Pack,Digital,Steam,488,3957.68,8.11,45.9,68,32,160,328,19834,1180,13906,5928,13906,7845.91,16642.45,16.2,48.9,0,PlayStation Sale,1,4.72,9,0.19,KZT,4.452572,98.0,9.07,19.21,16401.12,Growth,43.0,57.0,Spring,PlayStation Sale,Action-Adventure,Gen9
GTA5-112157,2024,3,1,Kenya,KEN,Africa,PS5,Premium Edition,Digital,PlayStation Store,411,3941.49,9.59,36,72.2,27.8,122,289,14204,1276,10343,3861,10343,5594.08,20237.88,14.6,40.0,0,PlayStation Sale,1,4.67,9,3.72,KES,1.293679,98.0,3.23,49.72,2534.11,Growth,40.9,59.1,Spring,PlayStation Sale,Action-Adventure,Gen9
GTA5-112182,2024,3,1,Luxembourg,LUX,Europe,PS5,Standard Edition,Digital,Rockstar Games Launcher,267,2368.29,8.87,40.8,68.8,31.2,83,184,15795,1006,9860,5935,9860,4814.9,17256.06,17.0,41.3,0,PlayStation Sale,1,4.3,7,2.18,EUR,0.0000008979,98.0,1.6,0.62,115480.89,Growth,39.6,60.4,Spring,PlayStation Sale,Action-Adventure,Gen9
GTA5-112175,2024,3,1,Malaysia,MYS,Asia,Xbox Series X|S,Premium Edition,Digital,Rockstar Games Launcher,844,5806.72,6.88,54.1,70.4,29.6,231,613,27677,2456,19590,8087,19590,11107.35,28931.71,19.0,43.0,0,PlayStation Sale,1,4.74,8,3.11,MYR,0.045379,98.0,30.58,33.9,14096.54,Growth,43.1,56.9,Spring,PlayStation Sale,Action-Adventure,Gen9
GTA5-112185,2024,3,1,Mexico,MEX,North America,Xbox Series X|S,Standard Edition,Digital,Epic Games Store,911,7743.5,8.5,43.3,69.3,30.7,305,606,31444,2646,23093,8351,23093,12394.25,35945.54,16.0,55.2,0,PlayStation Sale,1,4.8,18,5.34,MXN,0.186281,98.0,141.77,137.85,14608.5,Growth,38.4,61.6,Spring,PlayStation Sale,Action-Adventure,Gen9
GTA5-112110,2024,3,1,Netherlands,NLD,Europe,Xbox Series X|S,Standard Edition,Digital,Steam,1467,12909.6,8.8,41.3,70.8,29.2,431,1036,54796,3036,32851,21945,32851,28409.97,80011.47,15.1,64.2,0,PlayStation Sale,1,4.55,37,4.98,EUR,0.0000009075,98.0,100.68,19.21,58494.75,Growth,47.1,52.9,Spring,PlayStation Sale,Action-Adventure,Gen9
GTA5-112124,2024,3,1,New Zealand,NZL,Oceania,Xbox Series X|S,Standard Edition,Digital,Epic Games Store,667,3848.59,5.77,61.5,66.4,33.6,213,454,28773,1845,19942,8831,19942,18862.96,38728.74,17.5,58.0,0,PlayStation Sale,1,4.58,15,2.04,NZD,0.016536,98.0,13.49,4.97,47137.45,Growth,55.7,44.3,Spring,PlayStation Sale,Action-Adventure,Gen9
GTA5-112130,2024,3,1,Nigeria,NGA,Africa,Xbox Series X|S,Standard Edition,Digital,PlayStation Store,776,6138.16,7.91,47.2,72.3,27.7,238,538,28230,2292,19820,8410,19820,13463.06,36338.56,14.9,40.7,0,PlayStation Sale,1,4.31,17,4.75,NGN,8.869432,98.0,37.84,196.61,4296.03,Growth,46.4,53.6,Spring,PlayStation Sale,Action-Adventure,Gen9
GTA5-112190,2024,3,1,Peru,PER,South America,PS5,Legacy Edition,Digital,Epic Games Store,257,2161.37,8.41,43.9,69.6,30.4,79,178,11455,963,6360,5095,6360,4608.06,10737.25,7.6,38.6,0,PlayStation Sale,1,4.79,5,4.04,PEN,0.037191,98.0,6.14,33.9,9431.24,Growth,50.5,49.5,Spring,PlayStation Sale,Action-Adventure,Gen9
GTA5-112151,2024,3,1,Philippines,PHL,Asia,Xbox Series X|S,Standard Edition,Digital,Microsoft Store,719,6413.48,8.92,40.5,73.6,26.4,202,517,25232,1903,17582,7650,17582,9629.58,19365.98,16.6,41.5,0,PlayStation Sale,1,4.81,18,5.27,PHP,0.561738,98.0,28.7,110.73,4499.86,Growth,59.7,40.3,Spring,PlayStation Sale,Action-Adventure,Gen9
GTA5-112163,2024,3,1,Portugal,PRT,Europe,PS5,Standard Edition,Digital,Rockstar Games Launcher,655,6143.9,9.38,37.4,68.7,31.3,211,444,27872,2410,15510,12362,15510,12443.31,35624.09,16.9,57.1,0,PlayStation Sale,1,4.72,8,2.51,EUR,0.0000008835,98.0,12.56,11.3,24802.63,Growth,37.3,62.7,Spring,PlayStation Sale,Action-Adventure,Gen9
GTA5-112126,2024,3,1,Russia,RUS,Europe,PS5,Premium Edition,Digital,Rockstar Games Launcher,1437,13220.4,9.2,38.6,72.4,27.6,495,942,60342,4152,39177,21165,39177,34776.83,96460.26,15.4,67.6,0,PlayStation Sale,1,4.36,18,1.75,RUB,0.909838,98.0,274.22,162.71,17555.81,Growth,46.4,53.6,Spring,PlayStation Sale,Action-Adventure,Gen9
GTA5-112174,2024,3,1,Serbia,SRB,Europe,PS5,Standard Edition,Digital,Steam,494,3482.7,7.05,53,67.1,32.9,134,360,19008,1061,13593,5415,13593,7107.54,23305.14,16.2,40.7,0,PlayStation Sale,1,4.61,10,4.91,RSD,1.045484,98.0,1.85,8.14,7888.88,Growth,47.2,52.8,Spring,PlayStation Sale,Action-Adventure,Gen9
GTA5-112112,2024,3,1,Sweden,SWE,Europe,PS5,Criminal Enterprise Starter Pack,Digital,Rockstar Games Launcher,900,6876,7.64,49,65.7,34.3,276,624,47736,2551,33862,13874,33862,26702.31,68755.93,15.6,39.7,0,PlayStation Sale,1,4.66,22,3.12,SEK,0.103458,98.0,50.87,10.85,66593.45,Growth,47.4,52.6,Spring,PlayStation Sale,Action-Adventure,Gen9
GTA5-112140,2024,3,1,Taiwan,TWN,Asia,PS5,Premium Edition,Digital,Epic Games Store,1256,9595.84,7.64,49,68.8,31.2,397,859,50764,3622,31680,19084,31680,21683.87,46193.31,13.1,37.4,0,PlayStation Sale,1,4.7,14,5.12,TWD,0.311458,98.0,59.25,25.99,25442.42,Growth,32.7,67.3,Spring,PlayStation Sale,Action-Adventure,Gen9
GTA5-112144,2024,3,1,Ukraine,UKR,Europe,PS5,Legacy Edition,Digital,Microsoft Store,489,4469.46,9.14,39,68.1,31.9,131,358,21823,1552,13964,7859,13964,6867.28,19118.9,16.4,50.0,0,PlayStation Sale,1,4.42,12,2.59,UAH,0.388355,98.0,8.99,50.85,5524.27,Growth,49.3,50.7,Spring,PlayStation Sale,Action-Adventure,Gen9
GTA5-112105,2024,3,1,United Kingdom,GBR,Europe,PS5,Premium Edition,Digital,Rockstar Games Launcher,2046,18679.98,9.13,39.1,70,30,569,1477,106219,8883,70719,35500,70719,42865.3,93836.45,19.5,62.1,0,PlayStation Sale,1,4.68,45,1.96,GBP,0.0000007741,98.0,611.58,72.32,48049.06,Growth,48.7,51.3,Spring,PlayStation Sale,Action-Adventure,Gen9
GTA5-112191,2024,3,1,Uruguay,URY,South America,PS5,Standard Edition,Digital,Microsoft Store,94,1179.7,12.55,16.3,74.6,25.4,29,65,5870,355,4015,1855,4015,1579.19,4810.08,16.4,49.4,0,PlayStation Sale,1,4.33,3,3.45,UYU,0.395427,98.0,0.74,3.84,20017.59,Growth,52.6,47.4,Spring,PlayStation Sale,Action-Adventure,Gen9
GTA5-112148,2024,3,1,Vietnam,VNM,Asia,Xbox Series X|S,Standard Edition,Digital,PlayStation Store,872,5790.08,6.64,55.7,69,31,234,638,26753,1887,15028,11725,15028,7701.79,17390.63,12.4,20.1,0,PlayStation Sale,1,4.59,7,4.5,VND,247.628286,98.0,21.61,101.69,3906.26,Growth,46.7,53.3,Spring,PlayStation Sale,Action-Adventure,Gen9
GTA5-112250,2024,4,2,Armenia,ARM,Asia,Xbox Series X|S,Standard Edition,Digital,PlayStation Store,78,960.96,12.32,17.8,71,29,23,55,5865,469,4153,1712,4153,3016.23,6929.24,15.6,41.2,0,None,0,4.33,3,0.18,AMD,4.050494,98.0,0.25,3.28,5876.56,Growth,42.5,57.5,Spring,None,Action-Adventure,Gen9
GTA5-112275,2024,4,2,Bahrain,BHR,Asia,PS5,Standard Edition,Digital,Epic Games Store,204,3057.96,14.99,0,68,32,55,149,17916,1582,9932,7984,9932,7362.62,16834.92,12.1,32.8,0,None,0,4.83,5,2.33,BHD,0.0000003816,98.0,0.89,1.47,26923.05,Growth,49.0,51.0,Spring,None,Action-Adventure,Gen9
GTA5-112196,2024,4,2,Brazil,BRA,South America,PS5,Standard Edition,Digital,Epic Games Store,577,8262.64,14.32,4.5,78.3,21.7,192,385,54923,4138,40283,14640,40283,21163.74,71446.92,16.0,44.8,0,None,0,4.51,15,0.42,BRL,0.051079,98.0,288.48,227.32,14163.33,Growth,54.2,45.8,Spring,None,Action-Adventure,Gen9
GTA5-112235,2024,4,2,Bulgaria,BGR,Europe,PS5,Standard Edition,Digital,Epic Games Store,227,2857.93,12.59,16,68.1,31.9,71,156,13718,1011,8104,5614,8104,5001.08,11939.72,14.2,49.4,0,None,0,4.6,5,4.12,BGN,0.017542,98.0,2.42,8.14,10341.18,Growth,48.0,52.0,Spring,None,Action-Adventure,Gen9
GTA5-112194,2024,4,2,Canada,CAN,North America,Xbox Series X|S,Standard Edition,Digital,Microsoft Store,507,6879.99,13.57,9.5,70.5,29.5,155,352,51882,4389,37441,14441,37441,32082.79,65987.34,18.5,39.0,0,None,0,4.68,7,2.66,CAD,0.013097,98.0,226.79,39.58,59687.09,Growth,48.8,51.2,Spring,None,Action-Adventure,Gen9
GTA5-112198,2024,4,2,Chile,CHL,South America,Xbox Series X|S,Premium Edition,Digital,Epic Games Store,177,2393.04,13.52,9.8,64.1,35.9,56,121,11200,775,7808,3392,7808,6571.54,14101.77,16.7,31.5,0,None,0,4.44,3,4.67,CLP,8.826226,98.0,9.37,19.23,19036.72,Growth,45.2,54.8,Spring,None,Action-Adventure,Gen9
GTA5-112212,2024,4,2,Denmark,DNK,Europe,PS5,Standard Edition,Digital,Rockstar Games Launcher,500,7190,14.38,4.1,73.4,26.6,156,344,33569,1706,21249,12320,21249,9214.71,34487.11,17.4,40.0,0,None,0,4.87,5,2.11,DKK,0.068686,98.0,22.46,6.33,65231.84,Growth,50.4,49.6,Spring,None,Action-Adventure,Gen9
GTA5-112240,2024,4,2,Georgia,GEO,Asia,PS5,Standard Edition,Digital,Rockstar Games Launcher,94,1377.1,14.65,2.3,71.9,28.1,27,67,6785,530,4110,2675,4110,1336.66,4045.96,13.7,37.6,0,None,0,4.6,3,3.37,GEL,0.027243,98.0,0.44,4.18,6648.81,Growth,46.6,53.4,Spring,None,Action-Adventure,Gen9
GTA5-112204,2024,4,2,Germany,DEU,Europe,PS5,Premium Edition,Digital,Microsoft Store,1937,25471.55,13.15,12.3,72.5,27.5,646,1291,121449,6943,73362,48087,73362,33071.52,91446.38,16.4,48.7,0,None,0,4.69,53,2.29,EUR,0.0000009048,98.0,953.06,91.61,54184.76,Growth,47.4,52.6,Spring,None,Action-Adventure,Gen9
GTA5-112274,2024,4,2,Hungary,HUN,Europe,PS5,Standard Edition,Digital,Microsoft Store,322,4421.06,13.73,8.4,65,35,109,213,22122,1283,15280,6842,15280,9284.95,24445.0,16.0,29.6,0,None,0,4.94,4,2.65,HUF,3.506898,98.0,8.19,11.2,19047.78,Growth,43.8,56.2,Spring,None,Action-Adventure,Gen9
GTA5-112270,2024,4,2,Iceland,ISL,Europe,PS5,Standard Edition,Digital,Steam,136,1898.56,13.96,6.9,68.2,31.8,43,93,9672,595,5713,3959,5713,3792.34,11974.22,15.0,48.2,0,None,0,4.77,4,2.58,ISK,1.370086,98.0,0.41,0.37,58414.9,Growth,48.8,51.2,Spring,None,Action-Adventure,Gen9
GTA5-112228,2024,4,2,Iraq,IRQ,Asia,PS5,Standard Edition,Digital,Microsoft Store,148,2218.52,14.99,0,66.4,33.6,47,101,11791,1000,7342,4449,7342,3041.06,8164.18,13.0,39.5,0,None,0,4.41,3,2.34,IQD,13.195939,98.0,5.6,38.45,7591.45,Growth,48.3,51.7,Spring,None,Action-Adventure,Gen9
GTA5-112253,2024,4,2,Ireland,IRL,Europe,PS5,Premium Edition,Digital,PlayStation Store,508,6283.96,12.37,17.5,72.7,27.3,154,354,23878,1864,15701,8177,15701,10625.35,28491.25,17.5,41.0,0,None,0,4.74,9,1.82,EUR,0.0000008896,98.0,14.12,5.2,56567.28,Growth,38.2,61.8,Spring,None,Action-Adventure,Gen9
GTA5-112256,2024,4,2,Israel,ISR,Asia,PS5,Criminal Enterprise Starter Pack,Digital,Steam,449,6730.51,14.99,0,70.1,29.9,149,300,26646,1799,18509,8137,18509,15365.23,33680.7,18.3,34.9,0,None,0,4.62,6,4.32,ILS,0.036529,98.0,21.63,9.16,41002.1,Growth,37.5,62.5,Spring,None,Action-Adventure,Gen9
GTA5-112206,2024,4,2,Italy,ITA,Europe,Xbox Series X|S,Legacy Edition,Digital,Epic Games Store,977,12740.08,13.04,13,62.9,37.1,335,642,53491,2791,31046,22445,31046,22158.21,49422.63,17.4,38.0,0,None,0,4.33,13,2.21,EUR,0.0000008965,98.0,304.52,67.86,40066.81,Growth,34.7,65.3,Spring,None,Action-Adventure,Gen9
GTA5-112260,2024,4,2,Kazakhstan,KAZ,Asia,Xbox Series X|S,Legacy Edition,Digital,Microsoft Store,280,3715.6,13.27,11.5,66.2,33.8,81,199,17260,1467,11955,5305,11955,9447.07,22400.46,13.7,41.3,0,None,0,4.58,7,3.41,KZT,4.462624,98.0,9.06,19.23,16354.19,Growth,52.6,47.4,Spring,None,Action-Adventure,Gen9
GTA5-112227,2024,4,2,Latvia,LVA,Europe,Xbox Series X|S,Premium Edition,Digital,Steam,162,1990.98,12.29,18,68.9,31.1,53,109,11682,608,7664,4018,7664,6105.31,15575.29,15.5,45.9,0,None,0,4.27,4,0.29,EUR,0.0000009174,98.0,1.0,2.26,19712.1,Growth,39.0,61.0,Spring,None,Action-Adventure,Gen9
GTA5-112277,2024,4,2,Lithuania,LTU,Europe,PS5,Legacy Edition,Digital,Steam,188,2479.72,13.19,12,64.1,35.9,64,124,20174,1503,11839,8335,11839,9229.47,26754.74,17.1,47.0,0,None,0,4.61,5,4.26,EUR,0.0000008846,98.0,1.74,3.28,20741.26,Growth,51.8,48.2,Spring,None,Action-Adventure,Gen9
GTA5-112245,2024,4,2,New Zealand,NZL,Oceania,Xbox Series X|S,Legacy Edition,Digital,Rockstar Games Launcher,435,5850.75,13.45,10.3,71,29,149,286,36014,2498,20222,15792,20222,15490.55,41369.92,16.8,34.2,0,None,0,4.51,11,4.55,NZD,0.016418,98.0,13.58,4.98,47329.86,Growth,38.8,61.2,Spring,None,Action-Adventure,Gen9
GTA5-112220,2024,4,2,Nigeria,NGA,Africa,Xbox Series X|S,Premium Edition,Digital,Microsoft Store,258,3230.16,12.52,16.5,67.5,32.5,73,185,19964,1662,14549,5415,14549,8513.67,28430.04,15.7,43.5,0,None,0,4.47,7,2.99,NGN,9.011401,98.0,38.11,196.79,4322.25,Growth,50.6,49.4,Spring,None,Action-Adventure,Gen9
GTA5-112211,2024,4,2,Norway,NOR,Europe,Xbox Series X|S,Standard Edition,Digital,Rockstar Games Launcher,472,6079.36,12.88,14.1,68.8,31.2,149,323,29114,2248,18988,10126,18988,15171.36,30751.68,15.8,43.4,0,None,0,4.64,13,2.07,NOK,0.105579,98.0,35.31,5.77,106239.25,Growth,46.9,53.1,Spring,None,Action-Adventure,Gen9
GTA5-112225,2024,4,2,Pakistan,PAK,Asia,Xbox Series X|S,Criminal Enterprise Starter Pack,Digital,Microsoft Store,304,4225.6,13.9,7.3,72.3,27.7,97,207,14852,1179,9936,4916,9936,4822.5,10421.09,16.4,49.2,0,None,0,4.23,3,2.33,PKR,2.830368,98.0,15.25,205.84,2315.9,Growth,49.3,50.7,Spring,None,Action-Adventure,Gen9
GTA5-112200,2024,4,2,Peru,PER,South America,Xbox Series X|S,Standard Edition,Digital,PlayStation Store,136,1936.64,14.24,5,64.2,35.8,36,100,8573,724,4942,3631,4942,3635.2,10154.91,14.1,54.4,0,None,0,4.58,3,0.52,PEN,0.036657,98.0,6.13,33.93,9402.85,Growth,43.6,56.4,Spring,None,Action-Adventure,Gen9
GTA5-112251,2024,4,2,Qatar,QAT,Asia,Xbox Series X|S,Premium Edition,Digital,Rockstar Games Launcher,280,4046,14.45,3.6,69.2,30.8,78,202,21362,1345,14615,6747,14615,7301.69,24687.16,15.2,52.9,0,None,0,4.48,7,6.4,QAR,0.036605,98.0,9.23,2.49,96506.71,Growth,41.6,58.4,Spring,None,Action-Adventure,Gen9
GTA5-112224,2024,4,2,Romania,ROU,Europe,PS5,Premium Edition,Digital,Microsoft Store,380,5696.2,14.99,0,74.3,25.7,106,274,26215,1478,17914,8301,17914,10654.05,41087.53,14.7,44.3,0,None,0,4.63,10,1.96,RON,0.044548,98.0,14.22,22.05,15499.87,Growth,44.0,56.0,Spring,None,Action-Adventure,Gen9
GTA5-112268,2024,4,2,Russia,RUS,Europe,Xbox Series X|S,Standard Edition,Digital,Microsoft Store,774,10085.22,13.03,13.1,67,33,221,553,40080,2095,28901,11179,28901,18436.44,60009.71,18.9,45.9,0,None,0,4.74,8,3.92,RUB,0.911322,98.0,279.44,162.86,17873.27,Growth,44.0,56.0,Spring,None,Action-Adventure,Gen9
GTA5-112237,2024,4,2,Singapore,SGP,Asia,PS5,Standard Edition,Digital,Rockstar Games Launcher,604,8649.28,14.32,4.5,68.9,31.1,189,415,51974,3022,38368,13606,38368,13696.36,46923.04,19.2,52.9,0,None,0,4.49,10,2.2,SGD,0.013373,98.0,24.02,6.11,61413.81,Growth,41.8,58.2,Spring,None,Action-Adventure,Gen9
GTA5-112241,2024,4,2,Slovakia,SVK,Europe,PS5,Standard Edition,Digital,Steam,303,3802.65,12.55,16.3,68.5,31.5,83,220,18924,1365,14082,4842,14082,10335.51,21132.41,18.1,55.0,0,None,0,4.35,8,2.02,EUR,0.0000009042,98.0,3.6,6.11,22995.81,Growth,47.9,52.1,Spring,None,Action-Adventure,Gen9
GTA5-112258,2024,4,2,South Africa,ZAF,Africa,Xbox Series X|S,Criminal Enterprise Starter Pack,Digital,Rockstar Games Launcher,373,5117.56,13.72,8.5,65.8,34.2,114,259,33084,2416,20726,12358,20726,16892.22,41274.42,13.8,50.5,0,None,0,4.66,10,1.91,ZAR,0.189114,98.0,31.71,59.94,9185.79,Growth,33.4,66.6,Spring,None,Action-Adventure,Gen9
GTA5-112259,2024,4,2,South Korea,KOR,Asia,Xbox Series X|S,Standard Edition,Digital,Microsoft Store,1165,15471.2,13.28,11.4,67.5,32.5,333,832,63294,3358,36005,27289,36005,33521.52,79850.85,13.4,39.6,0,None,0,4.58,32,3.1,KRW,13.124246,98.0,256.17,57.68,34696.75,Growth,48.7,51.3,Spring,None,Action-Adventure,Gen9
GTA5-112272,2024,4,2,Sri Lanka,LKA,Asia,PS5,Standard Edition,Digital,Steam,141,1955.67,13.87,7.5,71.7,28.3,43,98,9448,699,5643,3805,5643,2531.26,8298.5,13.7,48.9,0,None,0,4.52,3,0.9,LKR,0.315308,98.0,1.71,23.75,4502.89,Growth,43.8,56.2,Spring,None,Action-Adventure,Gen9
GTA5-112214,2024,4,2,Switzerland,CHE,Europe,Xbox Series X|S,Legacy Edition,Digital,Microsoft Store,430,5774.9,13.43,10.4,67.8,32.2,121,309,32905,1649,21138,11767,21138,14154.26,34071.43,19.5,52.2,0,None,0,4.73,6,3.14,CHF,0.0000008911,98.0,52.53,9.16,89610.46,Growth,43.5,56.5,Spring,None,Action-Adventure,Gen9
GTA5-112232,2024,4,2,Thailand,THA,Asia,Xbox Series X|S,Premium Edition,Digital,Rockstar Games Launcher,465,5891.55,12.67,15.5,69.1,30.9,157,308,29865,1854,22108,7757,22108,7014.69,27851.15,15.8,55.7,0,None,0,4.57,12,0.81,THB,0.355456,98.0,40.21,75.77,8291.11,Growth,49.9,50.1,Spring,None,Action-Adventure,Gen9
GTA5-112269,2024,4,2,Turkey,TUR,Europe,Xbox Series X|S,Standard Edition,Digital,Rockstar Games Launcher,497,6401.36,12.88,14.1,71.1,28.9,132,365,26893,2217,15946,10947,15946,8931.01,18464.56,18.1,35.6,0,None,0,4.68,10,4.63,TRY,0.273939,98.0,78.35,85.95,14243.9,Growth,40.3,59.7,Spring,None,Action-Adventure,Gen9
GTA5-112193,2024,4,2,United States,USA,North America,PS5,Premium Edition,Digital,Epic Games Store,3461,44473.85,12.85,14.3,73.9,26.1,1054,2407,226759,16722,125566,101193,125566,50671.13,197380.22,19.4,56.0,0,None,0,4.72,39,4.04,USD,0.010104,98.0,7282.44,357.39,63677.28,Growth,50.5,49.5,Spring,None,Action-Adventure,Gen9
GTA5-112331,2024,5,2,Belgium,BEL,Europe,Xbox Series X|S,Legacy Edition,Digital,Microsoft Store,764,7326.76,9.59,36,67.9,32.1,257,507,26554,1771,16796,9758,16796,9346.46,29747.98,14.9,38.9,0,Epic Mega Sale,1,4.36,9,2.3,EUR,0.0000009068,98.0,38.47,12.45,50816.62,Growth,41.3,58.7,Spring,Epic Mega Sale,Action-Adventure,Gen9
GTA5-112347,2024,5,2,Bulgaria,BGR,Europe,Xbox Series X|S,Premium Edition,Digital,Microsoft Store,404,3741.04,9.26,38.2,66.7,33.3,106,298,17933,1320,12182,5751,12182,9230.16,22524.97,17.4,49.0,0,Epic Mega Sale,1,4.63,8,3.21,BGN,0.017689,98.0,2.42,8.15,10309.97,Growth,49.0,51.0,Spring,Epic Mega Sale,Action-Adventure,Gen9
GTA5-112365,2024,5,2,Cambodia,KHM,Asia,PS5,Standard Edition,Digital,Steam,115,1101.7,9.58,36.1,73.3,26.7,36,79,3879,210,2215,1664,2215,1312.25,4606.39,12.3,30.4,0,Epic Mega Sale,1,4.4,3,4.41,KHR,41.079345,98.0,0.23,16.98,2147.02,Growth,45.5,54.5,Spring,Epic Mega Sale,Action-Adventure,Gen9
GTA5-112282,2024,5,2,Canada,CAN,North America,PS5,Standard Edition,Digital,PlayStation Store,1358,13946.66,10.27,31.5,73.1,26.9,450,908,65029,3267,44328,20701,44328,19367.17,51228.44,18.4,43.8,0,Epic Mega Sale,1,4.57,27,4.09,CAD,0.013384,98.0,225.37,39.62,59252.15,Growth,51.4,48.6,Spring,Epic Mega Sale,Action-Adventure,Gen9
GTA5-112370,2024,5,2,Canada,CAN,North America,Xbox Series X|S,Standard Edition,Digital,Microsoft Store,1140,6680.4,5.86,60.9,68.6,31.4,369,771,46406,3062,34312,12094,34312,33044.87,78414.27,15.5,43.6,0,Epic Mega Sale,1,4.68,24,4.56,CAD,0.013012,98.0,228.13,39.62,59979.24,Growth,47.7,52.3,Spring,Epic Mega Sale,Action-Adventure,Gen9
GTA5-112374,2024,5,2,Chile,CHL,South America,Xbox Series X|S,Standard Edition,Digital,Epic Games Store,347,2932.15,8.45,43.6,70.4,29.6,114,233,13532,685,9138,4394,9138,8537.36,17885.26,16.2,39.6,0,Epic Mega Sale,1,4.59,6,5.13,CLP,9.053565,98.0,9.38,19.24,19046.96,Growth,43.2,56.8,Spring,Epic Mega Sale,Action-Adventure,Gen9
GTA5-112375,2024,5,2,Colombia,COL,South America,Xbox Series X|S,Standard Edition,Digital,Rockstar Games Launcher,246,2858.52,11.62,22.5,68.1,31.9,72,174,16358,1148,12021,4337,12021,10470.34,21554.66,15.8,42.2,0,Epic Mega Sale,1,4.56,6,5.06,COP,40.280755,98.0,16.65,53.2,10869.79,Growth,40.0,60.0,Spring,Epic Mega Sale,Action-Adventure,Gen9
GTA5-112366,2024,5,2,Croatia,HRV,Europe,Xbox Series X|S,Standard Edition,Digital,Steam,398,3219.82,8.09,46,73.8,26.2,122,276,14607,763,8296,6311,8296,5764.72,20951.71,13.3,40.7,0,Epic Mega Sale,1,4.48,7,4.23,EUR,0.000000893,98.0,2.13,4.75,17544.07,Growth,53.1,46.9,Spring,Epic Mega Sale,Action-Adventure,Gen9
GTA5-112321,2024,5,2,Cyprus,CYP,Europe,Xbox Series X|S,Standard Edition,Digital,Microsoft Store,193,1495.75,7.75,48.3,76,24,65,128,7856,629,5362,2494,5362,1484.04,5367.35,12.8,43.2,0,Epic Mega Sale,1,4.48,3,4.95,EUR,0.000000887,98.0,0.48,0.97,30832.77,Growth,42.9,57.1,Spring,Epic Mega Sale,Action-Adventure,Gen9
GTA5-112325,2024,5,2,Egypt,EGY,Africa,PS5,Premium Edition,Digital,Microsoft Store,693,4102.56,5.92,60.5,66.3,33.7,224,469,28263,2369,15961,12302,15961,9336.49,25448.15,14.5,57.9,0,Epic Mega Sale,1,4.63,20,2.18,EGP,0.308299,98.0,19.96,103.01,4656.87,Growth,56.1,43.9,Spring,Epic Mega Sale,Action-Adventure,Gen9
GTA5-112342,2024,5,2,Georgia,GEO,Asia,PS5,Premium Edition,Digital,Steam,196,1897.28,9.68,35.4,68.3,31.7,62,134,13110,1033,8561,4549,8561,4611.77,16805.08,13.4,50.8,0,Epic Mega Sale,1,4.61,3,2.76,GEL,0.026651,98.0,0.45,4.19,6645.75,Growth,47.7,52.3,Spring,Epic Mega Sale,Action-Adventure,Gen9
GTA5-112292,2024,5,2,Germany,DEU,Europe,Xbox Series X|S,Criminal Enterprise Starter Pack,Digital,Epic Games Store,2483,18498.35,7.45,50.3,67.2,32.8,750,1733,116311,9969,84009,32302,84009,48377.01,169015.95,16.4,35.1,0,Epic Mega Sale,1,4.72,53,3.17,EUR,0.0000008986,98.0,950.91,91.69,54015.37,Growth,41.7,58.3,Spring,Epic Mega Sale,Action-Adventure,Gen9
GTA5-112360,2024,5,2,Hungary,HUN,Europe,PS5,Standard Edition,Digital,Rockstar Games Launcher,626,4663.7,7.45,50.3,73.2,26.8,181,445,20392,1258,12074,8318,12074,11012.29,27173.17,12.3,50.8,0,Epic Mega Sale,1,4.73,16,3.98,HUF,3.561998,98.0,8.26,11.21,19194.62,Growth,43.4,56.6,Spring,Epic Mega Sale,Action-Adventure,Gen9
GTA5-112330,2024,5,2,Indonesia,IDN,Asia,PS5,Standard Edition,Digital,PlayStation Store,1323,12806.64,9.68,35.4,71.7,28.3,412,911,35335,3101,23221,12114,23221,13715.81,30721.56,16.4,40.8,0,Epic Mega Sale,1,4.66,30,4.68,IDR,158.053231,98.0,117.23,283.0,5884.22,Growth,44.2,55.8,Spring,Epic Mega Sale,Action-Adventure,Gen9
GTA5-112314,2024,5,2,Lebanon,LBN,Asia,Xbox Series X|S,Standard Edition,Digital,Microsoft Store,158,1278.22,8.09,46,74.2,25.8,42,116,7647,663,4574,3073,4574,2835.44,11283.59,13.6,45.6,0,Epic Mega Sale,1,4.74,3,3.93,LBP,893.358941,98.0,1.11,6.68,10405.99,Growth,45.1,54.9,Spring,Epic Mega Sale,Action-Adventure,Gen9
GTA5-112311,2024,5,2,Lithuania,LTU,Europe,PS5,Legacy Edition,Digital,Steam,463,4579.07,9.89,34,69.7,30.3,137,326,18200,1248,11821,6379,11821,5700.41,19953.06,14.7,47.6,0,Epic Mega Sale,1,4.36,12,2.5,EUR,0.0000009184,98.0,1.73,3.28,20598.36,Growth,46.7,53.3,Spring,Epic Mega Sale,Action-Adventure,Gen9
GTA5-112371,2024,5,2,Mexico,MEX,North America,Xbox Series X|S,Standard Edition,Digital,Rockstar Games Launcher,1250,9950,7.96,46.9,74.4,25.6,366,884,44873,3008,28114,16759,28114,15762.96,44428.77,15.7,54.9,0,Epic Mega Sale,1,4.73,34,2.93,MXN,0.184037,98.0,144.7,138.1,14883.67,Growth,38.0,62.0,Spring,Epic Mega Sale,Action-Adventure,Gen9
GTA5-112341,2024,5,2,Myanmar,MMR,Asia,PS5,Legacy Edition,Digital,Epic Games Store,168,1463.28,8.71,41.9,67.5,32.5,56,112,5658,332,3209,2449,3209,2757.79,5682.37,12.6,47.1,0,Epic Mega Sale,1,4.57,3,3.81,MMK,20.870408,98.0,1.29,60.0,2239.77,Growth,43.2,56.8,Spring,Epic Mega Sale,Action-Adventure,Gen9
GTA5-112368,2024,5,2,New Zealand,NZL,Oceania,Xbox Series X|S,Criminal Enterprise Starter Pack,Digital,Rockstar Games Launcher,844,5469.12,6.48,56.8,71.6,28.4,261,583,27296,2384,15827,11469,15827,5848.98,20479.89,14.3,45.9,0,Epic Mega Sale,1,4.64,21,4.88,NZD,0.001636,98.0,13.61,4.98,47439.89,Growth,42.0,58.0,Spring,Epic Mega Sale,Action-Adventure,Gen9
GTA5-112326,2024,5,2,Nigeria,NGA,Africa,Xbox Series X|S,Criminal Enterprise Starter Pack,Digital,Microsoft Store,598,4622.54,7.73,48.4,73,27,192,406,24245,1436,15435,8810,15435,17261.33,36865.02,14.2,46.7,0,Epic Mega Sale,1,4.42,9,4.91,NGN,8.969166,98.0,38.63,196.97,4378.14,Growth,45.0,55.0,Spring,Epic Mega Sale,Action-Adventure,Gen9
GTA5-112299,2024,5,2,Norway,NOR,Europe,PS5,Standard Edition,Digital,Microsoft Store,784,7353.92,9.38,37.4,73.5,26.5,229,555,36129,2589,24281,11848,24281,15838.2,50064.38,15.0,37.9,0,Epic Mega Sale,1,4.47,10,2.77,NOK,0.010621,98.0,35.42,5.77,106567.81,Growth,40.0,60.0,Spring,Epic Mega Sale,Action-Adventure,Gen9
GTA5-112367,2024,5,2,Oman,OMN,Asia,PS5,Legacy Edition,Digital,Epic Games Store,371,3101.56,8.36,44.2,68.4,31.6,117,254,14170,969,8188,5982,8188,5054.77,11570.16,14.6,60.2,0,Epic Mega Sale,1,4.44,7,4.77,OMR,0.0000003875,98.0,2.24,4.53,22089.96,Growth,45.8,54.2,Spring,Epic Mega Sale,Action-Adventure,Gen9
GTA5-112362,2024,5,2,Portugal,PRT,Europe,Xbox Series X|S,Criminal Enterprise Starter Pack,Digital,Steam,616,5445.44,8.84,41,70,30,180,436,24001,1678,14259,9742,14259,15778.11,34355.68,14.5,44.8,0,Epic Mega Sale,1,4.45,9,5.05,EUR,0.0000009165,98.0,12.67,11.32,24977.91,Growth,55.3,44.7,Spring,Epic Mega Sale,Action-Adventure,Gen9
GTA5-112348,2024,5,2,Qatar,QAT,Asia,Xbox Series X|S,Premium Edition,Digital,Rockstar Games Launcher,307,2830.54,9.22,38.5,66.7,33.3,97,210,20643,1041,13543,7100,13543,8318.54,16978.83,15.1,57.7,0,Epic Mega Sale,1,4.55,4,3.65,QAR,0.035821,98.0,9.21,2.49,96279.45,Growth,50.7,49.3,Spring,Epic Mega Sale,Action-Adventure,Gen9
GTA5-112313,2024,5,2,Russia,RUS,Europe,Xbox Series X|S,Standard Edition,Digital,Microsoft Store,987,8162.49,8.27,44.8,70.6,29.4,307,680,55566,4536,34195,21371,34195,16853.18,35671.22,16.4,34.6,0,Epic Mega Sale,1,4.55,15,3.25,RUB,0.908308,98.0,281.57,163.01,17993.0,Growth,46.2,53.8,Spring,Epic Mega Sale,Action-Adventure,Gen9
GTA5-112308,2024,5,2,Serbia,SRB,Europe,PS5,Standard Edition,Digital,Microsoft Store,402,3336.6,8.3,44.6,72.6,27.4,129,273,18581,992,12753,5828,12753,4756.25,13649.72,15.0,53.1,0,Epic Mega Sale,1,4.59,3,2.09,RSD,1.060238,98.0,1.88,8.15,8012.15,Growth,42.0,58.0,Spring,Epic Mega Sale,Action-Adventure,Gen9
GTA5-112317,2024,5,2,South Korea,KOR,Asia,PS5,Legacy Edition,Digital,Epic Games Store,2493,19021.59,7.63,49.1,69,31,827,1666,79161,6277,57845,21316,57845,24386.31,94836.65,17.0,44.1,0,Epic Mega Sale,1,4.62,39,4.32,KRW,13.200683,98.0,261.09,57.73,35332.72,Growth,55.1,44.9,Spring,Epic Mega Sale,Action-Adventure,Gen9
GTA5-112305,2024,5,2,Sri Lanka,LKA,Asia,Xbox Series X|S,Standard Edition,Digital,Steam,196,1566.04,7.99,46.7,70.8,29.2,55,141,6782,472,4861,1921,4861,1696.89,6594.34,16.5,42.1,0,Epic Mega Sale,1,4.49,5,3.12,LKR,3.189787,98.0,1.74,23.77,4572.07,Growth,39.5,60.5,Spring,Epic Mega Sale,Action-Adventure,Gen9
GTA5-112298,2024,5,2,Sweden,SWE,Europe,Xbox Series X|S,Standard Edition,Digital,PlayStation Store,720,5738.4,7.97,46.8,72.4,27.6,225,495,34341,2028,21085,13256,21085,10472.05,31069.78,14.9,42.0,0,Epic Mega Sale,1,4.7,6,3.13,SEK,0.101228,98.0,51.65,10.87,67494.23,Growth,45.8,54.2,Spring,Epic Mega Sale,Action-Adventure,Gen9
GTA5-112302,2024,5,2,Switzerland,CHE,Europe,PS5,Standard Edition,Digital,PlayStation Store,609,5949.93,9.77,34.8,68.3,31.7,195,414,36463,2492,23809,12654,23809,12034.66,34901.48,15.2,48.7,0,Epic Mega Sale,1,4.76,9,1.7,CHF,0.0000008838,98.0,52.63,9.17,89673.13,Growth,42.0,58.0,Spring,Epic Mega Sale,Action-Adventure,Gen9
GTA5-112323,2024,5,2,United Arab Emirates,ARE,Asia,Xbox Series X|S,Legacy Edition,Digital,Epic Games Store,944,6692.96,7.09,52.7,72.7,27.3,282,662,34160,1922,20532,13628,20532,14300.79,46841.17,15.7,45.7,0,Epic Mega Sale,1,4.73,17,5.34,AED,0.035995,98.0,33.81,10.41,46140.09,Growth,43.0,57.0,Spring,Epic Mega Sale,Action-Adventure,Gen9
GTA5-112291,2024,5,2,United Kingdom,GBR,Europe,Xbox Series X|S,Standard Edition,Digital,Epic Games Store,2169,17850.87,8.23,45.1,67.5,32.5,712,1457,82504,5046,56295,26209,56295,17756.55,57077.34,18.6,36.5,0,Epic Mega Sale,1,4.61,27,2.7,GBP,0.0000007693,98.0,624.65,72.45,48987.53,Growth,51.2,48.8,Spring,Epic Mega Sale,Action-Adventure,Gen9
GTA5-112471,2024,6,2,Argentina,ARG,South America,PS5,Standard Edition,Digital,Steam,496,4692.16,9.46,36.9,75.4,24.6,156,340,21621,1832,14877,6744,14877,12269.66,26237.64,17.9,51.8,0,Steam Summer Sale,1,4.48,9,2.79,ARS,3.538261,98.0,29.68,47.59,16243.24,Growth,52.3,47.7,Summer,Steam Summer Sale,Action-Adventure,Gen9
GTA5-112403,2024,6,2,Australia,AUS,Oceania,PS5,Premium Edition,Digital,Epic Games Store,1786,18020.74,10.09,32.7,73.2,26.8,488,1298,104666,6475,75119,29547,75119,60522.75,160359.82,15.1,50.2,0,Steam Summer Sale,1,4.38,16,4.53,AUD,0.015012,98.0,273.8,26.06,72960.92,Growth,49.5,50.5,Summer,Steam Summer Sale,Action-Adventure,Gen9
GTA5-112418,2024,6,2,Bahrain,BHR,Asia,PS5,Standard Edition,Digital,Microsoft Store,320,3136,9.8,34.6,70.9,29.1,107,213,14705,984,10693,4012,10693,5035.46,15007.88,18.5,55.2,0,Steam Summer Sale,1,4.54,4,1.87,BHD,0.0000003833,98.0,0.89,1.47,26888.63,Growth,56.3,43.7,Summer,Steam Summer Sale,Action-Adventure,Gen9
GTA5-112470,2024,6,2,Brazil,BRA,South America,PS5,Standard Edition,Digital,Epic Games Store,1408,11123.2,7.9,47.3,70.8,29.2,390,1018,45275,2907,29067,16208,29067,12027.9,45574.38,16.3,38.2,0,Steam Summer Sale,1,4.48,41,3.72,BRL,0.050752,98.0,291.32,227.74,14276.47,Growth,53.3,46.7,Summer,Steam Summer Sale,Action-Adventure,Gen9
GTA5-112468,2024,6,2,Canada,CAN,North America,PS5,Standard Edition,Digital,Epic Games Store,1611,8022.78,4.98,66.8,74.5,25.5,497,1114,62940,4597,46195,16745,46195,33851.57,84524.3,18.4,52.7,0,Steam Summer Sale,1,4.48,20,3.21,CAD,0.013267,98.0,227.35,39.66,59714.4,Growth,46.2,53.8,Summer,Steam Summer Sale,Action-Adventure,Gen9
GTA5-112473,2024,6,2,Colombia,COL,South America,Xbox Series X|S,Premium Edition,Digital,PlayStation Store,368,3242.08,8.81,41.2,67.4,32.6,105,263,12779,902,8606,4173,8606,4801.59,15246.7,14.0,42.3,0,Steam Summer Sale,1,4.36,7,4.16,COP,39.575337,98.0,16.87,53.25,11000.59,Growth,44.7,55.3,Summer,Steam Summer Sale,Action-Adventure,Gen9
GTA5-112388,2024,6,2,Ecuador,ECU,South America,PS5,Premium Edition,Digital,Microsoft Store,165,1245.75,7.55,49.6,71.5,28.5,45,120,5802,385,4123,1679,4123,1346.68,4923.45,15.7,52.9,0,Steam Summer Sale,1,4.66,3,4.78,USD,0.010065,98.0,1.4,18.13,8017.05,Growth,43.3,56.7,Summer,Steam Summer Sale,Action-Adventure,Gen9
GTA5-112416,2024,6,2,Egypt,EGY,Africa,Xbox Series X|S,Standard Edition,Digital,Steam,542,4086.68,7.54,49.7,69.2,30.8,154,388,20680,1443,12775,7905,12775,9709.92,21705.23,12.8,40.3,0,Steam Summer Sale,1,4.58,10,1.68,EGP,0.313944,98.0,20.2,103.11,4709.37,Growth,53.2,46.8,Summer,Steam Summer Sale,Action-Adventure,Gen9
GTA5-112391,2024,6,2,France,FRA,Europe,Xbox Series X|S,Standard Edition,Digital,Steam,1791,16907.04,9.44,37,72.1,27.9,566,1225,71647,5790,53503,18144,53503,29578.47,88404.52,19.3,45.9,0,Steam Summer Sale,1,4.22,36,4.69,EUR,0.0000009051,98.0,578.62,74.78,50375.48,Growth,47.4,52.6,Summer,Steam Summer Sale,Action-Adventure,Gen9
GTA5-112435,2024,6,2,Greece,GRC,Europe,Xbox Series X|S,Premium Edition,Digital,PlayStation Store,540,4849.2,8.98,40.1,73.9,26.1,144,396,16852,979,11644,5208,11644,8532.6,21192.81,14.5,50.3,0,Steam Summer Sale,1,4.46,11,3.69,EUR,0.000000896,98.0,10.71,12.46,24409.72,Growth,51.9,48.1,Summer,Steam Summer Sale,Action-Adventure,Gen9
GTA5-112420,2024,6,2,Indonesia,IDN,Asia,PS5,Criminal Enterprise Starter Pack,Digital,Steam,1300,10153,7.81,47.9,73.1,26.9,424,876,46949,2706,29309,17640,29309,18965.87,47578.64,17.1,57.4,0,Steam Summer Sale,1,4.61,21,0.93,IDR,157.169087,98.0,116.63,283.26,5848.42,Growth,50.9,49.1,Summer,Steam Summer Sale,Action-Adventure,Gen9
GTA5-112425,2024,6,2,Ireland,IRL,Europe,PS5,Standard Edition,Digital,PlayStation Store,608,4955.2,8.15,45.6,72.2,27.8,162,446,26057,1628,14400,11657,14400,16387.12,35387.63,11.1,37.5,0,Steam Summer Sale,1,4.66,9,2.77,EUR,0.0000008904,98.0,13.93,5.21,55698.57,Growth,53.1,46.9,Summer,Steam Summer Sale,Action-Adventure,Gen9
GTA5-112401,2024,6,2,Israel,ISR,Asia,PS5,Criminal Enterprise Starter Pack,Digital,PlayStation Store,993,8033.37,8.09,46,67.7,32.3,295,698,46240,3750,33985,12255,33985,14102.92,45429.27,20.0,47.0,0,Steam Summer Sale,1,4.71,14,2.31,ILS,0.037107,98.0,21.79,9.18,41206.2,Growth,38.8,61.2,Summer,Steam Summer Sale,Action-Adventure,Gen9
GTA5-112392,2024,6,2,Italy,ITA,Europe,PS5,Standard Edition,Digital,Epic Games Store,1989,15613.65,7.85,47.6,77.6,22.4,605,1384,78332,5157,46554,31778,46554,33140.5,77045.73,17.0,42.3,0,Steam Summer Sale,1,4.48,30,4.01,EUR,0.0000008962,98.0,307.35,67.98,40367.16,Growth,34.6,65.4,Summer,Steam Summer Sale,Action-Adventure,Gen9
GTA5-112428,2024,6,2,Japan,JPN,Asia,Xbox Series X|S,Standard Edition,Digital,Rockstar Games Launcher,1762,19699.16,11.18,25.4,75.9,24.1,483,1279,91335,4821,62692,28643,62692,29538.57,97216.23,18.6,48.8,0,Steam Summer Sale,1,4.5,43,4.3,JPY,1.505698,98.0,1114.9,143.9,44021.29,Growth,48.4,51.6,Summer,Steam Summer Sale,Action-Adventure,Gen9
GTA5-112409,2024,6,2,Lithuania,LTU,Europe,PS5,Legacy Edition,Digital,Microsoft Store,513,3355.02,6.54,56.4,69.3,30.7,160,353,15650,824,10893,4757,10893,5462.1,13150.1,15.9,47.5,0,Steam Summer Sale,1,4.56,9,5.72,EUR,0.0000009115,98.0,1.76,3.29,20950.21,Growth,38.6,61.4,Summer,Steam Summer Sale,Action-Adventure,Gen9
GTA5-112440,2024,6,2,Morocco,MAR,Africa,Xbox Series X|S,Standard Edition,Digital,Rockstar Games Launcher,383,3772.55,9.85,34.3,67.4,32.6,103,280,13768,910,8801,4967,8801,6834.8,15508.76,17.2,53.4,0,Steam Summer Sale,1,4.74,10,3.9,MAD,0.099659,98.0,5.19,37.39,4823.52,Growth,52.6,47.4,Summer,Steam Summer Sale,Action-Adventure,Gen9
GTA5-112463,2024,6,2,Nigeria,NGA,Africa,Xbox Series X|S,Standard Edition,Digital,Epic Games Store,351,3910.14,11.14,25.7,69.1,30.9,108,243,26076,1361,15597,10479,15597,4970.83,19420.02,15.9,33.9,0,Steam Summer Sale,1,4.66,6,6.85,NGN,9.036017,98.0,38.53,197.15,4362.6,Growth,37.4,62.6,Summer,Steam Summer Sale,Action-Adventure,Gen9
GTA5-112465,2024,6,2,Oman,OMN,Asia,Xbox Series X|S,Standard Edition,Digital,Epic Games Store,490,3831.8,7.82,47.8,68.3,31.7,165,325,10123,595,7002,3121,7002,6157.87,17341.53,15.0,47.4,0,Steam Summer Sale,1,4.61,10,2.78,OMR,0.0000003909,98.0,2.27,4.53,22374.23,Growth,39.4,60.6,Summer,Steam Summer Sale,Action-Adventure,Gen9
GTA5-112474,2024,6,2,Peru,PER,South America,PS5,Premium Edition,Digital,Rockstar Games Launcher,365,2606.1,7.14,52.4,68.9,31.1,118,247,10069,535,7478,2591,7478,5635.49,18603.41,18.6,46.0,0,Steam Summer Sale,1,4.81,3,3.65,PEN,0.036831,98.0,6.14,33.99,9413.5,Growth,44.4,55.6,Summer,Steam Summer Sale,Action-Adventure,Gen9
GTA5-112432,2024,6,2,Romania,ROU,Europe,Xbox Series X|S,Standard Edition,Digital,Microsoft Store,489,4000.02,8.18,45.4,69.6,30.4,158,331,22817,1548,13335,9482,13335,14435.29,33567.91,17.9,31.5,0,Steam Summer Sale,1,4.48,10,2.75,RON,0.045547,98.0,14.26,22.09,15519.39,Growth,43.8,56.2,Summer,Steam Summer Sale,Action-Adventure,Gen9
GTA5-112427,2024,6,2,Serbia,SRB,Europe,PS5,Standard Edition,Digital,Epic Games Store,528,4746.72,8.99,40,72.4,27.6,166,362,15396,1165,10709,4687,10709,7977.44,21670.25,16.6,48.8,0,Steam Summer Sale,1,4.41,15,3.12,RSD,1.063005,98.0,1.87,8.16,7938.48,Growth,50.0,50.0,Summer,Steam Summer Sale,Action-Adventure,Gen9
GTA5-112419,2024,6,2,Slovenia,SVN,Europe,Xbox Series X|S,Criminal Enterprise Starter Pack,Digital,Microsoft Store,291,2726.67,9.37,37.5,67.6,32.4,97,194,13100,857,8426,4674,8426,5383.93,14879.76,13.8,36.6,0,Steam Summer Sale,1,4.34,4,1.41,EUR,0.0000009073,98.0,1.9,2.38,27669.4,Growth,54.2,45.8,Summer,Steam Summer Sale,Action-Adventure,Gen9
GTA5-112434,2024,6,2,South Korea,KOR,Asia,PS5,Standard Edition,Digital,Microsoft Store,2002,16056.04,8.02,46.5,69.3,30.7,610,1392,83116,7021,47741,35375,47741,44983.24,105001.44,17.3,49.7,0,Steam Summer Sale,1,4.35,43,3.93,KRW,1.338634,98.0,256.15,57.78,34634.28,Growth,46.9,53.1,Summer,Steam Summer Sale,Action-Adventure,Gen9
GTA5-112393,2024,6,2,Spain,ESP,Europe,Xbox Series X|S,Premium Edition,Digital,Steam,1544,11502.8,7.45,50.3,68.7,31.3,510,1034,53406,3457,32551,20855,32551,10363.43,36397.03,16.3,54.5,0,Steam Summer Sale,1,4.41,15,4.55,EUR,0.0000009002,98.0,196.82,53.25,35001.59,Growth,46.6,53.4,Summer,Steam Summer Sale,Action-Adventure,Gen9
GTA5-112396,2024,6,2,Sweden,SWE,Europe,Xbox Series X|S,Standard Edition,Digital,Microsoft Store,764,5072.96,6.64,55.7,70.7,29.3,218,546,41970,2099,23125,18845,23125,11547.45,33417.99,16.2,52.2,0,Steam Summer Sale,1,4.48,10,3.4,SEK,0.103775,98.0,51.95,10.88,67824.51,Growth,45.5,54.5,Summer,Steam Summer Sale,Action-Adventure,Gen9
GTA5-112446,2024,6,2,Taiwan,TWN,Asia,Xbox Series X|S,Criminal Enterprise Starter Pack,Digital,Epic Games Store,1300,7423,5.71,61.9,72,28,387,913,54880,3598,33017,21863,33017,15399.19,32941.0,16.6,52.4,0,Steam Summer Sale,1,4.71,38,5.28,TWD,0.314856,98.0,60.18,26.06,25774.9,Growth,45.8,54.2,Summer,Steam Summer Sale,Action-Adventure,Gen9
GTA5-112417,2024,6,2,Ukraine,UKR,Europe,Xbox Series X|S,Premium Edition,Digital,Rockstar Games Launcher,528,4440.48,8.41,43.9,71.1,28.9,163,365,17752,1588,11143,6609,11143,11159.65,23080.97,12.9,30.8,0,Steam Summer Sale,1,4.59,10,3.33,UAH,0.00003871,98.0,9.11,50.99,5583.15,Growth,40.9,59.1,Summer,Steam Summer Sale,Action-Adventure,Gen9
GTA5-112389,2024,6,2,United Kingdom,GBR,Europe,Xbox Series X|S,Premium Edition,Digital,Epic Games Store,2891,18415.67,6.37,57.5,70.5,29.5,774,2117,116481,6017,85779,30702,85779,54230.34,167336.68,18.1,47.3,0,Steam Summer Sale,1,4.4,39,4.01,GBP,0.0000007758,98.0,627.0,72.51,49130.79,Growth,35.5,64.5,Summer,Steam Summer Sale,Action-Adventure,Gen9
GTA5-112379,2024,6,2,United States,USA,North America,PS5,Standard Edition,Digital,Microsoft Store,3977,32173.93,8.09,46,70.8,29.2,1131,2846,215121,18182,123265,91856,123265,142337.29,290159.18,17.0,40.5,0,Steam Summer Sale,1,4.25,38,1.34,USD,0.0000009902,98.0,7389.58,358.04,64496.8,Growth,51.3,48.7,Summer,Steam Summer Sale,Action-Adventure,Gen9
GTA5-112467,2024,6,2,United States,USA,North America,PS5,Premium Edition,Digital,Epic Games Store,4385,30695,7,53.3,69.3,30.7,1313,3072,215301,11924,155435,59866,155435,59603.97,219816.73,16.3,42.0,0,Steam Summer Sale,1,4.56,63,4.78,USD,0.010189,98.0,7224.44,358.04,63055.45,Growth,47.9,52.1,Summer,Steam Summer Sale,Action-Adventure,Gen9
GTA5-112456,2024,6,2,Vietnam,VNM,Asia,Xbox Series X|S,Legacy Edition,Digital,Epic Games Store,712,4108.24,5.77,61.5,74,26,193,519,31607,2260,20062,11545,20062,11116.42,42846.38,17.2,52.9,0,Steam Summer Sale,1,4.63,13,2.28,VND,244.094309,98.0,21.96,101.97,3957.98,Growth,45.4,54.6,Summer,Steam Summer Sale,Action-Adventure,Gen9
GTA5-112520,2024,7,3,Austria,AUT,Europe,PS5,Premium Edition,Digital,Rockstar Games Launcher,768,7042.56,9.17,38.8,67.6,32.4,249,519,38361,2057,23678,14683,23678,8956.66,32554.56,15.6,43.1,0,Steam Summer Sale,1,4.79,19,3.51,EUR,0.0000008906,98.0,27.99,9.64,53378.45,Growth,41.2,58.8,Summer,Steam Summer Sale,Action-Adventure,Gen9
GTA5-112505,2024,7,3,Bahrain,BHR,Asia,Xbox Series X|S,Standard Edition,Digital,Steam,421,3709.01,8.81,41.2,65.5,34.5,119,302,12039,1051,7098,4941,7098,4113.95,9653.76,13.2,32.6,0,Steam Summer Sale,1,4.49,3,0.1,BHD,0.0000003816,98.0,0.89,1.47,27142.21,Growth,49.2,50.8,Summer,Steam Summer Sale,Action-Adventure,Gen9
GTA5-112523,2024,7,3,Bangladesh,BGD,Asia,PS5,Standard Edition,Digital,Epic Games Store,444,4604.28,10.37,30.8,64.8,35.2,119,325,22732,1169,13368,9364,13368,12399.35,25110.65,15.7,41.3,0,Steam Summer Sale,1,4.72,12,4.56,BDT,0.109184,98.0,10.83,178.05,2376.95,Growth,45.7,54.3,Summer,Steam Summer Sale,Action-Adventure,Gen9
GTA5-112524,2024,7,3,Bulgaria,BGR,Europe,PS5,Standard Edition,Digital,PlayStation Store,368,2888.8,7.85,47.6,70.8,29.2,112,256,18115,1385,12884,5231,12884,12246.62,27090.32,17.8,41.7,0,Steam Summer Sale,1,4.69,6,0.1,BGN,0.017992,98.0,2.45,8.17,10408.08,Growth,50.5,49.5,Summer,Steam Summer Sale,Action-Adventure,Gen9
GTA5-112482,2024,7,3,Chile,CHL,South America,PS5,Standard Edition,Digital,Rockstar Games Launcher,471,3037.95,6.45,57,66.3,33.7,151,320,15373,1064,11508,3865,11508,9196.15,28911.84,16.9,53.1,0,Steam Summer Sale,1,4.65,12,6.93,CLP,8.854936,98.0,9.44,19.28,19123.71,Growth,53.6,46.4,Summer,Steam Summer Sale,Action-Adventure,Gen9
GTA5-112571,2024,7,3,Colombia,COL,South America,PS5,Legacy Edition,Digital,Rockstar Games Launcher,426,2747.7,6.45,57,71.9,28.1,141,285,18631,1333,12257,6374,12257,12821.62,26265.96,16.1,47.4,0,Steam Summer Sale,1,4.28,12,2.67,COP,3.997709,98.0,16.65,53.3,10845.71,Growth,45.3,54.7,Summer,Steam Summer Sale,Action-Adventure,Gen9
GTA5-112530,2024,7,3,Cyprus,CYP,Europe,Xbox Series X|S,Criminal Enterprise Starter Pack,Digital,PlayStation Store,200,1742,8.71,41.9,74,26,58,142,8981,656,5154,3827,5154,2801.73,8290.9,14.6,36.1,0,Steam Summer Sale,1,4.4,3,4.26,EUR,0.000000911,98.0,0.48,0.98,30844.96,Growth,42.5,57.5,Summer,Steam Summer Sale,Action-Adventure,Gen9
GTA5-112526,2024,7,3,Czech Republic,CZE,Europe,PS5,Standard Edition,Digital,PlayStation Store,780,7012.2,8.99,40,69.5,30.5,206,574,22901,1420,16279,6622,16279,8696.1,25097.38,13.3,38.6,0,Steam Summer Sale,1,4.78,22,5.04,CZK,0.022476,98.0,14.53,11.91,25412.77,Growth,46.4,53.6,Summer,Steam Summer Sale,Action-Adventure,Gen9
GTA5-112496,2024,7,3,Denmark,DNK,Europe,Xbox Series X|S,Premium Edition,Digital,Rockstar Games Launcher,654,5035.8,7.7,48.6,73.6,26.4,170,484,22277,1867,12749,9528,12749,13702.68,28981.46,13.5,42.8,0,Steam Summer Sale,1,4.43,8,2.88,DKK,0.069269,98.0,22.56,6.35,65321.23,Growth,52.1,47.9,Summer,Steam Summer Sale,Action-Adventure,Gen9
GTA5-112574,2024,7,3,Ecuador,ECU,South America,Xbox Series X|S,Standard Edition,Digital,Steam,99,1067.22,10.78,28.1,68.4,31.6,26,73,4093,255,2438,1655,2438,1343.15,3278.78,15.6,44.6,0,Steam Summer Sale,1,4.59,3,3.17,USD,0.0000009836,98.0,1.39,18.15,7991.36,Growth,46.8,53.2,Summer,Steam Summer Sale,Action-Adventure,Gen9
GTA5-112503,2024,7,3,Fiji,FJI,Oceania,PS5,Standard Edition,Digital,PlayStation Store,104,1187.68,11.42,23.8,68.2,31.8,32,72,3605,220,2063,1542,2063,1853.55,4063.25,15.9,45.3,0,Steam Summer Sale,1,4.58,3,2.4,FJD,0.022351,98.0,0.04,1.02,6043.63,Growth,43.2,56.8,Summer,Steam Summer Sale,Action-Adventure,Gen9
GTA5-112497,2024,7,3,Finland,FIN,Europe,PS5,Standard Edition,Digital,Steam,1230,7785.9,6.33,57.8,75.3,24.7,395,835,38764,2491,28060,10704,28060,21401.73,68850.33,18.3,52.7,0,Steam Summer Sale,1,4.54,30,5.38,EUR,0.0000009081,98.0,16.95,6.12,54089.17,Growth,43.1,56.9,Summer,Steam Summer Sale,Action-Adventure,Gen9
GTA5-112538,2024,7,3,Ghana,GHA,Africa,PS5,Standard Edition,Digital,Epic Games Store,356,3285.88,9.23,38.4,70.5,29.5,106,250,11859,941,7806,4053,7806,6735.48,17266.3,13.4,39.8,0,Steam Summer Sale,1,4.45,8,3.1,GHS,0.120632,98.0,1.74,29.49,3079.6,Growth,38.9,61.1,Summer,Steam Summer Sale,Action-Adventure,Gen9
GTA5-112516,2024,7,3,Iceland,ISL,Europe,PS5,Standard Edition,Digital,Steam,325,3142.75,9.67,35.5,70.9,29.1,98,227,10347,604,6666,3681,6666,4140.62,11215.61,17.9,39.2,0,Steam Summer Sale,1,4.46,3,2.32,ISK,1.392932,98.0,0.41,0.37,58075.72,Growth,36.9,63.1,Summer,Steam Summer Sale,Action-Adventure,Gen9
GTA5-112536,2024,7,3,Japan,JPN,Asia,Xbox Series X|S,Standard Edition,Digital,Epic Games Store,1975,19809.25,10.03,33.1,72.6,27.4,534,1441,72380,5646,47470,24910,47470,42642.43,92366.06,19.2,64.1,0,Steam Summer Sale,1,4.65,34,5.43,JPY,1.488988,98.0,1107.08,144.03,43672.99,Growth,56.7,43.3,Summer,Steam Summer Sale,Action-Adventure,Gen9
GTA5-112550,2024,7,3,Kazakhstan,KAZ,Asia,Xbox Series X|S,Standard Edition,Digital,Rockstar Games Launcher,359,3098.17,8.63,42.4,72.5,27.5,97,262,15363,1158,8488,6875,8488,9051.17,18716.92,15.7,53.9,0,Steam Summer Sale,1,4.7,5,4.03,KZT,4.576087,98.0,9.25,19.28,16656.45,Growth,41.7,58.3,Summer,Steam Summer Sale,Action-Adventure,Gen9
GTA5-112556,2024,7,3,Kenya,KEN,Africa,PS5,Standard Edition,Digital,PlayStation Store,442,4181.32,9.46,36.9,75.7,24.3,133,309,21358,1449,15213,6145,15213,6765.57,25501.19,15.2,42.8,0,Steam Summer Sale,1,4.49,8,1.61,KES,1.307637,98.0,3.28,49.9,2567.93,Growth,42.5,57.5,Summer,Steam Summer Sale,Action-Adventure,Gen9
GTA5-112522,2024,7,3,Latvia,LVA,Europe,PS5,Standard Edition,Digital,Steam,299,3321.89,11.11,25.9,73.6,26.4,84,215,15306,1065,10608,4698,10608,9790.36,20535.8,16.8,73.7,0,Steam Summer Sale,1,4.68,5,1.01,EUR,0.0000008998,98.0,0.99,2.27,19465.4,Growth,43.1,56.9,Summer,Steam Summer Sale,Action-Adventure,Gen9
GTA5-112509,2024,7,3,Lithuania,LTU,Europe,Xbox Series X|S,Standard Edition,Digital,PlayStation Store,336,2241.12,6.67,55.5,76.9,23.1,111,225,15245,866,9046,6199,9046,3957.75,12596.44,15.9,24.2,0,Steam Summer Sale,1,4.59,8,4.08,EUR,0.0000008933,98.0,1.76,3.29,20881.2,Growth,39.5,60.5,Summer,Steam Summer Sale,Action-Adventure,Gen9
GTA5-112519,2024,7,3,Malaysia,MYS,Asia,PS5,Premium Edition,Digital,Microsoft Store,1396,11586.8,8.3,44.6,70.8,29.2,430,966,39951,2526,28048,11903,28048,15555.04,31643.82,17.9,54.5,0,Steam Summer Sale,1,4.57,26,2.63,MYR,0.004652,98.0,31.19,34.02,14326.47,Growth,44.6,55.4,Summer,Steam Summer Sale,Action-Adventure,Gen9
GTA5-112479,2024,7,3,Mexico,MEX,North America,PS5,Standard Edition,Digital,Microsoft Store,1280,10508.8,8.21,45.2,65.7,34.3,414,866,40337,2261,23045,17292,23045,8403.99,24533.61,15.8,38.0,0,Steam Summer Sale,1,4.55,30,3.11,MXN,0.018406,98.0,143.81,138.36,14764.39,Growth,37.4,62.6,Summer,Steam Summer Sale,Action-Adventure,Gen9
GTA5-112567,2024,7,3,Mexico,MEX,North America,PS5,Standard Edition,Digital,Steam,1193,9424.7,7.9,47.3,72.8,27.2,327,866,59310,3272,37715,21595,37715,22242.43,69992.87,17.2,42.2,0,Steam Summer Sale,1,4.49,15,6.17,MXN,0.182416,98.0,144.04,138.36,14787.68,Growth,57.0,43.0,Summer,Steam Summer Sale,Action-Adventure,Gen9
GTA5-112528,2024,7,3,Myanmar,MMR,Asia,Xbox Series X|S,Standard Edition,Digital,Epic Games Store,134,1389.58,10.37,30.8,66.3,33.7,43,91,4434,280,3290,1144,3290,2780.8,7804.67,16.2,60.5,0,Steam Summer Sale,1,4.5,3,1.51,MMK,20.847921,98.0,1.29,60.11,2236.95,Growth,39.0,61.0,Summer,Steam Summer Sale,Action-Adventure,Gen9
GTA5-112492,2024,7,3,Netherlands,NLD,Europe,Xbox Series X|S,Standard Edition,Digital,Steam,1458,13719.78,9.41,37.2,74.5,25.5,426,1032,44451,2949,32696,11755,32696,21592.83,80076.73,16.8,47.1,0,Steam Summer Sale,1,4.69,23,5.05,EUR,0.0000009058,98.0,100.14,19.28,57968.7,Growth,52.8,47.2,Summer,Steam Summer Sale,Action-Adventure,Gen9
GTA5-112553,2024,7,3,Nigeria,NGA,Africa,Xbox Series X|S,Standard Edition,Digital,Steam,605,4670.6,7.72,48.5,73.6,26.4,159,446,22043,1205,16036,6007,16036,14167.64,39102.06,15.9,49.9,0,Steam Summer Sale,1,4.7,13,3.42,NGN,0.905717,98.0,38.83,197.33,4392.13,Growth,44.7,55.3,Summer,Steam Summer Sale,Action-Adventure,Gen9
GTA5-112548,2024,7,3,Oman,OMN,Asia,PS5,Standard Edition,Digital,Rockstar Games Launcher,320,2540.8,7.94,47,71.2,28.8,102,218,15253,766,8889,6364,8889,5496.46,16163.71,16.7,53.3,0,Steam Summer Sale,1,4.6,3,2.07,OMR,0.0000003759,98.0,2.22,4.54,21841.61,Growth,51.4,48.6,Summer,Steam Summer Sale,Action-Adventure,Gen9
GTA5-112560,2024,7,3,Pakistan,PAK,Asia,PS5,Premium Edition,Digital,Microsoft Store,494,3660.54,7.41,50.6,68.2,31.8,133,361,23491,1927,17425,6066,17425,4780.54,18312.6,16.3,34.3,0,Steam Summer Sale,1,4.48,4,4.6,PKR,2.832392,98.0,15.44,206.4,2337.74,Growth,53.4,46.6,Summer,Steam Summer Sale,Action-Adventure,Gen9
GTA5-112572,2024,7,3,Peru,PER,South America,PS5,Standard Edition,Digital,PlayStation Store,296,2998.48,10.13,32.4,68.5,31.5,81,215,15705,1249,10046,5659,10046,5501.4,19115.2,12.0,27.5,0,Steam Summer Sale,1,4.43,4,4.41,PEN,0.036913,98.0,6.21,34.02,9510.6,Growth,52.6,47.4,Summer,Steam Summer Sale,Action-Adventure,Gen9
GTA5-112506,2024,7,3,Portugal,PRT,Europe,Xbox Series X|S,Standard Edition,Digital,Microsoft Store,480,3979.2,8.29,44.7,69.9,30.1,143,337,26576,1573,18740,7836,18740,9370.05,23827.13,17.4,44.3,0,Steam Summer Sale,1,4.48,9,1.74,EUR,0.0000009049,98.0,12.74,11.34,25068.99,Growth,48.7,51.3,Summer,Steam Summer Sale,Action-Adventure,Gen9
GTA5-112559,2024,7,3,Qatar,QAT,Asia,PS5,Legacy Edition,Digital,Epic Games Store,484,3784.88,7.82,47.8,72.9,27.1,128,356,25031,1921,18619,6412,18619,5024.31,19766.14,18.0,61.6,0,Steam Summer Sale,1,4.65,7,5.18,QAR,0.036511,98.0,9.2,2.49,96236.95,Growth,35.4,64.6,Summer,Steam Summer Sale,Action-Adventure,Gen9
GTA5-112511,2024,7,3,Slovakia,SVK,Europe,Xbox Series X|S,Premium Edition,Digital,Epic Games Store,278,1884.84,6.78,54.8,71.5,28.5,93,185,13320,744,8346,4974,8346,6234.44,20199.3,15.2,47.1,0,Steam Summer Sale,1,4.53,3,4.18,EUR,0.0000009182,98.0,3.6,6.12,22968.94,Growth,41.6,58.4,Summer,Steam Summer Sale,Action-Adventure,Gen9
GTA5-112533,2024,7,3,Slovenia,SVN,Europe,Xbox Series X|S,Standard Edition,Digital,Microsoft Store,371,3409.49,9.19,38.7,69.1,30.9,102,269,14182,816,8460,5722,8460,4924.44,12580.68,13.7,48.9,0,Steam Summer Sale,1,4.5,7,5.81,EUR,0.0000008948,98.0,1.89,2.38,27561.53,Growth,43.6,56.4,Summer,Steam Summer Sale,Action-Adventure,Gen9
GTA5-112546,2024,7,3,South Korea,KOR,Asia,Xbox Series X|S,Premium Edition,Digital,PlayStation Store,1515,12241.2,8.08,46.1,65.3,34.7,490,1025,46842,2858,28635,18207,28635,12446.2,29839.78,13.8,47.2,0,Steam Summer Sale,1,4.54,28,1.98,KRW,1.320872,98.0,259.5,57.84,35050.39,Growth,41.7,58.3,Summer,Steam Summer Sale,Action-Adventure,Gen9
GTA5-112498,2024,7,3,Switzerland,CHE,Europe,PS5,Standard Edition,Digital,Microsoft Store,1242,9165.96,7.38,50.8,74.7,25.3,347,895,39317,3429,25584,13733,25584,13793.91,53840.69,15.2,52.6,0,Steam Summer Sale,1,4.52,23,4.51,CHF,0.000000883,98.0,53.75,9.19,91384.1,Growth,43.7,56.3,Summer,Steam Summer Sale,Action-Adventure,Gen9
GTA5-112501,2024,7,3,Tunisia,TUN,Africa,PS5,Standard Edition,Digital,Epic Games Store,394,2564.94,6.51,56.6,70.2,29.8,113,281,12149,665,7561,4588,7561,3966.69,14150.38,12.6,30.1,0,Steam Summer Sale,1,4.23,5,0.47,TND,0.030762,98.0,1.09,12.47,5477.57,Growth,43.0,57.0,Summer,Steam Summer Sale,Action-Adventure,Gen9
GTA5-112485,2024,7,3,Uruguay,URY,South America,PS5,Premium Edition,Digital,Rockstar Games Launcher,165,1432.2,8.68,42.1,66.9,33.1,43,122,6193,496,3735,2458,3735,2921.67,7251.51,13.2,46.5,0,Steam Summer Sale,1,4.31,3,2.37,UYU,0.398702,98.0,0.75,3.86,20123.62,Growth,52.1,47.9,Summer,Steam Summer Sale,Action-Adventure,Gen9
GTA5-112573,2024,7,3,Uruguay,URY,South America,Xbox Series X|S,Criminal Enterprise Starter Pack,Digital,Epic Games Store,144,1028.16,7.14,52.4,71,29,43,101,4220,239,2345,1875,2345,791.38,2435.47,13.9,49.3,0,Steam Summer Sale,1,4.52,3,5.23,UYU,0.400376,98.0,0.75,3.86,20192.76,Growth,44.9,55.1,Summer,Steam Summer Sale,Action-Adventure,Gen9
GTA5-112667,2024,8,3,Argentina,ARG,South America,Xbox Series X|S,Standard Edition,Digital,Microsoft Store,668,3126.24,4.68,68.8,69.9,30.1,199,469,22961,1955,16813,6148,16813,7617.29,22823.02,16.8,49.7,0,Rockstar Sale,1,4.69,5,3.68,ARS,3.517255,98.0,29.79,47.67,16274.53,Growth,51.5,48.5,Summer,Rockstar Sale,Action-Adventure,Gen9
GTA5-112616,2024,8,3,Armenia,ARM,Asia,PS5,Standard Edition,Digital,PlayStation Store,186,1666.56,8.96,40.2,70.6,29.4,60,126,9523,817,5754,3769,5754,3178.18,8534.26,15.7,43.9,0,Rockstar Sale,1,4.67,4,3.08,AMD,4.053301,98.0,0.25,3.29,5900.65,Growth,39.3,60.7,Summer,Rockstar Sale,Action-Adventure,Gen9
GTA5-112615,2024,8,3,Austria,AUT,Europe,Xbox Series X|S,Standard Edition,Digital,Steam,664,4867.12,7.33,51.1,69.8,30.2,193,471,34623,2469,24423,10200,24423,25958.09,61030.59,19.1,47.5,0,Rockstar Sale,1,4.34,13,3.38,EUR,0.0000008876,98.0,27.42,9.65,52239.78,Growth,48.6,51.4,Summer,Rockstar Sale,Action-Adventure,Gen9
GTA5-112661,2024,8,3,Bahrain,BHR,Asia,PS5,Premium Edition,Digital,Microsoft Store,444,2402.04,5.41,63.9,72.4,27.6,125,319,12249,857,8712,3537,8712,3198.74,8935.85,16.0,33.0,0,Rockstar Sale,1,4.8,4,5.25,BHD,0.0000003779,98.0,0.9,1.48,27172.25,Growth,36.5,63.5,Summer,Rockstar Sale,Action-Adventure,Gen9
GTA5-112643,2024,8,3,Bangladesh,BGD,Asia,PS5,Standard Edition,Digital,Epic Games Store,484,4070.44,8.41,43.9,72.3,27.7,141,343,18810,1043,13040,5770,13040,4095.77,15869.74,15.6,42.3,0,Rockstar Sale,1,4.75,8,2.07,BDT,1.097908,98.0,10.89,178.21,2386.58,Growth,40.4,59.6,Summer,Rockstar Sale,Action-Adventure,Gen9
GTA5-112666,2024,8,3,Brazil,BRA,South America,Xbox Series X|S,Standard Edition,Digital,PlayStation Store,1481,11566.61,7.81,47.9,69.2,30.8,389,1092,44501,2306,30517,13984,30517,34775.26,71735.16,19.9,43.4,0,Rockstar Sale,1,4.27,39,5.17,BRL,0.052252,98.0,298.79,228.16,14615.58,Growth,37.5,62.5,Summer,Rockstar Sale,Action-Adventure,Gen9
GTA5-112580,2024,8,3,Chile,CHL,South America,Xbox Series X|S,Premium Edition,Digital,Steam,478,4292.44,8.98,40.1,73,27,137,341,14523,838,8788,5735,8788,5381.53,17937.98,14.3,37.6,0,Rockstar Sale,1,4.8,13,1.21,CLP,8.829314,98.0,9.46,19.3,19146.42,Growth,46.0,54.0,Summer,Rockstar Sale,Action-Adventure,Gen9
GTA5-112603,2024,8,3,China,CHN,Asia,Xbox Series X|S,Standard Edition,Digital,Steam,2334,13677.24,5.86,60.9,66,34,768,1566,102937,8023,68900,34037,68900,48686.78,162362.7,17.7,30.6,0,Rockstar Sale,1,4.49,55,4.8,CNY,0.070951,98.0,4777.76,1573.25,14600.34,Growth,45.7,54.3,Summer,Rockstar Sale,Action-Adventure,Gen9
GTA5-112669,2024,8,3,Colombia,COL,South America,PS5,Premium Edition,Digital,Steam,296,2714.32,9.17,38.8,72.2,27.8,94,202,16494,1458,12162,4332,12162,6340.78,17526.31,16.8,63.9,0,Rockstar Sale,1,4.59,8,4.41,COP,39.832937,98.0,16.65,53.35,10839.39,Growth,44.0,56.0,Summer,Rockstar Sale,Action-Adventure,Gen9
GTA5-112648,2024,8,3,Cyprus,CYP,Europe,Xbox Series X|S,Standard Edition,Digital,PlayStation Store,174,1541.64,8.86,40.9,69.1,30.9,45,129,9638,528,5334,4304,5334,2672.69,5391.47,13.3,42.6,0,Rockstar Sale,1,4.57,3,3.75,EUR,0.0000009056,98.0,0.49,0.98,31140.95,Growth,46.6,53.4,Summer,Rockstar Sale,Action-Adventure,Gen9
GTA5-112594,2024,8,3,Denmark,DNK,Europe,PS5,Premium Edition,Digital,Microsoft Store,705,6655.2,9.44,37,71.6,28.4,189,516,39137,2366,24457,14680,24457,13701.06,37554.92,16.7,51.5,0,Rockstar Sale,1,4.62,16,5.09,DKK,0.069057,98.0,22.54,6.36,65160.46,Growth,41.2,58.8,Summer,Rockstar Sale,Action-Adventure,Gen9
GTA5-112627,2024,8,3,Estonia,EST,Europe,PS5,Standard Edition,Digital,Microsoft Store,308,2436.28,7.91,47.2,70.7,29.3,97,211,11647,613,8052,3595,8052,5375.25,14377.82,17.2,48.7,0,Rockstar Sale,1,4.56,8,3.84,EUR,0.0000009276,98.0,0.9,1.48,23748.49,Growth,54.8,45.2,Summer,Rockstar Sale,Action-Adventure,Gen9
GTA5-112595,2024,8,3,Finland,FIN,Europe,Xbox Series X|S,Standard Edition,Digital,Rockstar Games Launcher,1012,9249.68,9.14,39,66.5,33.5,314,698,25000,2099,18505,6495,18505,8829.76,27038.79,15.8,44.5,0,Rockstar Sale,1,4.66,28,3.95,EUR,0.0000009006,98.0,17.29,6.13,55078.72,Growth,50.2,49.8,Summer,Rockstar Sale,Action-Adventure,Gen9
GTA5-112587,2024,8,3,France,FRA,Europe,Xbox Series X|S,Standard Edition,Digital,Microsoft Store,1626,13869.78,8.53,43.1,71.9,28.1,433,1193,75628,5081,54930,20698,54930,17197.89,55199.25,17.5,45.5,0,Rockstar Sale,1,4.63,45,5.17,EUR,0.0000009058,98.0,567.35,74.92,49301.84,Growth,48.7,51.3,Summer,Rockstar Sale,Action-Adventure,Gen9
GTA5-112637,2024,8,3,Georgia,GEO,Asia,Xbox Series X|S,Premium Edition,Digital,PlayStation Store,234,2187.9,9.35,37.6,75.9,24.1,76,158,9658,805,6848,2810,6848,2033.91,7701.78,14.5,37.1,0,Rockstar Sale,1,4.72,3,3.24,GEL,0.027117,98.0,0.45,4.2,6705.36,Growth,41.9,58.1,Summer,Rockstar Sale,Action-Adventure,Gen9
GTA5-112659,2024,8,3,Iceland,ISL,Europe,PS5,Standard Edition,Digital,PlayStation Store,334,3279.88,9.82,34.5,75.7,24.3,87,247,9938,826,7355,2583,7355,6100.46,17481.96,14.2,42.9,0,Rockstar Sale,1,4.77,9,5.16,ISK,0.00013671,98.0,0.42,0.37,58821.55,Growth,43.1,56.9,Summer,Rockstar Sale,Action-Adventure,Gen9
GTA5-112626,2024,8,3,India,IND,Asia,PS5,Criminal Enterprise Starter Pack,Digital,PlayStation Store,2727,13444.11,4.93,67.1,71.5,28.5,735,1992,75132,4161,44731,30401,44731,22041.94,87355.91,13.0,43.8,0,Rockstar Sale,1,4.3,68,4.22,INR,0.843386,98.0,481.52,1421.15,3025.22,Growth,37.9,62.1,Summer,Rockstar Sale,Action-Adventure,Gen9
GTA5-112599,2024,8,3,Iraq,IRQ,Asia,Xbox Series X|S,Premium Edition,Digital,Rockstar Games Launcher,259,1603.21,6.19,58.7,73.2,26.8,73,186,8521,491,5494,3027,5494,5467.7,13651.67,14.7,35.8,0,Rockstar Sale,1,4.7,6,3.81,IQD,13.172146,98.0,5.62,38.59,7582.16,Growth,52.5,47.5,Summer,Rockstar Sale,Action-Adventure,Gen9
GTA5-112633,2024,8,3,Ireland,IRL,Europe,PS5,Standard Edition,Digital,Microsoft Store,807,5503.74,6.82,54.5,73.8,26.2,217,590,37753,2021,21895,15858,21895,13979.76,29900.67,15.6,34.1,0,Rockstar Sale,1,4.41,14,6.62,EUR,0.0000009032,98.0,14.06,5.22,56117.91,Growth,43.3,56.7,Summer,Rockstar Sale,Action-Adventure,Gen9
GTA5-112623,2024,8,3,Japan,JPN,Asia,PS5,Criminal Enterprise Starter Pack,Digital,Steam,2543,21793.51,8.57,42.8,69.9,30.1,686,1857,109492,7191,72155,37337,72155,70196.53,169914.41,19.5,28.3,0,Rockstar Sale,1,4.39,75,3.24,JPY,1.477657,98.0,1107.74,144.16,43659.86,Growth,46.3,53.7,Summer,Rockstar Sale,Action-Adventure,Gen9
GTA5-112638,2024,8,3,Kenya,KEN,Africa,PS5,Standard Edition,Digital,Microsoft Store,401,3889.7,9.7,35.3,77,23,116,285,17241,1241,11657,5584,11657,6735.67,20632.18,16.2,49.8,0,Rockstar Sale,1,4.49,9,3.88,KES,1.273563,98.0,3.29,49.94,2571.21,Growth,39.2,60.8,Summer,Rockstar Sale,Action-Adventure,Gen9
GTA5-112628,2024,8,3,Latvia,LVA,Europe,Xbox Series X|S,Premium Edition,Digital,Steam,318,2970.12,9.34,37.7,68.6,31.4,89,229,9051,704,5830,3221,5830,2574.19,6733.38,15.0,48.8,0,Rockstar Sale,1,4.56,7,4.57,EUR,0.0000009109,98.0,1.01,2.27,19947.72,Growth,39.2,60.8,Summer,Rockstar Sale,Action-Adventure,Gen9
GTA5-112624,2024,8,3,Morocco,MAR,Africa,Xbox Series X|S,Standard Edition,Digital,Microsoft Store,375,3345,8.92,40.5,71.7,28.3,96,279,13440,1042,9385,4055,9385,4894.32,10877.72,14.6,39.1,0,Rockstar Sale,1,4.73,4,1.83,MAD,0.101409,98.0,5.23,37.46,4845.54,Growth,42.5,57.5,Summer,Rockstar Sale,Action-Adventure,Gen9
GTA5-112620,2024,8,3,New Zealand,NZL,Oceania,PS5,Premium Edition,Digital,Rockstar Games Launcher,803,6680.96,8.32,44.5,73.3,26.7,257,546,37316,2304,26062,11254,26062,14858.93,36911.11,17.4,40.2,0,Rockstar Sale,1,4.6,23,1.46,NZD,0.001618,98.0,13.44,4.99,46755.78,Growth,47.0,53.0,Summer,Rockstar Sale,Action-Adventure,Gen9
GTA5-112600,2024,8,3,Oman,OMN,Asia,PS5,Standard Edition,Digital,Steam,376,4030.72,10.72,28.5,71.1,28.9,103,273,13056,825,8963,4093,8963,9348.76,18958.02,14.4,40.0,0,Rockstar Sale,1,4.66,7,6.79,OMR,0.000000386,98.0,2.29,4.54,22494.5,Growth,54.3,45.7,Summer,Rockstar Sale,Action-Adventure,Gen9
GTA5-112639,2024,8,3,Philippines,PHL,Asia,Xbox Series X|S,Standard Edition,Digital,Rockstar Games Launcher,851,7037.77,8.27,44.8,70.2,29.8,257,594,33193,2598,22244,10949,22244,8885.21,22200.92,17.7,39.7,0,Rockstar Sale,1,4.72,21,2.44,PHP,0.556949,98.0,29.13,111.24,4546.7,Growth,45.4,54.6,Summer,Rockstar Sale,Action-Adventure,Gen9
GTA5-112591,2024,8,3,Poland,POL,Europe,PS5,Premium Edition,Digital,Epic Games Store,1179,11554.2,9.8,34.6,66.6,33.4,352,827,40786,2562,24862,15924,24862,10368.25,30960.32,17.2,43.5,0,Rockstar Sale,1,4.71,33,3.32,PLN,0.004056,98.0,67.15,43.13,20273.07,Growth,41.0,59.0,Summer,Rockstar Sale,Action-Adventure,Gen9
GTA5-112611,2024,8,3,Portugal,PRT,Europe,PS5,Standard Edition,Digital,PlayStation Store,753,6084.24,8.08,46.1,73.5,26.5,226,527,26164,1534,19301,6863,19301,11274.98,26529.85,17.1,52.0,0,Rockstar Sale,1,4.73,21,0.42,EUR,0.0000008924,98.0,12.77,11.35,25109.16,Growth,48.6,51.4,Summer,Rockstar Sale,Action-Adventure,Gen9
GTA5-112592,2024,8,3,Sweden,SWE,Europe,PS5,Premium Edition,Digital,PlayStation Store,915,9159.15,10.01,33.2,70.5,29.5,247,668,43606,3411,27621,15985,27621,9023.97,32995.33,16.8,53.0,0,Rockstar Sale,1,4.52,26,3.51,SEK,0.102051,98.0,51.94,10.9,67689.54,Growth,48.3,51.7,Summer,Rockstar Sale,Action-Adventure,Gen9
GTA5-112653,2024,8,3,Turkey,TUR,Europe,Xbox Series X|S,Standard Edition,Digital,Steam,896,4766.72,5.32,64.5,72.2,27.8,232,664,26867,2233,16569,10298,16569,11271.65,37919.14,15.6,52.2,0,Rockstar Sale,1,4.58,19,4.85,TRY,0.268706,98.0,79.06,86.27,14318.6,Growth,51.8,48.2,Summer,Rockstar Sale,Action-Adventure,Gen9
GTA5-112625,2024,8,3,Ukraine,UKR,Europe,Xbox Series X|S,Standard Edition,Digital,Microsoft Store,567,5040.63,8.89,40.7,70.6,29.4,187,380,19842,1076,11134,8708,11134,11395.46,23235.39,16.8,53.0,0,Rockstar Sale,1,4.4,9,3.3,UAH,0.037534,98.0,9.26,51.08,5665.18,Growth,44.2,55.8,Summer,Rockstar Sale,Action-Adventure,Gen9
GTA5-112644,2024,8,3,United Arab Emirates,ARE,Asia,PS5,Premium Edition,Digital,Microsoft Store,1432,9895.12,6.91,53.9,68.6,31.4,453,979,32581,2244,18726,13855,18726,6606.45,21951.25,15.0,40.7,0,Rockstar Sale,1,4.4,40,9.36,AED,0.036447,98.0,34.03,10.44,46297.79,Growth,45.1,54.9,Summer,Rockstar Sale,Action-Adventure,Gen9
GTA5-112575,2024,8,3,United States,USA,North America,Xbox Series X|S,Criminal Enterprise Starter Pack,Digital,Microsoft Store,4042,44098.22,10.91,27.2,70.9,29.1,1154,2888,177030,13250,131419,45611,131419,108754.79,327317.92,19.3,48.8,0,Rockstar Sale,1,4.58,120,1.47,USD,0.001004,98.0,7278.96,358.69,63416.16,Growth,50.8,49.2,Summer,Rockstar Sale,Action-Adventure,Gen9
GTA5-112583,2024,8,3,Uruguay,URY,South America,Xbox Series X|S,Standard Edition,Digital,Epic Games Store,133,1175.72,8.84,41,73.3,26.7,38,95,4587,294,2904,1683,2904,1481.78,3348.99,11.9,39.9,0,Rockstar Sale,1,4.39,3,3.05,UYU,0.402203,98.0,0.75,3.86,20268.22,Growth,44.2,55.8,Summer,Rockstar Sale,Action-Adventure,Gen9
GTA5-112619,2024,8,3,Vietnam,VNM,Asia,PS5,Standard Edition,Digital,PlayStation Store,988,5878.6,5.95,60.3,74.6,25.4,262,726,36242,2602,21981,14261,21981,14291.73,49648.98,17.3,38.5,0,Rockstar Sale,1,4.52,14,8.0,VND,245.943825,98.0,22.18,102.16,3991.47,Growth,38.6,61.4,Summer,Rockstar Sale,Action-Adventure,Gen9
GTA5-112738,2024,9,3,Algeria,DZA,Africa,PS5,Standard Edition,Digital,Epic Games Store,390,3373.5,8.65,42.3,75,25,109,281,14595,1306,9568,5027,9568,7452.28,15581.49,16.5,54.6,0,Xbox Sale,1,4.7,6,2.66,DZD,1.349442,98.0,6.44,43.17,6659.06,Growth,41.2,58.8,Autumn,Xbox Sale,Action-Adventure,Gen9
GTA5-112736,2024,9,3,Australia,AUS,Oceania,Xbox Series X|S,Premium Edition,Digital,Microsoft Store,2281,14575.59,6.39,57.4,68.8,31.2,673,1608,81217,4767,46190,35027,46190,38020.25,94010.38,14.3,40.5,0,Xbox Sale,1,4.67,53,4.0,AUD,0.015512,98.0,276.24,26.13,73413.67,Growth,48.9,51.1,Autumn,Xbox Sale,Action-Adventure,Gen9
GTA5-112713,2024,9,3,Austria,AUT,Europe,Xbox Series X|S,Standard Edition,Digital,PlayStation Store,717,5434.86,7.58,49.4,72.5,27.5,222,495,28070,1635,16239,11831,16239,15092.06,31762.75,15.3,41.3,0,Xbox Sale,1,4.48,10,2.63,EUR,0.0000009163,98.0,28.33,9.66,53900.82,Growth,43.6,56.4,Autumn,Xbox Sale,Action-Adventure,Gen9
GTA5-112764,2024,9,3,Brazil,BRA,South America,Xbox Series X|S,Premium Edition,Digital,Epic Games Store,1586,13005.2,8.2,45.3,72.4,27.6,507,1079,46565,3066,25635,20930,25635,14601.66,42715.94,12.1,25.4,0,Xbox Sale,1,4.62,42,2.35,BRL,0.051826,98.0,295.47,228.36,14440.71,Growth,50.6,49.4,Autumn,Xbox Sale,Action-Adventure,Gen9
GTA5-112753,2024,9,3,Cambodia,KHM,Asia,Xbox Series X|S,Premium Edition,Digital,Microsoft Store,73,565.75,7.75,48.3,73,27,19,54,3730,305,2310,1420,2310,1486.3,5566.78,12.3,42.6,0,Xbox Sale,1,4.61,3,3.86,KHR,41.157165,98.0,0.24,17.04,2165.62,Growth,43.3,56.7,Autumn,Xbox Sale,Action-Adventure,Gen9
GTA5-112674,2024,9,3,Canada,CAN,North America,PS5,Standard Edition,Digital,Rockstar Games Launcher,2055,17179.8,8.36,44.2,70.5,29.5,613,1442,67048,3919,48248,18800,48248,21955.5,59513.13,16.5,61.8,0,Xbox Sale,1,4.73,44,1.42,CAD,0.013169,98.0,229.53,39.76,60134.95,Growth,48.0,52.0,Autumn,Xbox Sale,Action-Adventure,Gen9
GTA5-112678,2024,9,3,Chile,CHL,South America,PS5,Standard Edition,Digital,Rockstar Games Launcher,411,2946.87,7.17,52.2,73,27,130,281,12517,664,8126,4391,8126,5649.71,13670.5,13.6,50.1,0,Xbox Sale,1,4.62,7,2.98,CLP,8.935241,98.0,9.43,19.31,19085.92,Growth,43.7,56.3,Autumn,Xbox Sale,Action-Adventure,Gen9
GTA5-112679,2024,9,3,Colombia,COL,South America,PS5,Standard Edition,Digital,PlayStation Store,528,5438.4,10.3,31.3,73.2,26.8,152,376,20771,1227,13869,6902,13869,10599.78,22841.89,15.5,44.3,0,Xbox Sale,1,4.73,11,0.39,COP,3.942595,98.0,16.82,53.4,10935.5,Growth,41.8,58.2,Autumn,Xbox Sale,Action-Adventure,Gen9
GTA5-112731,2024,9,3,Czech Republic,CZE,Europe,PS5,Standard Edition,Digital,Microsoft Store,700,3927,5.61,62.6,75.5,24.5,217,483,33075,2628,22882,10193,22882,13677.2,43569.45,17.0,53.3,0,Xbox Sale,1,4.46,14,0.39,CZK,0.226751,98.0,14.65,11.93,25578.89,Growth,44.3,55.7,Autumn,Xbox Sale,Action-Adventure,Gen9
GTA5-112692,2024,9,3,Denmark,DNK,Europe,Xbox Series X|S,Legacy Edition,Digital,PlayStation Store,511,5201.98,10.18,32.1,67.6,32.4,136,375,25939,2297,18580,7359,18580,12955.11,32624.4,19.5,60.6,0,Xbox Sale,1,4.71,5,1.33,DKK,0.068608,98.0,22.53,6.36,65128.74,Growth,45.7,54.3,Autumn,Xbox Sale,Action-Adventure,Gen9
GTA5-112682,2024,9,3,Ecuador,ECU,South America,Xbox Series X|S,Premium Edition,Digital,Rockstar Games Launcher,133,1034.74,7.78,48.1,70.1,29.9,41,92,4232,233,2521,1711,2521,1946.0,4437.69,12.6,36.2,0,Xbox Sale,1,4.55,3,0.44,USD,0.010101,98.0,1.42,18.18,8129.78,Growth,39.5,60.5,Autumn,Xbox Sale,Action-Adventure,Gen9
GTA5-112770,2024,9,3,Ecuador,ECU,South America,Xbox Series X|S,Standard Edition,Digital,Epic Games Store,111,850.26,7.66,48.9,70.6,29.4,29,82,5742,372,3478,2264,3478,3043.11,8001.26,15.0,44.5,0,Xbox Sale,1,4.65,3,1.38,USD,0.010039,98.0,1.41,18.18,8082.14,Growth,39.3,60.7,Autumn,Xbox Sale,Action-Adventure,Gen9
GTA5-112744,2024,9,3,Estonia,EST,Europe,PS5,Premium Edition,Digital,PlayStation Store,429,2728.44,6.36,57.6,74.7,25.3,122,307,15141,926,9388,5753,9388,6853.63,20569.16,17.2,42.8,0,Xbox Sale,1,4.59,6,5.01,EUR,0.0000009153,98.0,0.92,1.48,24377.63,Growth,49.9,50.1,Autumn,Xbox Sale,Action-Adventure,Gen9
GTA5-112707,2024,9,3,Fiji,FJI,Oceania,PS5,Standard Edition,Digital,Microsoft Store,95,881.6,9.28,38.1,69.7,30.3,29,66,3817,208,2223,1594,2223,2238.0,4907.5,12.8,57.1,0,Xbox Sale,1,4.28,3,3.96,FJD,0.022273,98.0,0.04,1.02,6039.67,Growth,42.2,57.8,Autumn,Xbox Sale,Action-Adventure,Gen9
GTA5-112693,2024,9,3,Finland,FIN,Europe,Xbox Series X|S,Premium Edition,Digital,Rockstar Games Launcher,674,4899.98,7.27,51.5,71.1,28.9,204,470,28530,2145,17699,10831,17699,16636.77,37363.52,16.3,47.3,0,Xbox Sale,1,4.62,11,6.72,EUR,0.0000009068,98.0,17.1,6.14,54389.13,Growth,33.8,66.2,Autumn,Xbox Sale,Action-Adventure,Gen9
GTA5-112684,2024,9,3,Germany,DEU,Europe,PS5,Premium Edition,Digital,Microsoft Store,3495,30756,8.8,41.3,66.2,33.8,1108,2387,133731,10622,89346,44385,89346,48366.22,168897.34,17.4,40.1,0,Xbox Sale,1,4.42,101,1.73,EUR,0.0000008865,98.0,963.73,92.03,54541.1,Growth,53.9,46.1,Autumn,Xbox Sale,Action-Adventure,Gen9
GTA5-112703,2024,9,3,Hong Kong,HKG,Asia,Xbox Series X|S,Criminal Enterprise Starter Pack,Digital,Rockstar Games Launcher,929,5583.29,6.01,59.9,72.4,27.6,289,640,37403,2952,22441,14962,22441,18935.08,38656.88,15.1,37.9,0,Xbox Sale,1,4.49,18,3.36,HKD,0.077825,98.0,27.1,8.18,43140.9,Growth,44.3,55.7,Autumn,Xbox Sale,Action-Adventure,Gen9
GTA5-112732,2024,9,3,Hungary,HUN,Europe,PS5,Standard Edition,Digital,Rockstar Games Launcher,722,5920.4,8.2,45.3,70.9,29.1,193,529,19623,1147,10841,8782,10841,5676.64,14385.6,15.3,58.7,0,Xbox Sale,1,4.55,7,2.15,HUF,3.521831,98.0,8.39,11.25,19419.17,Growth,44.6,55.4,Autumn,Xbox Sale,Action-Adventure,Gen9
GTA5-112709,2024,9,3,Ireland,IRL,Europe,PS5,Standard Edition,Digital,PlayStation Store,531,5819.76,10.96,26.9,69.8,30.2,136,395,30614,1814,19072,11542,19072,13278.3,42334.36,15.5,42.2,0,Xbox Sale,1,4.47,6,2.26,EUR,0.0000009076,98.0,14.12,5.23,56244.95,Growth,55.6,44.4,Autumn,Xbox Sale,Action-Adventure,Gen9
GTA5-112756,2024,9,3,Kenya,KEN,Africa,Xbox Series X|S,Standard Edition,Digital,PlayStation Store,383,1382.63,3.61,75.9,71.8,28.2,124,259,14640,1112,8362,6278,8362,3796.21,12135.66,13.2,39.9,0,Xbox Sale,1,4.48,5,6.22,KES,1.279669,98.0,3.31,49.99,2584.82,Growth,53.2,46.8,Autumn,Xbox Sale,Action-Adventure,Gen9
GTA5-112759,2024,9,3,Luxembourg,LUX,Europe,Xbox Series X|S,Standard Edition,Digital,Rockstar Games Launcher,273,2214.03,8.11,45.9,73.5,26.5,87,186,10153,616,5915,4238,5915,2402.57,6779.63,16.1,38.2,0,Xbox Sale,1,4.6,4,5.11,EUR,0.0000008918,98.0,1.63,0.62,117538.14,Growth,48.1,51.9,Autumn,Xbox Sale,Action-Adventure,Gen9
GTA5-112734,2024,9,3,Malaysia,MYS,Asia,Xbox Series X|S,Legacy Edition,Digital,PlayStation Store,1034,10319.32,9.98,33.4,73.2,26.8,293,741,36838,3231,20528,16310,20528,25193.64,50995.01,19.3,59.9,0,Xbox Sale,1,4.63,23,3.25,MYR,0.045049,98.0,31.4,34.08,14396.26,Growth,42.9,57.1,Autumn,Xbox Sale,Action-Adventure,Gen9
GTA5-112716,2024,9,3,Morocco,MAR,Africa,PS5,Standard Edition,Digital,Epic Games Store,306,2821.32,9.22,38.5,72.5,27.5,97,209,20976,1279,14199,6777,14199,9639.51,31584.82,17.5,59.0,0,Xbox Sale,1,4.42,5,1.72,MAD,0.101753,98.0,5.25,37.49,4862.48,Growth,45.4,54.6,Autumn,Xbox Sale,Action-Adventure,Gen9
GTA5-112688,2024,9,3,Netherlands,NLD,Europe,PS5,Standard Edition,Digital,Microsoft Store,946,7823.42,8.27,44.8,67.5,32.5,246,700,65818,4235,40965,24853,40965,18055.02,43980.19,14.3,38.7,0,Xbox Sale,1,4.72,17,5.54,EUR,0.0000008885,98.0,99.96,19.31,57774.43,Growth,40.9,59.1,Autumn,Xbox Sale,Action-Adventure,Gen9
GTA5-112691,2024,9,3,Norway,NOR,Europe,PS5,Standard Edition,Digital,Epic Games Store,949,8436.61,8.89,40.7,72.6,27.4,293,656,28984,1532,20896,8088,20896,17751.61,49264.77,17.1,45.0,0,Xbox Sale,1,4.37,12,3.71,NOK,0.102975,98.0,35.86,5.79,107531.58,Growth,54.2,45.8,Autumn,Xbox Sale,Action-Adventure,Gen9
GTA5-112700,2024,9,3,Pakistan,PAK,Asia,Xbox Series X|S,Premium Edition,Digital,Steam,350,2943.5,8.41,43.9,70.3,29.7,95,255,19327,1076,12061,7266,12061,13957.71,29327.82,14.4,41.5,0,Xbox Sale,1,4.57,8,3.43,PKR,2.801251,98.0,15.55,206.78,2349.88,Growth,55.8,44.2,Autumn,Xbox Sale,Action-Adventure,Gen9
GTA5-112768,2024,9,3,Peru,PER,South America,PS5,Premium Edition,Digital,Epic Games Store,340,2594.2,7.63,49.1,69.6,30.4,89,251,13777,1199,10285,3492,10285,4331.33,14711.17,16.5,55.2,0,Xbox Sale,1,4.48,3,2.26,PEN,0.036398,98.0,6.15,34.08,9404.2,Growth,45.2,54.8,Autumn,Xbox Sale,Action-Adventure,Gen9
GTA5-112680,2024,9,3,Peru,PER,South America,Xbox Series X|S,Standard Edition,Digital,PlayStation Store,305,1628.7,5.34,64.4,70,30,79,226,10398,537,7490,2908,7490,6560.15,16194.63,15.6,50.2,0,Xbox Sale,1,4.6,6,2.89,PEN,0.036615,98.0,6.28,34.08,9598.89,Growth,41.8,58.2,Autumn,Xbox Sale,Action-Adventure,Gen9
GTA5-112699,2024,9,3,Philippines,PHL,Asia,Xbox Series X|S,Standard Edition,Digital,Microsoft Store,944,6353.12,6.73,55.1,72.8,27.2,252,692,30084,2553,18434,11650,18434,14196.9,28953.9,16.9,43.9,0,Xbox Sale,1,4.52,27,2.26,PHP,0.562888,98.0,29.25,111.34,4560.72,Growth,49.9,50.1,Autumn,Xbox Sale,Action-Adventure,Gen9
GTA5-112689,2024,9,3,Poland,POL,Europe,Xbox Series X|S,Standard Edition,Digital,Epic Games Store,893,8126.3,9.1,39.3,75.8,24.2,228,665,37338,3151,26833,10505,26833,9562.51,32569.57,15.4,47.6,0,Xbox Sale,1,4.47,9,3.23,PLN,0.039869,98.0,67.41,43.17,20332.12,Growth,40.9,59.1,Autumn,Xbox Sale,Action-Adventure,Gen9
GTA5-112698,2024,9,3,Portugal,PRT,Europe,Xbox Series X|S,Criminal Enterprise Starter Pack,Digital,Epic Games Store,586,3902.76,6.66,55.6,72,28,154,432,21049,1372,11706,9343,11706,6740.01,24834.1,13.9,51.1,0,Xbox Sale,1,4.6,12,2.58,EUR,0.0000008986,98.0,12.77,11.36,25093.74,Growth,44.4,55.6,Autumn,Xbox Sale,Action-Adventure,Gen9
GTA5-112749,2024,9,3,Qatar,QAT,Asia,PS5,Standard Edition,Digital,Steam,781,6193.33,7.93,47.1,75.2,24.8,244,537,27905,2041,16473,11432,16473,15315.32,35398.82,17.3,43.7,0,Xbox Sale,1,4.63,18,3.78,QAR,0.036133,98.0,9.5,2.5,98959.65,Growth,51.2,48.8,Autumn,Xbox Sale,Action-Adventure,Gen9
GTA5-112724,2024,9,3,Russia,RUS,Europe,PS5,Standard Edition,Digital,Rockstar Games Launcher,1505,12476.45,8.29,44.7,70.6,29.4,459,1046,66027,4390,44844,21183,44844,19879.91,79496.18,16.5,43.8,0,Xbox Sale,1,4.62,36,5.39,RUB,0.897622,98.0,277.61,163.6,17676.02,Growth,41.2,58.8,Autumn,Xbox Sale,Action-Adventure,Gen9
GTA5-112704,2024,9,3,South Korea,KOR,Asia,PS5,Legacy Edition,Digital,PlayStation Store,1768,12110.8,6.85,54.3,71.5,28.5,486,1282,97669,5574,57849,39820,57849,40958.38,140095.28,15.7,49.8,0,Xbox Sale,1,4.6,41,5.89,KRW,12.965361,98.0,255.85,57.94,34498.59,Growth,52.0,48.0,Autumn,Xbox Sale,Action-Adventure,Gen9
GTA5-112681,2024,9,3,Uruguay,URY,South America,PS5,Legacy Edition,Digital,Steam,116,1020.8,8.8,41.3,72.8,27.2,35,81,5541,483,3482,2059,3482,2904.26,7550.75,10.0,41.9,0,Xbox Sale,1,4.93,3,1.76,UYU,0.400305,98.0,0.75,3.86,20196.35,Growth,38.4,61.6,Autumn,Xbox Sale,Action-Adventure,Gen9
GTA5-112769,2024,9,3,Uruguay,URY,South America,Xbox Series X|S,Standard Edition,Digital,Microsoft Store,122,989.42,8.11,45.9,74.7,25.3,33,89,4029,317,2308,1721,2308,1457.45,3253.56,14.0,53.3,0,Xbox Sale,1,4.57,3,3.38,UYU,0.408121,98.0,0.73,3.86,19708.21,Growth,45.1,54.9,Autumn,Xbox Sale,Action-Adventure,Gen9
GTA5-112795,2024,10,4,Austria,AUT,Europe,Xbox Series X|S,Standard Edition,Digital,Rockstar Games Launcher,383,5599.46,14.62,2.5,66.1,33.9,116,267,30563,2143,21393,9170,21393,10114.06,34393.1,18.5,50.4,0,None,0,4.6,5,2.64,EUR,0.0000008871,98.0,27.9,9.67,53043.84,Growth,54.8,45.2,Autumn,None,Action-Adventure,Gen9
GTA5-112821,2024,10,4,Bangladesh,BGD,Asia,Xbox Series X|S,Legacy Edition,Digital,Microsoft Store,258,3400.44,13.18,12.1,67.2,32.8,72,186,16956,908,12647,4309,12647,8783.92,18566.93,15.0,50.8,0,None,0,4.83,6,1.6,BDT,1.108687,98.0,10.97,178.54,2400.21,Growth,44.3,55.7,Autumn,None,Action-Adventure,Gen9
GTA5-112800,2024,10,4,Belgium,BEL,Europe,PS5,Criminal Enterprise Starter Pack,Digital,Rockstar Games Launcher,638,8255.72,12.94,13.7,75.4,24.6,194,444,32498,1996,22734,9764,22734,13475.37,41489.99,19.0,47.4,0,None,0,4.44,15,2.98,EUR,0.0000008944,98.0,38.54,12.51,50668.1,Growth,39.9,60.1,Autumn,None,Action-Adventure,Gen9
GTA5-112790,2024,10,4,Denmark,DNK,Europe,PS5,Standard Edition,Digital,PlayStation Store,712,8700.64,12.22,18.5,70.6,29.4,225,487,37608,2706,24221,13387,24221,16284.38,34685.21,14.9,43.0,0,None,0,4.41,11,4.41,DKK,0.068645,98.0,22.97,6.37,66298.74,Growth,52.0,48.0,Autumn,None,Action-Adventure,Gen9
GTA5-112780,2024,10,4,Ecuador,ECU,South America,Xbox Series X|S,Standard Edition,Digital,Microsoft Store,73,934.4,12.8,14.6,73.7,26.3,18,55,5317,312,2957,2360,2957,1473.87,4594.07,12.7,33.5,0,None,0,4.59,3,5.16,USD,0.0000009975,98.0,1.42,18.19,8144.88,Growth,45.5,54.5,Autumn,None,Action-Adventure,Gen9
GTA5-112852,2024,10,4,Ethiopia,ETH,Africa,Xbox Series X|S,Standard Edition,Digital,PlayStation Store,87,1207.56,13.88,7.4,68.6,31.4,23,64,5331,278,3308,2023,3308,2908.28,6152.97,15.4,52.7,0,None,0,4.77,3,4.93,ETB,0.559041,98.0,2.08,109.17,1489.63,Growth,48.0,52.0,Autumn,None,Action-Adventure,Gen9
GTA5-112816,2024,10,4,Fiji,FJI,Oceania,PS5,Legacy Edition,Digital,Steam,48,719.52,14.99,0,71.6,28.4,14,34,4547,231,3130,1417,3130,1618.45,5634.23,16.5,50.7,0,None,0,4.4,3,1.14,FJD,0.022624,98.0,0.04,1.02,6098.39,Growth,41.5,58.5,Autumn,None,Action-Adventure,Gen9
GTA5-112856,2024,10,4,Ghana,GHA,Africa,PS5,Premium Edition,Digital,PlayStation Store,142,2037.7,14.35,4.3,78.7,21.3,45,97,11344,958,7420,3924,7420,2475.37,7720.64,16.6,52.3,0,None,0,4.47,4,1.57,GHS,0.119528,98.0,1.78,29.57,3133.01,Growth,52.8,47.2,Autumn,None,Action-Adventure,Gen9
GTA5-112804,2024,10,4,Greece,GRC,Europe,PS5,Standard Edition,Digital,Rockstar Games Launcher,436,5968.84,13.69,8.7,72,28,122,314,24254,1451,18026,6228,18026,9734.11,22795.62,16.2,47.8,0,None,0,4.61,6,3.78,EUR,0.0000008878,98.0,10.89,12.51,24739.29,Growth,44.4,55.6,Autumn,None,Action-Adventure,Gen9
GTA5-112808,2024,10,4,Hong Kong,HKG,Asia,PS5,Criminal Enterprise Starter Pack,Digital,Rockstar Games Launcher,524,6675.76,12.74,15,69.1,30.9,139,385,43340,2846,26658,16682,26658,11793.98,29318.98,18.1,38.7,0,None,0,4.52,13,3.52,HKD,0.078986,98.0,26.66,8.19,42388.87,Growth,37.1,62.9,Autumn,None,Action-Adventure,Gen9
GTA5-112848,2024,10,4,Iceland,ISL,Europe,Xbox Series X|S,Standard Edition,Digital,Rockstar Games Launcher,141,1906.32,13.52,9.8,68.8,31.2,43,98,11698,681,7194,4504,7194,3533.89,13876.04,14.4,39.4,0,None,0,4.2,3,4.48,ISK,1.386791,98.0,0.43,0.38,58725.66,Growth,41.1,58.9,Autumn,None,Action-Adventure,Gen9
GTA5-112836,2024,10,4,Indonesia,IDN,Asia,Xbox Series X|S,Standard Edition,Digital,Epic Games Store,671,9112.18,13.58,9.4,71.4,28.6,201,470,27432,1749,17944,9488,17944,13505.72,30947.38,14.1,44.4,0,None,0,4.53,8,1.62,IDR,156.262825,98.0,117.77,284.29,5884.44,Growth,52.0,48.0,Autumn,None,Action-Adventure,Gen9
GTA5-112818,2024,10,4,Iraq,IRQ,Asia,Xbox Series X|S,Standard Edition,Digital,Rockstar Games Launcher,139,1933.49,13.91,7.2,76,24,43,96,8024,453,5460,2564,5460,2929.99,9533.47,15.6,29.6,0,None,0,4.58,3,4.53,IQD,12.817738,98.0,5.57,38.66,7503.28,Growth,45.4,54.6,Autumn,None,Action-Adventure,Gen9
GTA5-112798,2024,10,4,Ireland,IRL,Europe,PS5,Premium Edition,Digital,PlayStation Store,571,8228.11,14.41,3.9,71.5,28.5,176,395,29302,1758,17205,12097,17205,5972.56,18034.95,15.7,40.0,0,None,0,4.72,10,3.48,EUR,0.0000008986,98.0,13.98,5.23,55694.33,Growth,49.3,50.7,Autumn,None,Action-Adventure,Gen9
GTA5-112810,2024,10,4,Israel,ISR,Asia,PS5,Standard Edition,Digital,PlayStation Store,612,8268.12,13.51,9.9,73.1,26.9,194,418,37251,2992,21862,15389,21862,8586.11,33703.49,15.6,42.5,0,None,0,4.56,15,3.39,ILS,0.036955,98.0,21.81,9.21,41113.31,Growth,48.4,51.6,Autumn,None,Action-Adventure,Gen9
GTA5-112853,2024,10,4,Kazakhstan,KAZ,Asia,Xbox Series X|S,Standard Edition,Digital,Epic Games Store,233,3073.27,13.19,12,73.7,26.3,61,172,14000,780,10205,3795,10205,5634.93,19895.13,15.3,48.9,0,None,0,4.52,5,3.01,KZT,4.556798,98.0,9.21,19.33,16537.58,Growth,45.1,54.9,Autumn,None,Action-Adventure,Gen9
GTA5-112857,2024,10,4,Kenya,KEN,Africa,PS5,Standard Edition,Digital,Steam,148,2123.8,14.35,4.3,75.9,24.1,46,102,21433,1679,13514,7919,13514,10308.12,25188.05,13.8,41.0,0,None,0,4.41,3,2.47,KES,1.297329,98.0,3.3,50.04,2575.82,Growth,46.1,53.9,Autumn,None,Action-Adventure,Gen9
GTA5-112842,2024,10,4,Kuwait,KWT,Asia,PS5,Premium Edition,Digital,Epic Games Store,353,4197.17,11.89,20.7,73.1,26.9,102,251,20207,1496,11928,8279,11928,11497.89,25330.46,15.2,61.5,0,None,0,4.42,5,1.52,KWD,0.000000317,98.0,6.61,3.87,53364.1,Growth,51.0,49.0,Autumn,None,Action-Adventure,Gen9
GTA5-112833,2024,10,4,Malaysia,MYS,Asia,PS5,Standard Edition,Digital,PlayStation Store,434,6019.58,13.87,7.5,67.6,32.4,117,317,47903,2518,30418,17485,30418,10907.3,37571.01,17.8,36.8,0,None,0,4.38,12,4.27,MYR,0.045328,98.0,31.77,34.12,14548.49,Growth,41.3,58.7,Autumn,None,Action-Adventure,Gen9
GTA5-112834,2024,10,4,Nepal,NPL,Asia,Xbox Series X|S,Standard Edition,Digital,Rockstar Games Launcher,81,1070.01,13.21,11.9,71.8,28.2,21,60,4554,244,2997,1557,2997,1854.43,4974.5,14.2,53.3,0,None,0,4.27,3,2.73,NPR,1.322108,98.0,0.5,31.84,1634.47,Growth,51.2,48.8,Autumn,None,Action-Adventure,Gen9
GTA5-112845,2024,10,4,New Zealand,NZL,Oceania,PS5,Criminal Enterprise Starter Pack,Digital,Rockstar Games Launcher,497,6108.13,12.29,18,70,30,143,354,36371,2413,26300,10071,26300,13803.21,42298.42,17.5,41.4,0,None,0,4.44,4,4.09,NZD,0.016311,98.0,13.58,5.0,47152.18,Growth,47.8,52.2,Autumn,None,Action-Adventure,Gen9
GTA5-112789,2024,10,4,Norway,NOR,Europe,Xbox Series X|S,Standard Edition,Digital,Epic Games Store,509,7629.91,14.99,0,75.8,24.2,131,378,29023,2527,18886,10137,18886,11859.87,39445.81,16.7,53.1,0,None,0,4.51,9,1.28,NOK,0.106164,98.0,35.29,5.8,105619.9,Growth,45.6,54.4,Autumn,None,Action-Adventure,Gen9
GTA5-112809,2024,10,4,Oman,OMN,Asia,PS5,Standard Edition,Digital,Rockstar Games Launcher,217,3174.71,14.63,2.4,74.9,25.1,61,156,12797,831,7206,5591,7206,7307.32,15587.25,12.8,43.0,0,None,0,4.57,4,3.55,OMR,0.0000003836,98.0,2.25,4.55,22116.88,Growth,43.3,56.7,Autumn,None,Action-Adventure,Gen9
GTA5-112787,2024,10,4,Poland,POL,Europe,PS5,Premium Edition,Digital,Rockstar Games Launcher,975,12294.75,12.61,15.9,64.6,35.4,259,716,57003,4717,42541,14462,42541,18365.69,49346.87,19.3,40.6,0,None,0,4.37,21,4.33,PLN,0.039813,98.0,67.81,43.21,20433.95,Growth,56.5,43.5,Autumn,None,Action-Adventure,Gen9
GTA5-112830,2024,10,4,Portugal,PRT,Europe,Xbox Series X|S,Standard Edition,Digital,Rockstar Games Launcher,441,5578.65,12.65,15.6,70.2,29.8,114,327,18040,1562,11612,6428,11612,6751.64,14266.89,12.3,28.3,0,None,0,4.69,8,2.79,EUR,0.0000009029,98.0,12.8,11.37,25128.27,Growth,39.7,60.3,Autumn,None,Action-Adventure,Gen9
GTA5-112841,2024,10,4,Romania,ROU,Europe,PS5,Premium Edition,Digital,Epic Games Store,294,4010.16,13.64,9,68.4,31.6,77,217,26936,2057,17706,9230,17706,10394.37,36411.69,15.0,48.6,0,None,0,4.44,5,0.1,RON,0.045645,98.0,14.58,22.17,15810.3,Growth,44.1,55.9,Autumn,None,Action-Adventure,Gen9
GTA5-112815,2024,10,4,Serbia,SRB,Europe,Xbox Series X|S,Standard Edition,Digital,Rockstar Games Launcher,187,2481.49,13.27,11.5,68.8,31.2,60,127,18140,1337,13574,4566,13574,11320.84,23200.5,15.4,66.3,0,None,0,4.49,5,4.07,RSD,1.061475,98.0,1.89,8.19,8021.58,Growth,48.7,51.3,Autumn,None,Action-Adventure,Gen9
GTA5-112802,2024,10,4,Singapore,SGP,Asia,PS5,Premium Edition,Digital,Epic Games Store,683,8817.53,12.91,13.9,74.2,25.8,211,472,32248,2599,21045,11203,21045,12248.64,28836.08,16.4,53.5,0,None,0,4.49,8,3.53,SGD,0.013436,98.0,24.17,6.14,61514.58,Growth,49.1,50.9,Autumn,None,Action-Adventure,Gen9
GTA5-112801,2024,10,4,Slovenia,SVN,Europe,Xbox Series X|S,Standard Edition,Digital,PlayStation Store,195,2523.3,12.94,13.7,75.4,24.6,53,142,13649,1216,9841,3808,9841,9101.45,21395.52,14.9,42.8,0,None,0,4.53,3,0.98,EUR,0.0000008761,98.0,1.91,2.39,27807.22,Growth,44.4,55.6,Autumn,None,Action-Adventure,Gen9
GTA5-112785,2024,10,4,Spain,ESP,Europe,Xbox Series X|S,Standard Edition,Digital,Steam,787,9837.5,12.5,16.6,71.8,28.2,217,570,59971,4946,38833,21138,38833,28094.52,67124.05,18.0,53.8,0,None,0,4.54,17,0.17,EUR,0.0000008839,98.0,200.26,53.45,35479.22,Growth,53.0,47.0,Autumn,None,Action-Adventure,Gen9
GTA5-112854,2024,10,4,Sri Lanka,LKA,Asia,Xbox Series X|S,Standard Edition,Digital,Steam,143,1730.3,12.1,19.3,73.1,26.9,44,99,7892,693,4470,3422,4470,2233.12,8200.66,14.7,49.9,0,None,0,4.47,3,3.26,LKR,3.245347,98.0,1.74,23.88,4566.0,Growth,46.8,53.2,Autumn,None,Action-Adventure,Gen9
GTA5-112792,2024,10,4,Switzerland,CHE,Europe,Xbox Series X|S,Standard Edition,Digital,Rockstar Games Launcher,589,7751.24,13.16,12.2,71,29,150,439,33803,1828,21384,12419,21384,16600.5,47106.75,15.7,38.4,0,None,0,4.54,15,2.67,CHF,0.0000008775,98.0,53.58,9.21,90897.46,Growth,46.5,53.5,Autumn,None,Action-Adventure,Gen9
GTA5-112812,2024,10,4,Thailand,THA,Asia,PS5,Standard Edition,Digital,Microsoft Store,608,8493.76,13.97,6.8,72.8,27.2,177,431,37059,1896,27584,9475,27584,27126.09,55360.67,15.9,48.5,0,None,0,4.67,5,5.75,THB,0.035447,98.0,41.46,76.19,8503.33,Growth,39.6,60.4,Autumn,None,Action-Adventure,Gen9
GTA5-112806,2024,10,4,Tunisia,TUN,Africa,PS5,Standard Edition,Digital,Rockstar Games Launcher,150,2100,14,6.6,73.5,26.5,44,106,9253,582,6921,2332,6921,2311.01,8002.84,13.8,44.9,0,None,0,4.6,3,6.4,TND,0.003162,98.0,1.09,12.51,5451.33,Growth,40.6,59.4,Autumn,None,Action-Adventure,Gen9
GTA5-112838,2024,10,4,United Arab Emirates,ARE,Asia,Xbox Series X|S,Standard Edition,Digital,Rockstar Games Launcher,475,6536,13.76,8.2,67,33,125,350,32955,2575,21047,11908,21047,9408.67,20755.99,17.0,60.8,0,None,0,4.37,10,5.32,AED,0.036628,98.0,34.37,10.46,46674.22,Growth,44.3,55.7,Autumn,None,Action-Adventure,Gen9
GTA5-112951,2024,11,4,Argentina,ARG,South America,PS5,Legacy Edition,Digital,PlayStation Store,1136,8156.48,7.18,52.1,74.6,25.4,312,824,27175,2243,19376,7799,19376,11919.77,33237.76,16.2,40.3,1,Black Friday,1,4.55,32,1.03,ARS,3.539949,98.0,30.01,47.8,16350.47,Growth,48.6,51.4,Autumn,Black Friday,Action-Adventure,Gen9
GTA5-112900,2024,11,4,Australia,AUS,Oceania,Xbox Series X|S,Standard Edition,Digital,Rockstar Games Launcher,3683,23755.35,6.45,57,75.6,24.4,1150,2533,82751,6283,58211,24540,58211,28520.15,70361.11,17.8,45.7,1,Black Friday,1,4.48,91,3.87,AUD,0.015389,98.0,277.24,26.18,73540.19,Growth,50.2,49.8,Autumn,Black Friday,Action-Adventure,Gen9
GTA5-112862,2024,11,4,Brazil,BRA,South America,PS5,Legacy Edition,Digital,PlayStation Store,1596,13390.44,8.39,44,70.6,29.4,487,1109,46494,3992,34572,11922,34572,15754.96,35130.46,17.4,31.4,1,Black Friday,1,4.28,18,0.1,BRL,0.050784,98.0,294.62,228.78,14372.49,Growth,44.6,55.4,Autumn,Black Friday,Action-Adventure,Gen9
GTA5-112864,2024,11,4,Chile,CHL,South America,Xbox Series X|S,Standard Edition,Digital,PlayStation Store,587,3246.11,5.53,63.1,70,30,185,402,13425,931,9561,3864,9561,4755.54,15640.35,15.7,70.7,1,Black Friday,1,4.61,6,4.15,CLP,9.002552,98.0,9.38,19.35,18938.27,Growth,48.6,51.4,Autumn,Black Friday,Action-Adventure,Gen9
GTA5-112878,2024,11,4,Denmark,DNK,Europe,Xbox Series X|S,Premium Edition,Digital,Rockstar Games Launcher,1539,7217.91,4.69,68.7,69.4,30.6,435,1104,32294,2158,22818,9476,22818,17624.88,36651.76,18.7,58.2,1,Black Friday,1,4.28,26,3.85,DKK,0.069336,98.0,22.82,6.37,65843.58,Growth,48.9,51.1,Autumn,Black Friday,Action-Adventure,Gen9
GTA5-112893,2024,11,4,Egypt,EGY,Africa,Xbox Series X|S,Standard Edition,Digital,Steam,1057,8487.71,8.03,46.4,79.3,20.7,311,746,18108,1124,11034,7074,11034,7937.72,19481.44,13.8,35.5,1,Black Friday,1,4.51,17,4.84,EGP,0.310634,98.0,20.56,103.58,4771.07,Growth,49.7,50.3,Autumn,Black Friday,Action-Adventure,Gen9
GTA5-112895,2024,11,4,Estonia,EST,Europe,PS5,Standard Edition,Digital,Rockstar Games Launcher,663,4932.72,7.44,50.4,71.1,28.9,194,469,19116,1381,12170,6946,12170,7849.78,28164.3,15.6,36.0,1,Black Friday,1,4.3,6,3.87,EUR,0.0000008961,98.0,0.91,1.48,24125.11,Growth,46.5,53.5,Autumn,Black Friday,Action-Adventure,Gen9
GTA5-112958,2024,11,4,Germany,DEU,Europe,Xbox Series X|S,Premium Edition,Digital,Rockstar Games Launcher,4791,40148.58,8.38,44.1,69.4,30.6,1522,3269,100195,7718,62906,37289,62906,75521.48,156799.77,17.3,48.6,1,Black Friday,1,4.47,67,3.18,EUR,0.0000008934,98.0,963.6,92.19,54439.15,Growth,49.7,50.3,Autumn,Black Friday,Action-Adventure,Gen9
GTA5-112945,2024,11,4,Iceland,ISL,Europe,PS5,Standard Edition,Digital,Epic Games Store,564,4320.24,7.66,48.9,70.7,29.3,171,393,17164,1094,12294,4870,12294,9005.02,25389.49,16.5,44.4,1,Black Friday,1,4.53,9,2.83,ISK,1.376553,98.0,0.42,0.38,58203.48,Growth,33.8,66.2,Autumn,Black Friday,Action-Adventure,Gen9
GTA5-112872,2024,11,4,Italy,ITA,Europe,PS5,Premium Edition,Digital,Steam,4630,30187.6,6.52,56.5,79.5,20.5,1190,3440,77990,4043,54418,23572,54418,55913.23,130970.71,18.5,42.6,1,Black Friday,1,4.37,65,4.62,EUR,0.0000009035,98.0,307.63,68.29,40221.12,Growth,49.5,50.5,Autumn,Black Friday,Action-Adventure,Gen9
GTA5-112903,2024,11,4,Japan,JPN,Asia,PS5,Premium Edition,Digital,Epic Games Store,4680,32292,6.9,54,75.5,24.5,1402,3278,86500,5906,54719,31781,54719,35464.83,87654.16,16.2,54.7,1,Black Friday,1,4.47,62,3.02,JPY,1.465132,98.0,1121.19,144.55,44070.42,Growth,43.2,56.8,Autumn,Black Friday,Action-Adventure,Gen9
GTA5-112943,2024,11,4,Lebanon,LBN,Asia,Xbox Series X|S,Premium Edition,Digital,Rockstar Games Launcher,277,2789.39,10.07,32.8,73,27,71,206,10249,752,5830,4419,5830,5270.4,11929.67,14.6,51.6,1,Black Friday,1,4.32,3,3.22,LBP,906.660419,98.0,1.16,6.72,10748.36,Growth,40.4,59.6,Autumn,Black Friday,Action-Adventure,Gen9
GTA5-112938,2024,11,4,Lithuania,LTU,Europe,PS5,Standard Edition,Digital,PlayStation Store,564,4935,8.75,41.6,73.2,26.8,178,386,17389,1475,10838,6551,10838,7564.19,24209.42,14.6,37.0,1,Black Friday,1,4.61,13,3.23,EUR,0.0000008979,98.0,1.77,3.3,20977.24,Growth,46.9,53.1,Autumn,Black Friday,Action-Adventure,Gen9
GTA5-112861,2024,11,4,Mexico,MEX,North America,PS5,Standard Edition,Digital,Microsoft Store,1670,12641.9,7.57,49.5,72.6,27.4,422,1248,60626,3857,37504,23122,37504,42763.53,91346.75,17.5,63.4,1,Black Friday,1,4.52,39,3.36,MXN,0.018706,98.0,144.18,138.86,14748.54,Growth,45.4,54.6,Autumn,Black Friday,Action-Adventure,Gen9
GTA5-112949,2024,11,4,Mexico,MEX,North America,Xbox Series X|S,Premium Edition,Digital,Epic Games Store,1473,11813.46,8.02,46.5,69.9,30.1,384,1089,39463,3282,24633,14830,24633,21327.01,44356.9,14.3,39.3,1,Black Friday,1,4.44,43,1.8,MXN,0.183345,98.0,146.76,138.86,15012.37,Growth,50.9,49.1,Autumn,Black Friday,Action-Adventure,Gen9
GTA5-112896,2024,11,4,Myanmar,MMR,Asia,PS5,Standard Edition,Digital,Rockstar Games Launcher,218,1432.26,6.57,56.2,70.6,29.4,65,153,5282,274,3599,1683,3599,2218.9,6566.25,14.0,54.0,1,Black Friday,1,4.63,4,4.58,MMK,2.118381,98.0,1.32,60.33,2281.79,Growth,44.7,55.3,Autumn,Black Friday,Action-Adventure,Gen9
GTA5-112886,2024,11,4,Nepal,NPL,Asia,PS5,Standard Edition,Digital,Rockstar Games Launcher,181,1440.76,7.96,46.9,73.5,26.5,57,124,6500,343,4525,1975,4525,3746.08,7601.37,15.5,54.8,1,Black Friday,1,4.41,3,3.81,NPR,1.349981,98.0,0.51,31.87,1653.89,Growth,43.8,56.2,Autumn,Black Friday,Action-Adventure,Gen9
GTA5-112891,2024,11,4,Nigeria,NGA,Africa,Xbox Series X|S,Standard Edition,Digital,Steam,1035,9459.9,9.14,39,72.5,27.5,303,732,32494,2635,24011,8483,24011,21425.86,57673.44,15.2,38.9,1,Black Friday,1,4.43,21,2.53,NGN,8.813649,98.0,39.33,198.05,4432.21,Growth,46.9,53.1,Autumn,Black Friday,Action-Adventure,Gen9
GTA5-112866,2024,11,4,Peru,PER,South America,Xbox Series X|S,Legacy Edition,Digital,Rockstar Games Launcher,329,1904.91,5.79,61.4,78.6,21.4,86,243,10340,821,6294,4046,6294,4016.2,15337.29,14.8,45.9,1,Black Friday,1,4.46,8,4.41,PEN,0.036961,98.0,6.19,34.15,9441.99,Growth,44.3,55.7,Autumn,Black Friday,Action-Adventure,Gen9
GTA5-112888,2024,11,4,Qatar,QAT,Asia,Xbox Series X|S,Standard Edition,Digital,PlayStation Store,1068,9462.48,8.86,40.9,72.8,27.2,335,733,25573,2299,18969,6604,18969,13084.26,36235.8,19.1,58.3,1,Black Friday,1,4.61,29,4.67,QAR,0.036524,98.0,9.2,2.5,95871.99,Growth,48.6,51.4,Autumn,Black Friday,Action-Adventure,Gen9
GTA5-112881,2024,11,4,Saudi Arabia,SAU,Asia,PS5,Standard Edition,Digital,Steam,1488,16710.24,11.23,25.1,69.4,30.6,411,1077,45531,3439,27557,17974,27557,6978.39,27454.85,15.7,46.3,1,Black Friday,1,4.67,23,5.3,SAR,0.003772,98.0,71.95,34.15,27434.54,Growth,38.2,61.8,Autumn,Black Friday,Action-Adventure,Gen9
GTA5-112907,2024,11,4,Slovakia,SVK,Europe,PS5,Premium Edition,Digital,Microsoft Store,602,5556.46,9.23,38.4,76.1,23.9,184,418,17222,1181,11021,6201,11021,7636.34,26199.42,14.2,47.4,1,Black Friday,1,4.69,16,3.14,EUR,0.0000009085,98.0,3.61,6.15,22899.54,Growth,38.7,61.3,Autumn,Black Friday,Action-Adventure,Gen9
GTA5-112930,2024,11,4,South Africa,ZAF,Africa,Xbox Series X|S,Premium Edition,Digital,Microsoft Store,1484,12435.92,8.38,44.1,71.3,28.7,418,1066,32353,2490,17929,14424,17929,9137.53,20809.05,15.8,38.3,1,Black Friday,1,4.52,20,0.85,ZAR,0.190266,98.0,32.16,60.33,9253.67,Growth,43.8,56.2,Autumn,Black Friday,Action-Adventure,Gen9
GTA5-112873,2024,11,4,Spain,ESP,Europe,PS5,Standard Edition,Digital,Microsoft Store,2618,22750.42,8.69,42,70.6,29.4,668,1950,59329,4277,43876,15453,43876,23320.96,52618.1,16.6,50.3,1,Black Friday,1,4.76,62,3.14,EUR,0.0000009007,98.0,199.08,53.5,35237.71,Growth,43.4,56.6,Autumn,Black Friday,Action-Adventure,Gen9
GTA5-112876,2024,11,4,Sweden,SWE,Europe,PS5,Standard Edition,Digital,PlayStation Store,2529,17627.13,6.97,53.5,83.2,16.8,749,1780,38427,2924,28291,10136,28291,11230.32,32189.02,17.2,62.0,1,Black Friday,1,4.37,56,1.8,SEK,0.104537,98.0,50.94,10.93,66207.64,Growth,46.4,53.6,Autumn,Black Friday,Action-Adventure,Gen9
GTA5-112926,2024,11,4,Thailand,THA,Asia,PS5,Standard Edition,Digital,PlayStation Store,1444,12288.44,8.51,43.2,69,31,408,1036,42740,3739,24066,18674,24066,9857.27,29170.83,15.1,44.5,1,Black Friday,1,4.63,18,3.38,THB,0.355956,98.0,41.78,76.26,8560.82,Growth,45.2,54.8,Autumn,Black Friday,Action-Adventure,Gen9
GTA5-112923,2024,11,4,Ukraine,UKR,Europe,PS5,Standard Edition,Digital,Microsoft Store,898,7184,8,46.6,69.1,30.9,227,671,18547,1095,13070,5477,13070,7429.59,19753.11,16.8,52.9,1,Black Friday,1,4.7,14,3.67,UAH,0.037899,98.0,9.3,51.22,5672.91,Growth,49.3,50.7,Autumn,Black Friday,Action-Adventure,Gen9
GTA5-112885,2024,11,4,United Arab Emirates,ARE,Asia,PS5,Standard Edition,Digital,Microsoft Store,1329,13648.83,10.27,31.5,71.8,28.2,355,974,43271,2559,29030,14241,29030,22755.52,53852.06,16.5,44.2,1,Black Friday,1,4.65,25,0.86,AED,0.003721,98.0,34.15,10.47,46332.42,Growth,52.0,48.0,Autumn,Black Friday,Action-Adventure,Gen9
GTA5-112957,2024,11,4,United Kingdom,GBR,Europe,PS5,Premium Edition,Digital,Epic Games Store,5142,40673.22,7.91,47.2,72.4,27.6,1659,3483,138043,11789,98922,39121,98922,40933.71,118240.08,18.2,59.7,1,Black Friday,1,4.74,111,1.69,GBP,0.0000007805,98.0,626.7,72.85,48878.41,Growth,42.4,57.6,Autumn,Black Friday,Action-Adventure,Gen9
GTA5-112947,2024,11,4,United States,USA,North America,PS5,Standard Edition,Digital,Epic Games Store,8016,52745.28,6.58,56.1,72.9,27.1,2354,5662,165205,12922,117703,47502,117703,51876.72,129488.01,20.6,59.4,1,Black Friday,1,4.42,119,2.49,USD,0.000000999,98.0,7339.62,359.67,63770.47,Growth,45.4,54.6,Autumn,Black Friday,Action-Adventure,Gen9
GTA5-112882,2024,11,4,Vietnam,VNM,Asia,Xbox Series X|S,Premium Edition,Digital,Microsoft Store,1154,10132.12,8.78,41.4,70.5,29.5,312,842,26229,2321,14711,11518,14711,6594.07,21253.63,16.4,43.0,1,Black Friday,1,4.82,13,2.41,VND,244.331452,98.0,22.23,102.44,3989.34,Growth,47.1,52.9,Autumn,Black Friday,Action-Adventure,Gen9
GTA5-112985,2024,12,4,Algeria,DZA,Africa,PS5,Premium Edition,Digital,Epic Games Store,474,3161.58,6.67,55.5,70.2,29.8,132,342,14248,1174,9900,4348,9900,7799.54,17401.87,16.2,49.6,1,Christmas,1,4.66,12,2.01,DZD,1.318446,98.0,6.49,43.29,6691.22,Growth,44.0,56.0,Winter,Christmas,Action-Adventure,Gen9
GTA5-113003,2024,12,4,Azerbaijan,AZE,Asia,PS5,Criminal Enterprise Starter Pack,Digital,Epic Games Store,500,5080,10.16,32.2,72.2,27.8,150,350,12265,887,9105,3160,9105,9214.98,21886.11,16.4,41.3,1,Christmas,1,4.6,11,3.05,AZN,0.016929,98.0,1.97,10.82,9480.97,Growth,51.0,49.0,Winter,Christmas,Action-Adventure,Gen9
GTA5-113025,2024,12,4,Bangladesh,BGD,Asia,Xbox Series X|S,Premium Edition,Digital,PlayStation Store,457,3614.87,7.91,47.2,75.2,24.8,127,330,14769,937,10439,4330,10439,7058.28,18024.68,15.3,40.4,1,Christmas,1,4.33,10,2.52,BDT,1.105477,98.0,11.07,178.86,2417.57,Growth,46.0,54.0,Winter,Christmas,Action-Adventure,Gen9
GTA5-112962,2024,12,4,Brazil,BRA,South America,Xbox Series X|S,Standard Edition,Digital,Microsoft Store,1858,17093.6,9.2,38.6,73.4,26.6,586,1272,46262,4018,25702,20560,25702,19002.22,51331.84,16.2,46.8,1,Christmas,1,4.69,17,5.46,BRL,0.050636,98.0,296.97,228.99,14474.2,Growth,39.3,60.7,Winter,Christmas,Action-Adventure,Gen9
GTA5-112997,2024,12,4,Bulgaria,BGR,Europe,PS5,Standard Edition,Digital,Steam,906,4946.76,5.46,63.6,71.6,28.4,261,645,23194,1546,16329,6865,16329,8318.39,29268.7,17.2,55.0,1,Christmas,1,4.48,26,5.83,BGN,0.018053,98.0,2.48,8.2,10486.9,Growth,41.8,58.2,Winter,Christmas,Action-Adventure,Gen9
GTA5-112960,2024,12,4,Canada,CAN,North America,PS5,Standard Edition,Digital,Epic Games Store,2512,16076.8,6.4,57.3,70.2,29.8,678,1834,57453,4931,41559,15894,41559,47253.62,103476.84,15.0,42.2,1,Christmas,1,4.62,37,2.7,CAD,0.013322,98.0,234.04,39.87,61147.46,Growth,38.2,61.8,Winter,Christmas,Action-Adventure,Gen9
GTA5-113048,2024,12,4,Canada,CAN,North America,PS5,Standard Edition,Digital,PlayStation Store,2187,22154.31,10.13,32.4,71.3,28.7,554,1633,56405,3663,40793,15612,40793,29683.41,59943.63,21.3,48.7,1,Christmas,1,4.57,41,4.57,CAD,0.013475,98.0,230.42,39.87,60201.18,Growth,41.0,59.0,Winter,Christmas,Action-Adventure,Gen9
GTA5-113052,2024,12,4,Chile,CHL,South America,PS5,Criminal Enterprise Starter Pack,Digital,PlayStation Store,719,5644.15,7.85,47.6,77.9,22.1,195,524,14724,1158,9006,5718,9006,5002.6,12358.42,14.4,34.7,1,Christmas,1,4.46,5,3.22,CLP,8.923585,98.0,9.35,19.37,18851.63,Growth,51.7,48.3,Winter,Christmas,Action-Adventure,Gen9
GTA5-113019,2024,12,4,Croatia,HRV,Europe,Xbox Series X|S,Standard Edition,Digital,Steam,563,4487.11,7.97,46.8,70.6,29.4,148,415,18434,1277,13127,5307,13127,6463.7,15486.71,14.3,50.5,1,Christmas,1,4.74,8,2.1,EUR,0.0000008985,98.0,2.16,4.78,17687.04,Growth,54.8,45.2,Winter,Christmas,Action-Adventure,Gen9
GTA5-112981,2024,12,4,Czech Republic,CZE,Europe,Xbox Series X|S,Standard Edition,Digital,Microsoft Store,739,5690.3,7.7,48.6,73.9,26.1,222,517,28962,1983,19069,9893,19069,10818.34,28628.86,15.0,43.6,1,Christmas,1,4.59,19,2.96,CZK,0.226922,98.0,14.74,11.96,25669.87,Growth,42.4,57.6,Winter,Christmas,Action-Adventure,Gen9
GTA5-112968,2024,12,4,Ecuador,ECU,South America,Xbox Series X|S,Premium Edition,Digital,Microsoft Store,185,1017.5,5.5,63.3,69.4,30.6,48,137,4419,261,2849,1570,2849,2594.47,7147.65,14.2,44.4,1,Christmas,1,4.68,4,5.09,USD,0.0000009962,98.0,1.42,18.23,8125.75,Growth,49.4,50.6,Winter,Christmas,Action-Adventure,Gen9
GTA5-113020,2024,12,4,Egypt,EGY,Africa,Xbox Series X|S,Standard Edition,Digital,Rockstar Games Launcher,746,6184.34,8.29,44.7,72.4,27.6,203,543,24715,1332,17003,7712,17003,19301.53,39529.0,19.0,49.0,1,Christmas,1,4.64,11,3.77,EGP,0.308622,98.0,20.62,103.67,4780.55,Growth,39.7,60.3,Winter,Christmas,Action-Adventure,Gen9
GTA5-113008,2024,12,4,Ethiopia,ETH,Africa,PS5,Criminal Enterprise Starter Pack,Digital,Epic Games Store,319,2398.88,7.52,49.8,63.7,36.3,92,227,8351,490,4870,3481,4870,2799.04,9718.52,14.3,40.2,1,Christmas,1,4.51,3,4.28,ETB,0.554634,98.0,2.09,109.37,1494.77,Growth,43.7,56.3,Winter,Christmas,Action-Adventure,Gen9
GTA5-113010,2024,12,4,Fiji,FJI,Oceania,Xbox Series X|S,Premium Edition,Digital,Microsoft Store,127,1019.81,8.03,46.4,68.9,31.1,40,87,4172,291,2982,1190,2982,1838.84,4674.06,15.5,33.0,1,Christmas,1,4.66,3,3.67,FJD,0.022243,98.0,0.04,1.03,6164.98,Growth,53.0,47.0,Winter,Christmas,Action-Adventure,Gen9
GTA5-112970,2024,12,4,Germany,DEU,Europe,PS5,Criminal Enterprise Starter Pack,Digital,PlayStation Store,4742,44290.28,9.34,37.7,76.9,23.1,1518,3224,142983,10156,87965,55018,87965,34824.28,110028.25,16.1,45.3,1,Christmas,1,4.7,42,1.58,EUR,0.0000008775,98.0,976.4,92.28,55108.28,Growth,57.9,42.1,Winter,Christmas,Action-Adventure,Gen9
GTA5-113044,2024,12,4,Hong Kong,HKG,Asia,PS5,Legacy Edition,Digital,PlayStation Store,2966,29037.14,9.79,34.7,72.3,27.7,817,2149,49127,2772,30556,18571,30556,24369.02,62975.66,14.2,41.7,1,Christmas,1,4.64,81,3.09,HKD,0.077351,98.0,27.33,8.2,43399.83,Growth,45.1,54.9,Winter,Christmas,Action-Adventure,Gen9
GTA5-113026,2024,12,4,Indonesia,IDN,Asia,PS5,Standard Edition,Digital,PlayStation Store,1771,14008.61,7.91,47.2,72.8,27.2,538,1233,57770,3831,34326,23444,34326,17942.64,42934.87,13.2,25.8,1,Christmas,1,4.42,39,1.18,IDR,156.836128,98.0,119.53,284.81,5961.48,Growth,36.8,63.2,Winter,Christmas,Action-Adventure,Gen9
GTA5-113041,2024,12,4,Iraq,IRQ,Asia,PS5,Standard Edition,Digital,Rockstar Games Launcher,408,3884.16,9.52,36.5,74.4,25.6,126,282,15938,807,10326,5612,10326,7741.54,15833.12,16.1,48.4,1,Christmas,1,4.78,10,2.65,IQD,13.002661,98.0,5.64,38.73,7583.74,Growth,40.8,59.2,Winter,Christmas,Action-Adventure,Gen9
GTA5-113021,2024,12,4,Ireland,IRL,Europe,Xbox Series X|S,Standard Edition,Digital,Steam,937,9969.68,10.64,29,69.1,30.9,289,648,24628,1565,18384,6244,18384,9615.71,21309.06,14.1,31.6,1,Christmas,1,4.46,26,1.58,EUR,0.0000008781,98.0,14.23,5.24,56562.59,Growth,49.0,51.0,Winter,Christmas,Action-Adventure,Gen9
GTA5-112995,2024,12,4,Japan,JPN,Asia,PS5,Premium Edition,Digital,Steam,4279,31450.65,7.35,51,70,30,1360,2919,109246,7336,74379,34867,74379,36406.7,74957.45,17.0,53.8,1,Christmas,1,4.42,105,3.97,JPY,1.483464,98.0,1131.02,144.68,44416.9,Growth,40.6,59.4,Winter,Christmas,Action-Adventure,Gen9
GTA5-113013,2024,12,4,Kenya,KEN,Africa,Xbox Series X|S,Standard Edition,Digital,Epic Games Store,592,3842.08,6.49,56.7,70,30,170,422,13653,1002,9941,3712,9941,8913.3,21115.52,15.8,55.2,1,Christmas,1,4.5,8,6.0,KES,1.285386,98.0,3.32,50.13,2590.44,Growth,48.4,51.6,Winter,Christmas,Action-Adventure,Gen9
GTA5-112988,2024,12,4,Kuwait,KWT,Asia,PS5,Standard Edition,Digital,Rockstar Games Launcher,1021,7790.23,7.63,49.1,69.5,30.5,264,757,23115,2014,16565,6550,16565,10194.36,30187.97,16.5,31.2,1,Christmas,1,4.64,12,0.45,KWD,0.0000003077,98.0,6.48,3.87,52333.2,Growth,45.8,54.2,Winter,Christmas,Action-Adventure,Gen9
GTA5-113006,2024,12,4,Latvia,LVA,Europe,Xbox Series X|S,Standard Edition,Digital,Microsoft Store,667,5155.91,7.73,48.4,73.1,26.9,168,499,13115,820,8410,4705,8410,8813.8,19563.56,16.7,44.5,1,Christmas,1,4.64,19,3.07,EUR,0.0000009097,98.0,1.01,2.28,19710.6,Growth,56.2,43.8,Winter,Christmas,Action-Adventure,Gen9
GTA5-113043,2024,12,4,Luxembourg,LUX,Europe,PS5,Standard Edition,Digital,Epic Games Store,605,3708.65,6.13,59.1,71.6,28.4,189,416,17427,1328,10472,6955,10472,11448.84,23487.21,14.8,17.9,1,Christmas,1,4.75,5,4.87,EUR,0.0000008974,98.0,1.64,0.63,116200.06,Growth,39.1,60.9,Winter,Christmas,Action-Adventure,Gen9
GTA5-113016,2024,12,4,Nepal,NPL,Asia,PS5,Standard Edition,Digital,PlayStation Store,252,2028.6,8.05,46.3,67.4,32.6,62,190,5627,377,3784,1843,3784,3592.46,8027.61,11.8,38.3,1,Christmas,1,4.67,4,3.43,NPR,1.336134,98.0,0.51,31.9,1659.2,Growth,46.6,53.4,Winter,Christmas,Action-Adventure,Gen9
GTA5-113028,2024,12,4,New Zealand,NZL,Oceania,Xbox Series X|S,Standard Edition,Digital,Epic Games Store,893,10117.69,11.33,24.4,69,31,283,610,37611,2678,23092,14519,23092,17175.14,57775.7,14.4,46.4,1,Christmas,1,4.54,22,1.52,NZD,0.016254,98.0,13.73,5.01,47584.78,Growth,33.9,66.1,Winter,Christmas,Action-Adventure,Gen9
GTA5-112993,2024,12,4,Nigeria,NGA,Africa,PS5,Standard Edition,Digital,Steam,1007,4632.2,4.6,69.3,71.6,28.4,320,687,28444,1606,20428,8016,20428,15239.22,38295.38,15.6,55.1,1,Christmas,1,4.31,17,3.75,NGN,9.045207,98.0,39.19,198.23,4412.55,Growth,53.4,46.6,Winter,Christmas,Action-Adventure,Gen9
GTA5-112977,2024,12,4,Norway,NOR,Europe,PS5,Standard Edition,Digital,Rockstar Games Launcher,1709,7177.8,4.2,72,73.9,26.1,535,1174,39583,2953,26537,13046,26537,18991.76,44038.09,17.1,46.6,1,Christmas,1,4.69,36,4.96,NOK,0.105345,98.0,35.71,5.81,106711.29,Growth,46.4,53.6,Winter,Christmas,Action-Adventure,Gen9
GTA5-112966,2024,12,4,Peru,PER,South America,Xbox Series X|S,Standard Edition,Digital,Steam,380,4077.4,10.73,28.4,70.7,29.3,111,269,11026,750,7696,3330,7696,2984.62,9434.38,15.3,42.5,1,Christmas,1,4.68,8,2.49,PEN,0.037068,98.0,6.36,34.18,9695.76,Growth,42.0,58.0,Winter,Christmas,Action-Adventure,Gen9
GTA5-112983,2024,12,4,Portugal,PRT,Europe,PS5,Premium Edition,Digital,Steam,1044,8759.16,8.39,44,74,26,329,715,33537,2938,22097,11440,22097,17341.83,52763.41,12.9,50.1,1,Christmas,1,4.37,23,3.69,EUR,0.0000008905,98.0,12.99,11.39,25450.15,Growth,50.8,49.2,Winter,Christmas,Action-Adventure,Gen9
GTA5-112999,2024,12,4,Qatar,QAT,Asia,Xbox Series X|S,Standard Edition,Digital,PlayStation Store,1232,8389.92,6.81,54.6,72,28,324,908,17162,1001,10448,6714,10448,2718.6,10680.1,12.5,38.2,1,Christmas,1,4.57,10,4.3,QAR,0.036303,98.0,9.25,2.51,95996.36,Growth,38.5,61.5,Winter,Christmas,Action-Adventure,Gen9
GTA5-113004,2024,12,4,Saudi Arabia,SAU,Asia,PS5,Legacy Edition,Digital,Microsoft Store,2174,16174.56,7.44,50.4,73.7,26.3,612,1562,47042,2696,28715,18327,28715,34355.65,71880.98,19.6,50.1,1,Christmas,1,4.4,21,2.32,SAR,0.037846,98.0,72.13,34.18,27476.72,Growth,50.6,49.4,Winter,Christmas,Action-Adventure,Gen9
GTA5-112982,2024,12,4,Slovakia,SVK,Europe,PS5,Premium Edition,Digital,Epic Games Store,601,4405.33,7.33,51.1,73.6,26.4,190,411,15627,1248,8732,6895,8732,4283.41,14794.57,14.5,37.2,1,Christmas,1,4.77,9,5.47,EUR,0.0000009125,98.0,3.69,6.15,23432.7,Growth,35.7,64.3,Winter,Christmas,Action-Adventure,Gen9
GTA5-113015,2024,12,4,Slovenia,SVN,Europe,PS5,Premium Edition,Digital,Steam,786,5281.92,6.72,55.2,72.5,27.5,222,564,17527,1278,11432,6095,11432,8044.24,18686.28,15.5,44.4,1,Christmas,1,4.69,21,5.1,EUR,0.0000008919,98.0,1.94,2.39,28149.99,Growth,53.7,46.3,Winter,Christmas,Action-Adventure,Gen9
GTA5-113046,2024,12,4,South Korea,KOR,Asia,Xbox Series X|S,Standard Edition,Digital,PlayStation Store,2543,18919.92,7.44,50.4,70.1,29.9,636,1907,62289,4253,36034,26255,36034,22761.76,67941.64,14.6,61.8,1,Christmas,1,4.26,29,3.15,KRW,13.145649,98.0,266.53,58.1,35839.8,Growth,55.7,44.3,Winter,Christmas,Action-Adventure,Gen9
GTA5-112976,2024,12,4,Sweden,SWE,Europe,Xbox Series X|S,Standard Edition,Digital,Rockstar Games Launcher,1490,14736.1,9.89,34,71.4,28.6,401,1089,40801,3292,28678,12123,28678,19349.19,61353.39,19.0,46.6,1,Christmas,1,4.51,35,5.19,SEK,0.105294,98.0,52.04,10.94,67572.98,Growth,36.3,63.7,Winter,Christmas,Action-Adventure,Gen9
GTA5-113011,2024,12,4,Thailand,THA,Asia,Xbox Series X|S,Criminal Enterprise Starter Pack,Digital,Rockstar Games Launcher,1228,11359,9.25,38.3,67.3,32.7,377,851,31949,2749,18449,13500,18449,10515.55,30980.49,17.4,46.3,1,Christmas,1,4.61,31,2.04,THB,0.353616,98.0,41.53,76.33,8501.09,Growth,48.0,52.0,Winter,Christmas,Action-Adventure,Gen9
GTA5-113036,2024,12,4,United Arab Emirates,ARE,Asia,Xbox Series X|S,Premium Edition,Digital,Rockstar Games Launcher,2107,10556.07,5.01,66.6,69.1,30.9,533,1574,33828,2899,20748,13080,20748,10502.88,28985.17,13.9,43.1,1,Christmas,1,4.36,49,2.83,AED,0.037008,98.0,34.2,10.48,46358.1,Growth,42.7,57.3,Winter,Christmas,Action-Adventure,Gen9
GTA5-113047,2024,12,4,United States,USA,North America,Xbox Series X|S,Premium Edition,Digital,Rockstar Games Launcher,5864,34890.8,5.95,60.3,70.6,29.4,1836,4028,212143,11120,139083,73060,139083,70699.47,238505.57,22.1,43.3,1,Christmas,1,4.62,147,5.06,USD,0.001017,98.0,7416.86,360.0,64382.46,Growth,44.0,56.0,Winter,Christmas,Action-Adventure,Gen9
GTA5-112967,2024,12,4,Uruguay,URY,South America,PS5,Legacy Edition,Digital,Rockstar Games Launcher,415,3178.9,7.66,48.9,69.7,30.3,114,301,5769,420,3203,2566,3203,1589.26,5990.9,14.9,47.0,1,Christmas,1,4.65,7,2.3,UYU,0.039446,98.0,0.75,3.87,20103.61,Growth,47.5,52.5,Winter,Christmas,Action-Adventure,Gen9
GTA5-113055,2024,12,4,Uruguay,URY,South America,Xbox Series X|S,Premium Edition,Digital,PlayStation Store,177,1366.44,7.72,48.5,69.8,30.2,54,123,5800,485,3881,1919,3881,1456.74,4316.84,11.9,38.2,1,Christmas,1,4.5,3,2.02,UYU,0.400014,98.0,0.76,3.87,20461.01,Growth,46.0,54.0,Winter,Christmas,Action-Adventure,Gen9
GTA5-113029,2024,12,4,Vietnam,VNM,Asia,PS5,Premium Edition,Digital,Rockstar Games Launcher,1400,9674,6.91,53.9,73.4,26.6,362,1038,29144,1874,18897,10247,18897,19733.98,43152.58,16.5,56.2,1,Christmas,1,4.58,12,5.14,VND,244.149325,98.0,22.47,102.53,4028.32,Growth,50.8,49.2,Winter,Christmas,Action-Adventure,Gen9
GTA5-113129,2025,1,1,Australia,AUS,Oceania,Xbox Series X|S,Standard Edition,Digital,Epic Games Store,3237,24406.98,7.54,49.7,74,26,815,2422,94083,8326,68696,25387,68696,70241.34,163310.99,19.1,40.2,1,New Year Sale,1,4.36,55,2.01,AUD,0.001533,98.0,282.41,26.23,74769.88,Growth,41.3,58.7,Winter,New Year Sale,Action-Adventure,Gen9
GTA5-113142,2025,1,1,Austria,AUT,Europe,PS5,Legacy Edition,Digital,Epic Games Store,1087,10554.77,9.71,35.2,79.9,20.1,278,809,35721,2477,21888,13833,21888,14876.82,30418.25,15.1,33.9,1,New Year Sale,1,4.67,30,3.41,EUR,0.0000009079,98.0,28.01,9.69,53130.57,Growth,46.4,53.6,Winter,New Year Sale,Action-Adventure,Gen9
GTA5-113108,2025,1,1,Bangladesh,BGD,Asia,PS5,Legacy Edition,Digital,PlayStation Store,631,6127.01,9.71,35.2,73.5,26.5,164,467,17495,1462,12567,4928,12567,6256.33,17321.18,18.0,50.5,1,New Year Sale,1,4.43,11,1.56,BDT,1.108049,98.0,11.08,179.02,2417.23,Growth,60.3,39.7,Winter,New Year Sale,Action-Adventure,Gen9
GTA5-113086,2025,1,1,Belgium,BEL,Europe,Xbox Series X|S,Premium Edition,Digital,PlayStation Store,1367,8817.15,6.45,57,66.6,33.4,398,969,36016,1812,20749,15267,20749,15537.04,31861.97,13.8,29.6,1,New Year Sale,1,4.29,32,4.95,EUR,0.0000008984,98.0,38.71,12.54,50771.98,Growth,43.8,56.2,Winter,New Year Sale,Action-Adventure,Gen9
GTA5-113060,2025,1,1,Canada,CAN,North America,PS5,Standard Edition,Digital,Microsoft Store,2101,19896.47,9.47,36.8,72.8,27.2,606,1495,56390,3350,40925,15465,40925,31964.32,71673.18,18.5,43.6,1,New Year Sale,1,4.81,54,0.85,CAD,0.013012,98.0,231.61,39.91,60451.74,Growth,47.0,53.0,Winter,New Year Sale,Action-Adventure,Gen9
GTA5-113064,2025,1,1,Chile,CHL,South America,Xbox Series X|S,Standard Edition,Digital,Steam,568,5702.72,10.04,33,75.1,24.9,167,401,17272,1235,11815,5457,11815,10672.7,22647.02,16.1,31.7,1,New Year Sale,1,4.62,15,1.85,CLP,8.877117,98.0,9.57,19.38,19287.92,Growth,53.8,46.2,Winter,New Year Sale,Action-Adventure,Gen9
GTA5-113089,2025,1,1,China,CHN,Asia,PS5,Premium Edition,Digital,Steam,4189,45283.09,10.81,27.9,66.6,33.4,1278,2911,141858,10552,85818,56040,85818,83502.2,178103.82,16.1,27.6,1,New Year Sale,1,4.47,38,1.23,CNY,0.071158,98.0,4842.88,1580.44,14732.03,Growth,43.4,56.6,Winter,New Year Sale,Action-Adventure,Gen9
GTA5-113065,2025,1,1,Colombia,COL,South America,Xbox Series X|S,Criminal Enterprise Starter Pack,Digital,Microsoft Store,705,4970.25,7.05,53,71.4,28.6,182,523,17176,1356,10067,7109,10067,10673.22,25306.21,14.3,39.0,1,New Year Sale,1,4.37,14,2.18,COP,3.973608,98.0,16.91,53.59,10954.34,Growth,49.6,50.4,Winter,New Year Sale,Action-Adventure,Gen9
GTA5-113133,2025,1,1,Croatia,HRV,Europe,PS5,Legacy Edition,Digital,Microsoft Store,985,9968.2,10.12,32.5,76.7,23.3,313,672,15867,1143,11295,4572,11295,5901.86,18461.38,16.1,42.1,1,New Year Sale,1,4.55,25,5.46,EUR,0.0000008925,98.0,2.18,4.79,17814.94,Growth,45.3,54.7,Winter,New Year Sale,Action-Adventure,Gen9
GTA5-113121,2025,1,1,Czech Republic,CZE,Europe,Xbox Series X|S,Standard Edition,Digital,PlayStation Store,990,6603.3,6.67,55.5,70.6,29.4,261,729,25727,2252,17764,7963,17764,10856.4,24028.95,15.6,46.9,1,New Year Sale,1,4.55,13,3.9,CZK,0.225136,98.0,14.75,11.97,25675.44,Growth,52.9,47.1,Winter,New Year Sale,Action-Adventure,Gen9
GTA5-113156,2025,1,1,Ecuador,ECU,South America,PS5,Criminal Enterprise Starter Pack,Digital,Epic Games Store,226,2104.06,9.31,37.9,71,29,60,166,6301,523,3997,2304,3997,2059.18,5719.4,15.3,29.1,1,New Year Sale,1,4.44,4,4.81,USD,0.010043,98.0,1.42,18.24,8121.28,Growth,45.6,54.4,Winter,New Year Sale,Action-Adventure,Gen9
GTA5-113119,2025,1,1,Estonia,EST,Europe,PS5,Premium Edition,Digital,Epic Games Store,663,5237.7,7.9,47.3,73.1,26.9,180,483,15610,852,9944,5666,9944,5189.16,18952.85,13.1,44.0,1,New Year Sale,1,4.58,7,3.81,EUR,0.0000008967,98.0,0.93,1.48,24531.04,Growth,44.2,55.8,Winter,New Year Sale,Action-Adventure,Gen9
GTA5-113110,2025,1,1,Fiji,FJI,Oceania,Xbox Series X|S,Criminal Enterprise Starter Pack,Digital,Rockstar Games Launcher,146,1531.54,10.49,30,71.5,28.5,40,106,3401,173,2122,1279,2122,1782.13,4808.4,13.5,40.4,1,New Year Sale,1,4.63,3,4.42,FJD,0.022123,98.0,0.04,1.03,6159.43,Growth,43.8,56.2,Winter,New Year Sale,Action-Adventure,Gen9
GTA5-113079,2025,1,1,Finland,FIN,Europe,Xbox Series X|S,Standard Edition,Digital,Rockstar Games Launcher,1029,10763.34,10.46,30.2,72,28,282,747,31898,2126,23771,8127,23771,8900.21,25973.54,17.1,41.8,1,New Year Sale,1,4.28,11,3.46,EUR,0.0000008895,98.0,17.31,6.16,54875.39,Growth,45.8,54.2,Winter,New Year Sale,Action-Adventure,Gen9
GTA5-113071,2025,1,1,France,FRA,Europe,PS5,Premium Edition,Digital,Epic Games Store,4128,36491.52,8.84,41,71.1,28.9,1230,2898,92922,5226,68452,24470,68452,27668.75,71242.28,16.5,42.2,1,New Year Sale,1,4.5,65,3.9,EUR,0.0000009038,98.0,575.97,75.26,49824.75,Growth,40.5,59.5,Winter,New Year Sale,Action-Adventure,Gen9
GTA5-113158,2025,1,1,Germany,DEU,Europe,PS5,Standard Edition,Digital,Steam,3809,24682.32,6.48,56.8,75,25,1017,2792,160894,8222,114863,46031,114863,48570.92,156349.72,18.1,63.8,1,New Year Sale,1,4.54,109,5.19,EUR,0.0000009046,98.0,972.74,92.36,54854.26,Growth,41.3,58.7,Winter,New Year Sale,Action-Adventure,Gen9
GTA5-113070,2025,1,1,Germany,DEU,Europe,Xbox Series X|S,Premium Edition,Digital,Microsoft Store,4003,29061.78,7.26,51.6,71.3,28.7,1184,2819,95880,7044,62183,33697,62183,67494.63,142220.19,16.6,59.6,1,New Year Sale,1,4.61,91,3.83,EUR,0.0000008895,98.0,966.11,92.36,54480.69,Growth,51.6,48.4,Winter,New Year Sale,Action-Adventure,Gen9
GTA5-113102,2025,1,1,Ghana,GHA,Africa,PS5,Standard Edition,Digital,Microsoft Store,401,3007.5,7.5,50,71.6,28.4,125,276,12608,830,7467,5141,7467,4426.86,12755.88,15.1,47.5,1,New Year Sale,1,4.48,10,4.88,GHS,0.118589,98.0,1.76,29.65,3090.57,Growth,43.0,57.0,Winter,New Year Sale,Action-Adventure,Gen9
GTA5-113092,2025,1,1,Indonesia,IDN,Asia,PS5,Premium Edition,Digital,Steam,1980,15285.6,7.72,48.5,74,26,580,1400,39695,2077,22812,16883,22812,15081.38,42408.68,15.9,49.8,1,New Year Sale,1,4.52,17,2.53,IDR,155.779828,98.0,121.03,285.07,6030.96,Growth,51.1,48.9,Winter,New Year Sale,Action-Adventure,Gen9
GTA5-113137,2025,1,1,Iraq,IRQ,Asia,Xbox Series X|S,Legacy Edition,Digital,Microsoft Store,278,2087.78,7.51,49.9,72.9,27.1,76,202,10884,776,6879,4005,6879,7324.03,17341.69,13.7,31.4,1,New Year Sale,1,4.61,3,2.08,IQD,1.310735,98.0,5.6,38.77,7518.65,Growth,49.9,50.1,Winter,New Year Sale,Action-Adventure,Gen9
GTA5-113099,2025,1,1,Ireland,IRL,Europe,PS5,Legacy Edition,Digital,Microsoft Store,982,5931.28,6.04,59.7,76.7,23.3,254,728,35603,1852,20147,15456,20147,9155.05,35516.18,15.5,55.3,1,New Year Sale,1,4.47,23,2.9,EUR,0.0000009077,98.0,14.18,5.25,56257.61,Growth,41.8,58.2,Winter,New Year Sale,Action-Adventure,Gen9
GTA5-113146,2025,1,1,Kenya,KEN,Africa,PS5,Standard Edition,Digital,PlayStation Store,694,6419.5,9.25,38.3,74.4,25.6,189,505,17023,871,11772,5251,11772,6396.38,19349.22,18.6,52.6,1,New Year Sale,1,4.61,13,2.01,KES,1.273866,98.0,3.37,50.17,2620.24,Growth,45.8,54.2,Winter,New Year Sale,Action-Adventure,Gen9
GTA5-113135,2025,1,1,Kuwait,KWT,Asia,Xbox Series X|S,Standard Edition,Digital,Steam,651,3639.09,5.59,62.7,77.2,22.8,184,467,17216,1511,9991,7225,9991,3253.85,12572.54,14.2,36.2,1,New Year Sale,1,4.44,18,4.85,KWD,0.0000003098,98.0,6.7,3.88,53960.13,Growth,44.2,55.8,Winter,New Year Sale,Action-Adventure,Gen9
GTA5-113117,2025,1,1,Lebanon,LBN,Asia,Xbox Series X|S,Premium Edition,Digital,PlayStation Store,277,1914.07,6.91,53.9,75.3,24.7,68,209,7177,564,4447,2730,4447,5176.29,10794.82,14.3,52.5,1,New Year Sale,1,4.61,3,2.9,LBP,899.632449,98.0,1.14,6.73,10543.94,Growth,48.8,51.2,Winter,New Year Sale,Action-Adventure,Gen9
GTA5-113098,2025,1,1,Lithuania,LTU,Europe,PS5,Standard Edition,Digital,Microsoft Store,673,4650.43,6.91,53.9,73.6,26.4,167,506,13938,739,10323,3615,10323,7088.74,15012.24,16.6,46.8,1,New Year Sale,1,4.64,10,6.42,EUR,0.0000008979,98.0,1.78,3.31,21007.3,Growth,55.1,44.9,Winter,New Year Sale,Action-Adventure,Gen9
GTA5-113114,2025,1,1,New Zealand,NZL,Oceania,Xbox Series X|S,Premium Edition,Digital,PlayStation Store,1147,8063.41,7.03,53.1,68.5,31.5,302,845,30936,2054,19943,10993,19943,13845.29,34940.24,18.7,54.2,1,New Year Sale,1,4.42,19,4.51,NZD,0.016444,98.0,13.95,5.02,48258.67,Growth,40.1,59.9,Winter,New Year Sale,Action-Adventure,Gen9
GTA5-113096,2025,1,1,Pakistan,PAK,Asia,PS5,Legacy Edition,Digital,Steam,701,6554.35,9.35,37.6,76.7,23.3,198,503,27085,2159,15050,12035,15050,7419.28,24747.83,16.2,48.9,1,New Year Sale,1,4.68,11,6.49,PKR,2.787287,98.0,15.75,207.53,2372.28,Growth,49.4,50.6,Winter,New Year Sale,Action-Adventure,Gen9
GTA5-113127,2025,1,1,Philippines,PHL,Asia,Xbox Series X|S,Standard Edition,Digital,Steam,826,8070.02,9.77,34.8,76.1,23.9,231,595,36191,2835,23271,12920,23271,10848.1,28284.88,13.8,33.8,1,New Year Sale,1,4.53,9,4.27,PHP,0.554652,98.0,29.54,111.75,4588.87,Growth,52.5,47.5,Winter,New Year Sale,Action-Adventure,Gen9
GTA5-113116,2025,1,1,Qatar,QAT,Asia,PS5,Premium Edition,Digital,Epic Games Store,918,7894.8,8.6,42.6,71.3,28.7,265,653,30674,1831,22097,8577,22097,10089.43,28860.94,18.3,52.5,1,New Year Sale,1,4.58,21,2.76,QAR,0.037212,98.0,9.24,2.51,95885.12,Growth,51.4,48.6,Winter,New Year Sale,Action-Adventure,Gen9
GTA5-113144,2025,1,1,Romania,ROU,Europe,Xbox Series X|S,Standard Edition,Digital,Microsoft Store,1115,8195.25,7.35,51,69,31,278,837,21120,1263,12587,8533,12587,12462.78,26432.38,17.5,44.4,1,New Year Sale,1,4.22,32,5.52,RON,0.044558,98.0,14.71,22.24,15904.04,Growth,50.3,49.7,Winter,New Year Sale,Action-Adventure,Gen9
GTA5-113107,2025,1,1,Russia,RUS,Europe,Xbox Series X|S,Standard Edition,Digital,Rockstar Games Launcher,1531,15355.93,10.03,33.1,77.4,22.6,407,1124,44042,2217,27823,16219,27823,12085.91,28965.21,14.6,31.4,1,New Year Sale,1,4.27,30,3.44,RUB,0.888207,98.0,282.87,164.2,17945.24,Growth,42.8,57.2,Winter,New Year Sale,Action-Adventure,Gen9
GTA5-113106,2025,1,1,Saudi Arabia,SAU,Asia,Xbox Series X|S,Standard Edition,Digital,Epic Games Store,2010,13647.9,6.79,54.7,69.8,30.2,575,1435,39881,3216,25814,14067,25814,29892.68,61307.64,14.9,31.7,1,New Year Sale,1,4.69,19,1.99,SAR,0.037378,98.0,71.92,34.21,27373.66,Growth,50.9,49.1,Winter,New Year Sale,Action-Adventure,Gen9
GTA5-113097,2025,1,1,Singapore,SGP,Asia,Xbox Series X|S,Standard Edition,Digital,Microsoft Store,1156,7779.88,6.73,55.1,68,32,329,827,35038,2380,21589,13449,21589,23640.95,50508.48,16.5,34.5,1,New Year Sale,1,4.72,17,2.39,SGD,0.013429,98.0,23.87,6.16,60545.76,Growth,43.8,56.2,Winter,New Year Sale,Action-Adventure,Gen9
GTA5-113085,2025,1,1,South Korea,KOR,Asia,PS5,Standard Edition,Digital,Steam,2572,18209.76,7.08,52.8,72.5,27.5,723,1849,90357,5682,57226,33131,57226,52376.36,118398.4,17.1,45.3,1,New Year Sale,1,4.4,48,4.55,KRW,13.422147,98.0,265.26,58.15,35637.35,Growth,51.3,48.7,Winter,New Year Sale,Action-Adventure,Gen9
GTA5-113125,2025,1,1,Sri Lanka,LKA,Asia,Xbox Series X|S,Premium Edition,Digital,Steam,310,3103.1,10.01,33.2,77.3,22.7,97,213,6401,543,3618,2783,3618,2990.51,8811.45,12.1,35.6,1,New Year Sale,1,4.79,7,2.54,LKR,3.215461,98.0,1.78,23.95,4647.42,Growth,51.7,48.3,Winter,New Year Sale,Action-Adventure,Gen9
GTA5-113088,2025,1,1,Turkey,TUR,Europe,PS5,Legacy Edition,Digital,Epic Games Store,1621,12416.86,7.66,48.9,67.4,32.6,406,1215,48036,3493,28324,19712,28324,13523.42,32077.75,14.5,38.8,1,New Year Sale,1,4.69,31,4.18,TRY,0.270842,98.0,81.62,86.66,14715.88,Growth,42.9,57.1,Winter,New Year Sale,Action-Adventure,Gen9
GTA5-113120,2025,1,1,Ukraine,UKR,Europe,PS5,Premium Edition,Digital,Epic Games Store,635,4940.3,7.78,48.1,73.6,26.4,188,447,19197,1639,13815,5382,13815,4770.09,15946.37,15.3,38.5,1,New Year Sale,1,4.54,13,3.16,UAH,0.387568,98.0,9.43,51.31,5742.87,Growth,49.2,50.8,Winter,New Year Sale,Action-Adventure,Gen9
GTA5-113095,2025,1,1,United Arab Emirates,ARE,Asia,PS5,Premium Edition,Digital,Epic Games Store,1868,15149.48,8.11,45.9,69.5,30.5,499,1369,47661,3931,26925,20736,26925,14113.69,35264.21,15.4,62.3,1,New Year Sale,1,4.63,30,3.91,AED,0.036647,98.0,34.23,10.49,46350.78,Growth,45.0,55.0,Winter,New Year Sale,Action-Adventure,Gen9
GTA5-113069,2025,1,1,United Kingdom,GBR,Europe,PS5,Legacy Edition,Digital,Microsoft Store,4772,36744.4,7.7,48.6,74.4,25.6,1217,3555,124760,8368,80296,44464,80296,47021.42,100513.35,14.4,51.4,1,New Year Sale,1,4.43,62,2.76,GBP,0.0000007768,98.0,625.42,72.98,48691.93,Growth,44.8,55.2,Winter,New Year Sale,Action-Adventure,Gen9
GTA5-113157,2025,1,1,United Kingdom,GBR,Europe,PS5,Legacy Edition,Digital,PlayStation Store,4634,35079.38,7.57,49.5,70.6,29.4,1232,3402,136996,9659,92998,43998,92998,70497.25,225289.67,14.7,45.9,1,New Year Sale,1,4.38,58,4.29,GBP,0.0000007845,98.0,629.19,72.98,48985.23,Growth,50.8,49.2,Winter,New Year Sale,Action-Adventure,Gen9
GTA5-113067,2025,1,1,Uruguay,URY,South America,Xbox Series X|S,Standard Edition,Digital,Epic Games Store,194,1546.18,7.97,46.8,74.4,25.6,58,136,6063,419,4449,1614,4449,3225.99,7121.71,14.8,50.2,1,New Year Sale,1,4.59,5,2.03,UYU,0.397878,98.0,0.76,3.88,20315.89,Growth,47.9,52.1,Winter,New Year Sale,Action-Adventure,Gen9
GTA5-113185,2025,2,1,Algeria,DZA,Africa,PS5,Standard Edition,Digital,PlayStation Store,232,3101.84,13.37,10.8,78.3,21.7,68,164,12084,1081,8971,3113,8971,4324.05,10283.64,19.1,57.9,0,None,0,4.34,6,6.11,DZD,1.360986,98.0,6.46,43.37,6654.21,Growth,47.6,52.4,Winter,None,Action-Adventure,Gen9
GTA5-113200,2025,2,1,Armenia,ARM,Asia,PS5,Standard Edition,Digital,Steam,136,1500.08,11.03,26.4,73.2,26.8,36,100,10658,814,6350,4308,6350,3708.82,7781.78,12.1,40.7,0,None,0,4.46,3,1.7,AMD,4.158614,98.0,0.26,3.31,6020.79,Growth,46.1,53.9,Winter,None,Action-Adventure,Gen9
GTA5-113220,2025,2,1,Austria,AUT,Europe,PS5,Premium Edition,Digital,Microsoft Store,402,5109.42,12.71,15.2,73.5,26.5,104,298,47062,3261,29038,18024,29038,12744.18,35451.88,14.4,26.7,0,None,0,4.26,8,4.04,EUR,0.0000008991,98.0,28.48,9.7,53978.54,Growth,45.4,54.6,Winter,None,Action-Adventure,Gen9
GTA5-113189,2025,2,1,Belgium,BEL,Europe,Xbox Series X|S,Standard Edition,Digital,Microsoft Store,439,6009.91,13.69,8.7,80,20,133,306,40093,2702,22464,17629,22464,7248.07,22165.89,16.3,51.7,0,None,0,4.45,11,4.1,EUR,0.0000008933,98.0,39.23,12.55,51406.55,Growth,44.1,55.9,Winter,None,Action-Adventure,Gen9
GTA5-113165,2025,2,1,Colombia,COL,South America,PS5,Standard Edition,Digital,Rockstar Games Launcher,299,3842.15,12.85,14.3,76.5,23.5,89,210,14925,1289,9233,5692,9233,4611.91,10409.64,12.7,22.6,0,None,0,4.53,7,2.33,COP,39.952181,98.0,17.11,53.64,11074.71,Growth,40.8,59.2,Winter,None,Action-Adventure,Gen9
GTA5-113219,2025,2,1,Cyprus,CYP,Europe,Xbox Series X|S,Premium Edition,Digital,PlayStation Store,128,1711.36,13.37,10.8,72,28,32,96,8037,674,5262,2775,5262,3519.82,9460.59,16.9,44.5,0,None,0,4.56,3,2.58,EUR,0.0000009118,98.0,0.49,0.98,31525.07,Growth,38.2,61.8,Winter,None,Action-Adventure,Gen9
GTA5-113187,2025,2,1,Czech Republic,CZE,Europe,Xbox Series X|S,Standard Edition,Digital,Microsoft Store,384,5756.16,14.99,0,73.9,26.1,110,274,27481,2458,15618,11863,15618,6023.95,14272.01,13.9,51.8,0,None,0,4.73,3,4.46,CZK,0.224803,98.0,15.04,11.98,26147.35,Growth,51.2,48.8,Winter,None,Action-Adventure,Gen9
GTA5-113193,2025,2,1,Ethiopia,ETH,Africa,PS5,Standard Edition,Digital,Epic Games Store,179,2205.28,12.32,17.8,71.5,28.5,48,131,9148,750,6446,2702,6446,2119.82,6576.43,17.1,43.5,0,None,0,4.6,3,3.68,ETB,0.557183,98.0,2.14,109.57,1527.22,Growth,44.5,55.5,Winter,None,Action-Adventure,Gen9
GTA5-113171,2025,2,1,France,FRA,Europe,Xbox Series X|S,Legacy Edition,Digital,Steam,928,12156.8,13.1,12.6,73.4,26.6,258,670,100579,5484,64291,36288,64291,17164.41,67153.12,15.3,53.1,0,None,0,4.45,17,2.34,EUR,0.0000008937,98.0,568.29,75.33,49114.91,Growth,45.3,54.7,Winter,None,Action-Adventure,Gen9
GTA5-113170,2025,2,1,Germany,DEU,Europe,PS5,Criminal Enterprise Starter Pack,Digital,PlayStation Store,2300,28543,12.41,17.2,65.4,34.6,696,1604,125677,8085,80823,44854,80823,70620.17,155862.4,18.4,45.2,0,None,0,4.53,27,3.19,EUR,0.000000898,98.0,967.45,92.45,54503.22,Growth,39.4,60.6,Winter,None,Action-Adventure,Gen9
GTA5-113224,2025,2,1,Ghana,GHA,Africa,PS5,Premium Edition,Digital,PlayStation Store,143,1671.67,11.69,22,66.7,33.3,43,100,13747,879,9570,4177,9570,6060.43,12968.13,16.7,54.4,0,None,0,4.47,3,3.13,GHS,0.117123,98.0,1.77,29.67,3099.3,Growth,35.4,64.6,Winter,None,Action-Adventure,Gen9
GTA5-113233,2025,2,1,Greece,GRC,Europe,PS5,Legacy Edition,Digital,Epic Games Store,639,8383.68,13.12,12.5,73.1,26.9,159,480,23116,1739,16601,6515,16601,9551.21,31880.2,16.6,50.6,0,None,0,4.58,14,3.16,EUR,0.0000009189,98.0,10.93,12.55,24731.52,Growth,47.8,52.2,Winter,None,Action-Adventure,Gen9
GTA5-113211,2025,2,1,Hong Kong,HKG,Asia,Xbox Series X|S,Premium Edition,Digital,Steam,822,12099.84,14.72,1.8,68.3,31.7,254,568,48117,3600,29016,19101,29016,16321.22,58834.67,15.1,43.6,0,None,0,4.46,9,3.45,HKD,0.080025,98.0,27.08,8.22,42902.86,Growth,40.8,59.2,Winter,None,Action-Adventure,Gen9
GTA5-113245,2025,2,1,India,IND,Asia,PS5,Standard Edition,Digital,Epic Games Store,939,13822.08,14.72,1.8,69.4,30.6,285,654,60161,3957,38101,22060,38101,25408.05,65845.01,15.4,45.0,0,None,0,4.26,11,6.61,INR,0.083766,98.0,488.52,1428.94,3052.49,Growth,50.6,49.4,Winter,None,Action-Adventure,Gen9
GTA5-113201,2025,2,1,Israel,ISR,Asia,Xbox Series X|S,Standard Edition,Digital,Epic Games Store,385,4916.45,12.77,14.8,68.5,31.5,112,273,31922,2405,17820,14102,17820,7082.37,24520.19,15.3,52.4,0,None,0,4.49,7,3.86,ILS,0.036913,98.0,22.01,9.24,41352.53,Growth,41.3,58.7,Winter,None,Action-Adventure,Gen9
GTA5-113213,2025,2,1,Latvia,LVA,Europe,Xbox Series X|S,Criminal Enterprise Starter Pack,Digital,Epic Games Store,170,2067.2,12.16,18.9,65.6,34.4,46,124,12610,1115,9082,3528,9082,3788.47,13581.5,16.6,49.6,0,None,0,4.62,4,3.13,EUR,0.0000008986,98.0,1.03,2.28,20166.66,Growth,46.7,53.3,Winter,None,Action-Adventure,Gen9
GTA5-113217,2025,2,1,Lebanon,LBN,Asia,PS5,Legacy Edition,Digital,PlayStation Store,115,1613.45,14.03,6.4,72.1,27.9,31,84,10109,851,5572,4537,5572,3525.44,9570.98,15.7,47.4,0,None,0,4.2,3,3.11,LBP,902.769267,98.0,1.13,6.73,10508.63,Growth,47.4,52.6,Winter,None,Action-Adventure,Gen9
GTA5-113234,2025,2,1,Lithuania,LTU,Europe,PS5,Criminal Enterprise Starter Pack,Digital,Microsoft Store,249,3192.18,12.82,14.5,76.2,23.8,71,178,15736,1174,10312,5424,10312,8928.86,21496.32,15.9,51.6,0,None,0,4.5,6,2.88,EUR,0.0000008993,98.0,1.81,3.31,21317.87,Growth,45.9,54.1,Winter,None,Action-Adventure,Gen9
GTA5-113161,2025,2,1,Mexico,MEX,North America,PS5,Standard Edition,Digital,Steam,657,8784.09,13.37,10.8,75.1,24.9,203,454,50746,2728,34356,16390,34356,22356.56,76415.28,17.6,48.7,0,None,0,4.65,13,4.19,MXN,0.185173,98.0,148.54,139.24,15153.48,Growth,36.4,63.6,Winter,None,Action-Adventure,Gen9
GTA5-113190,2025,2,1,Morocco,MAR,Africa,Xbox Series X|S,Premium Edition,Digital,Rockstar Games Launcher,230,2921,12.7,15.3,71.7,28.3,59,171,16709,1436,11609,5100,11609,9748.34,24550.85,15.9,36.0,0,None,0,4.54,3,3.25,MAD,0.102109,98.0,5.34,37.66,4927.19,Growth,53.7,46.3,Winter,None,Action-Adventure,Gen9
GTA5-113241,2025,2,1,New Zealand,NZL,Oceania,Xbox Series X|S,Standard Edition,Digital,Epic Games Store,391,5118.19,13.09,12.7,73.7,26.3,119,272,27186,1725,15221,11965,15221,6719.9,21160.08,15.4,27.7,0,None,0,4.45,11,0.77,NZD,0.016577,98.0,13.59,5.02,46987.09,Growth,38.3,61.7,Winter,None,Action-Adventure,Gen9
GTA5-113177,2025,2,1,Norway,NOR,Europe,PS5,Standard Edition,Digital,Microsoft Store,747,9247.86,12.38,17.4,69.8,30.2,227,520,37781,2277,22018,15763,22018,14015.11,48497.73,13.6,48.2,0,None,0,4.47,7,4.81,NOK,0.105151,98.0,35.93,5.82,107169.27,Growth,46.4,53.6,Winter,None,Action-Adventure,Gen9
GTA5-113237,2025,2,1,Pakistan,PAK,Asia,Xbox Series X|S,Standard Edition,Digital,Epic Games Store,282,3598.32,12.76,14.9,73,27,82,200,16843,1258,10607,6236,10607,9564.65,21505.74,17.0,59.8,0,None,0,4.46,3,4.94,PKR,2.776875,98.0,16.09,207.72,2420.0,Growth,43.1,56.9,Winter,None,Action-Adventure,Gen9
GTA5-113166,2025,2,1,Peru,PER,South America,Xbox Series X|S,Premium Edition,Digital,Epic Games Store,130,1667.9,12.83,14.4,71.3,28.7,32,98,10515,922,5866,4649,5866,3207.01,8781.05,13.9,45.3,0,None,0,4.72,3,2.42,PEN,0.036572,98.0,6.35,34.24,9660.39,Growth,44.0,56.0,Winter,None,Action-Adventure,Gen9
GTA5-113240,2025,2,1,Philippines,PHL,Asia,Xbox Series X|S,Standard Edition,Digital,Epic Games Store,384,5272.32,13.73,8.4,69.6,30.4,121,263,28820,1580,21222,7598,21222,11777.41,46535.92,18.4,43.6,0,None,0,4.7,10,2.56,PHP,0.055706,98.0,29.6,111.85,4594.2,Growth,40.1,59.9,Winter,None,Action-Adventure,Gen9
GTA5-113195,2025,2,1,Russia,RUS,Europe,Xbox Series X|S,Premium Edition,Digital,Microsoft Store,692,8442.4,12.2,18.6,69.4,30.6,209,483,44531,2476,30644,13887,30644,12621.83,43900.73,17.6,55.2,0,None,0,4.59,8,7.13,RUB,0.901688,98.0,281.27,164.35,17826.96,Growth,53.8,46.2,Winter,None,Action-Adventure,Gen9
GTA5-113206,2025,2,1,Singapore,SGP,Asia,PS5,Premium Edition,Digital,Microsoft Store,870,11753.7,13.51,9.9,69.6,30.4,226,644,38961,2956,24392,14569,24392,25075.71,50214.58,16.0,45.6,0,None,0,4.77,10,0.75,SGD,0.013248,98.0,24.07,6.16,61056.18,Growth,38.5,61.5,Winter,None,Action-Adventure,Gen9
GTA5-113181,2025,2,1,Slovakia,SVK,Europe,Xbox Series X|S,Standard Edition,Digital,Epic Games Store,189,2445.66,12.94,13.7,62.7,37.3,54,135,16662,1079,12348,4314,12348,11224.96,27659.01,14.2,46.9,0,None,0,4.5,4,2.98,EUR,0.0000009035,98.0,3.69,6.16,23402.5,Growth,47.8,52.2,Winter,None,Action-Adventure,Gen9
GTA5-113228,2025,2,1,Slovenia,SVN,Europe,PS5,Premium Edition,Digital,Microsoft Store,288,4317.12,14.99,0,71.6,28.4,83,205,19609,1522,13673,5936,13673,6613.55,21742.38,16.9,49.3,0,None,0,4.44,5,3.9,EUR,0.0000009061,98.0,1.93,2.4,27967.51,Growth,40.1,59.9,Winter,None,Action-Adventure,Gen9
GTA5-113180,2025,2,1,Switzerland,CHE,Europe,PS5,Standard Edition,Digital,Rockstar Games Launcher,759,10899.24,14.36,4.2,74.1,25.9,207,552,50028,2580,36215,13813,36215,34404.02,78888.87,17.5,51.6,0,None,0,4.32,15,4.68,CHF,0.0000008848,98.0,53.69,9.24,90796.69,Growth,50.5,49.5,Winter,None,Action-Adventure,Gen9
GTA5-113236,2025,2,1,Taiwan,TWN,Asia,PS5,Legacy Edition,Digital,Rockstar Games Launcher,624,9122.88,14.62,2.5,73.7,26.3,189,435,56826,4674,35645,21181,35645,21660.3,61905.8,12.7,36.0,0,None,0,4.61,10,6.32,TWD,0.316239,98.0,61.66,26.25,26215.2,Growth,50.9,49.1,Winter,None,Action-Adventure,Gen9
GTA5-113203,2025,2,1,Tunisia,TUN,Africa,PS5,Premium Edition,Digital,PlayStation Store,158,2178.82,13.79,8,72.8,27.2,45,113,11599,611,8584,3015,8584,5348.65,13756.69,14.8,54.6,0,None,0,4.71,4,1.78,TND,0.030729,98.0,1.1,12.55,5480.45,Growth,52.9,47.1,Winter,None,Action-Adventure,Gen9
GTA5-113243,2025,2,1,Turkey,TUR,Europe,PS5,Standard Edition,Digital,PlayStation Store,428,6287.32,14.69,2,66.2,33.8,120,308,41438,2527,27825,13613,27825,14742.52,33830.45,14.3,41.9,0,None,0,4.4,8,4.8,TRY,0.273428,98.0,81.18,86.74,14622.85,Growth,40.9,59.1,Winter,None,Action-Adventure,Gen9
GTA5-113194,2025,2,1,Ukraine,UKR,Europe,PS5,Standard Edition,Digital,Epic Games Store,282,3928.26,13.93,7.1,67.8,32.2,86,196,16236,873,11614,4622,11614,5108.34,15870.72,15.6,52.7,0,None,0,4.23,6,3.07,UAH,0.375541,98.0,9.39,51.36,5715.36,Growth,45.7,54.3,Winter,None,Action-Adventure,Gen9
GTA5-113159,2025,2,1,United States,USA,North America,Xbox Series X|S,Legacy Edition,Digital,Rockstar Games Launcher,3441,42668.4,12.4,17.3,72.7,27.3,1080,2361,145940,11706,87871,58069,87871,53848.82,126607.3,17.6,49.6,0,None,0,4.53,47,4.35,USD,0.010224,98.0,7364.16,360.66,63808.04,Growth,35.5,64.5,Winter,None,Action-Adventure,Gen9
GTA5-113289,2025,3,1,Algeria,DZA,Africa,Xbox Series X|S,Premium Edition,Digital,Rockstar Games Launcher,299,2688.01,8.99,40,66.9,33.1,89,210,11599,1009,7879,3720,7879,5057.11,14183.65,15.8,29.8,0,PlayStation Sale,1,4.7,3,5.19,DZD,1.339739,98.0,6.57,43.41,6761.29,Growth,48.2,51.8,Spring,PlayStation Sale,Action-Adventure,Gen9
GTA5-113300,2025,3,1,Azerbaijan,AZE,Asia,PS5,Standard Edition,Digital,Microsoft Store,270,2481.3,9.19,38.7,72.9,27.1,68,202,13882,915,8800,5082,8800,9676.43,20388.85,15.2,53.1,0,PlayStation Sale,1,4.57,6,5.08,AZN,0.016921,98.0,2.0,10.85,9620.8,Growth,52.5,47.5,Spring,PlayStation Sale,Action-Adventure,Gen9
GTA5-113250,2025,3,1,Brazil,BRA,South America,Xbox Series X|S,Legacy Edition,Digital,Rockstar Games Launcher,1135,9965.3,8.78,41.4,66.8,33.2,352,783,47401,2448,27968,19433,27968,21603.88,69292.9,15.9,62.8,0,PlayStation Sale,1,4.68,33,3.02,BRL,0.050772,98.0,296.63,229.62,14417.62,Growth,42.3,57.7,Spring,PlayStation Sale,Action-Adventure,Gen9
GTA5-113336,2025,3,1,Canada,CAN,North America,PS5,Standard Edition,Digital,Epic Games Store,1041,10004.01,9.61,35.9,76.8,23.2,254,787,61616,3910,35520,26096,35520,32548.47,74461.1,14.6,51.3,0,PlayStation Sale,1,4.54,14,3.65,CAD,0.013027,98.0,231.21,39.98,60241.02,Growth,39.5,60.5,Spring,PlayStation Sale,Action-Adventure,Gen9
GTA5-113252,2025,3,1,Chile,CHL,South America,PS5,Premium Edition,Digital,Microsoft Store,320,2873.6,8.98,40.1,71.9,28.1,96,224,17170,873,10459,6711,10459,10898.45,22437.53,15.9,44.0,0,PlayStation Sale,1,4.64,9,3.45,CLP,9.013903,98.0,9.69,19.42,19482.4,Growth,48.8,51.2,Spring,PlayStation Sale,Action-Adventure,Gen9
GTA5-113323,2025,3,1,Croatia,HRV,Europe,PS5,Standard Edition,Digital,PlayStation Store,408,2545.92,6.24,58.4,71.8,28.2,120,288,16998,1351,10426,6572,10426,6437.99,13841.04,13.3,43.2,0,PlayStation Sale,1,4.61,9,6.76,EUR,0.0000009029,98.0,2.19,4.8,17862.86,Growth,45.6,54.4,Spring,PlayStation Sale,Action-Adventure,Gen9
GTA5-113287,2025,3,1,Cyprus,CYP,Europe,Xbox Series X|S,Legacy Edition,Digital,Rockstar Games Launcher,229,1417.51,6.19,58.7,73.4,26.6,68,161,6608,464,4683,1925,4683,2513.04,6538.76,15.6,23.8,0,PlayStation Sale,1,4.44,5,5.2,EUR,0.0000008888,98.0,0.48,0.98,30866.67,Growth,46.8,53.2,Spring,PlayStation Sale,Action-Adventure,Gen9
GTA5-113256,2025,3,1,Ecuador,ECU,South America,PS5,Standard Edition,Digital,Steam,160,1190.4,7.44,50.4,68.3,31.7,40,120,8373,687,5769,2604,5769,4391.97,10559.02,15.6,50.8,0,PlayStation Sale,1,4.59,3,3.26,USD,0.010046,98.0,1.43,18.28,8126.3,Growth,38.8,61.2,Spring,PlayStation Sale,Action-Adventure,Gen9
GTA5-113344,2025,3,1,Ecuador,ECU,South America,Xbox Series X|S,Premium Edition,Digital,Rockstar Games Launcher,120,829.2,6.91,53.9,76.7,23.3,29,91,6777,346,4225,2552,4225,3905.26,9510.03,15.8,59.7,0,PlayStation Sale,1,4.48,3,6.88,USD,0.010061,98.0,1.44,18.28,8212.22,Growth,47.8,52.2,Spring,PlayStation Sale,Action-Adventure,Gen9
GTA5-113285,2025,3,1,Egypt,EGY,Africa,Xbox Series X|S,Standard Edition,Digital,Microsoft Store,856,7181.84,8.39,44,70.5,29.5,229,627,25663,2184,18843,6820,18843,12501.57,40129.18,15.0,48.4,0,PlayStation Sale,1,4.81,15,2.4,EGP,0.312058,98.0,20.82,103.96,4813.57,Growth,45.5,54.5,Spring,PlayStation Sale,Action-Adventure,Gen9
GTA5-113279,2025,3,1,Estonia,EST,Europe,Xbox Series X|S,Criminal Enterprise Starter Pack,Digital,Rockstar Games Launcher,390,3233.1,8.29,44.7,72.8,27.2,112,278,13625,1027,9752,3873,9752,6417.76,13720.38,17.6,38.5,0,PlayStation Sale,1,4.61,8,3.56,EUR,0.0000008911,98.0,0.92,1.49,24237.54,Growth,58.3,41.7,Spring,PlayStation Sale,Action-Adventure,Gen9
GTA5-113267,2025,3,1,Finland,FIN,Europe,PS5,Standard Edition,Digital,Rockstar Games Launcher,921,7773.24,8.44,43.7,65.8,34.2,228,693,27066,1782,15061,12005,15061,8610.39,23061.71,13.1,52.9,0,PlayStation Sale,1,4.91,15,1.13,EUR,0.0000009057,98.0,17.57,6.17,55608.16,Growth,45.2,54.8,Spring,PlayStation Sale,Action-Adventure,Gen9
GTA5-113259,2025,3,1,France,FRA,Europe,PS5,Premium Edition,Digital,Rockstar Games Launcher,1959,14888.4,7.6,49.3,73.5,26.5,559,1400,101987,6742,66872,35115,66872,27104.88,92476.11,15.1,43.1,0,PlayStation Sale,1,4.51,18,2.58,EUR,0.0000009141,98.0,586.11,75.4,50607.9,Growth,50.3,49.7,Spring,PlayStation Sale,Action-Adventure,Gen9
GTA5-113288,2025,3,1,Greece,GRC,Europe,PS5,Premium Edition,Digital,PlayStation Store,495,3271.95,6.61,55.9,73.5,26.5,146,349,22517,1603,16458,6059,16458,4843.44,17815.44,16.3,47.8,0,PlayStation Sale,1,4.76,11,5.76,EUR,0.0000009075,98.0,10.89,12.57,24613.67,Growth,38.6,61.4,Spring,PlayStation Sale,Action-Adventure,Gen9
GTA5-113277,2025,3,1,Iceland,ISL,Europe,PS5,Standard Edition,Digital,Microsoft Store,301,2299.64,7.64,49,68.6,31.4,89,212,12550,1080,9227,3323,9227,5674.97,16319.85,18.3,42.5,0,PlayStation Sale,1,4.6,8,7.04,ISK,1.372608,98.0,0.43,0.38,58304.86,Growth,53.0,47.0,Spring,PlayStation Sale,Action-Adventure,Gen9
GTA5-113270,2025,3,1,Iraq,IRQ,Asia,PS5,Standard Edition,Digital,Steam,287,3059.42,10.66,28.9,80.6,19.4,70,217,13131,705,9307,3824,9307,10634.42,22924.57,14.3,52.7,0,PlayStation Sale,1,4.45,5,5.11,IQD,13.070769,98.0,5.66,38.84,7595.01,Growth,42.0,58.0,Spring,PlayStation Sale,Action-Adventure,Gen9
GTA5-113315,2025,3,1,Ireland,IRL,Europe,Xbox Series X|S,Standard Edition,Digital,PlayStation Store,714,6797.28,9.52,36.5,76.1,23.9,206,508,23115,1953,16171,6944,16171,17007.43,34020.72,16.4,40.6,0,PlayStation Sale,1,4.66,13,2.16,EUR,0.0000008937,98.0,14.06,5.25,55788.03,Growth,46.0,54.0,Spring,PlayStation Sale,Action-Adventure,Gen9
GTA5-113260,2025,3,1,Italy,ITA,Europe,PS5,Standard Edition,Digital,Rockstar Games Launcher,1566,13123.08,8.38,44.1,68.9,31.1,426,1140,69903,4327,43469,26434,43469,27974.98,109695.51,14.6,43.8,0,PlayStation Sale,1,4.66,33,5.95,EUR,0.0000009082,98.0,312.45,68.54,40701.92,Growth,45.8,54.2,Spring,PlayStation Sale,Action-Adventure,Gen9
GTA5-113316,2025,3,1,Kenya,KEN,Africa,PS5,Premium Edition,Digital,Rockstar Games Launcher,310,2532.7,8.17,45.5,72.8,27.2,89,221,19331,1379,14456,4875,14456,8511.72,33570.52,17.0,38.8,0,PlayStation Sale,1,4.2,5,2.21,KES,1.305853,98.0,3.41,50.26,2652.2,Growth,50.5,49.5,Spring,PlayStation Sale,Action-Adventure,Gen9
GTA5-113301,2025,3,1,Lebanon,LBN,Asia,PS5,Standard Edition,Digital,Steam,243,1752.03,7.21,51.9,78,22,67,176,7398,538,5449,1949,5449,3388.63,11456.19,13.2,44.1,0,PlayStation Sale,1,4.49,5,3.83,LBP,883.948681,98.0,1.12,6.74,10351.11,Growth,42.3,57.7,Spring,PlayStation Sale,Action-Adventure,Gen9
GTA5-113309,2025,3,1,Myanmar,MMR,Asia,PS5,Premium Edition,Digital,Steam,169,1188.07,7.03,53.1,74.6,25.4,41,128,5863,465,4228,1635,4228,2033.34,4203.26,17.2,52.1,0,PlayStation Sale,1,4.72,4,2.56,MMK,21.298859,98.0,1.33,60.55,2288.81,Growth,48.7,51.3,Spring,PlayStation Sale,Action-Adventure,Gen9
GTA5-113262,2025,3,1,Netherlands,NLD,Europe,Xbox Series X|S,Standard Edition,Digital,Microsoft Store,1476,10686.24,7.24,51.7,73.7,26.3,366,1110,59431,3251,39837,19594,39837,36282.64,87199.6,17.2,47.0,0,PlayStation Sale,1,4.78,41,4.94,EUR,0.0000008915,98.0,103.62,19.42,59552.19,Growth,49.6,50.4,Spring,PlayStation Sale,Action-Adventure,Gen9
GTA5-113275,2025,3,1,Oman,OMN,Asia,Xbox Series X|S,Standard Edition,Digital,Epic Games Store,258,1806,7,53.3,72.6,27.4,76,182,11503,669,8555,2948,8555,4252.04,12775.89,17.8,47.6,0,PlayStation Sale,1,4.49,7,6.11,OMR,0.0000003794,98.0,2.26,4.57,22033.78,Growth,45.1,54.9,Spring,PlayStation Sale,Action-Adventure,Gen9
GTA5-113296,2025,3,1,Pakistan,PAK,Asia,Xbox Series X|S,Legacy Edition,Digital,Microsoft Store,320,3862.4,12.07,19.5,70.2,29.8,96,224,18052,1266,10140,7912,10140,3987.55,15151.15,16.7,60.4,0,PlayStation Sale,1,4.69,6,5.58,PKR,2.773468,98.0,15.91,207.91,2392.08,Growth,35.4,64.6,Spring,PlayStation Sale,Action-Adventure,Gen9
GTA5-113299,2025,3,1,Portugal,PRT,Europe,PS5,Standard Edition,Digital,PlayStation Store,983,8119.58,8.26,44.9,73.7,26.3,255,728,28994,1838,16607,12387,16607,10622.55,41750.58,13.8,49.1,0,PlayStation Sale,1,4.64,19,3.64,EUR,0.0000008977,98.0,13.14,11.42,25684.6,Growth,49.7,50.3,Spring,PlayStation Sale,Action-Adventure,Gen9
GTA5-113331,2025,3,1,Russia,RUS,Europe,Xbox Series X|S,Premium Edition,Digital,Steam,1236,11544.24,9.34,37.7,72.2,27.8,323,913,53356,2787,30693,22663,30693,31325.31,70068.55,15.8,44.6,0,PlayStation Sale,1,4.72,30,4.89,RUB,0.908677,98.0,282.11,164.5,17864.21,Growth,42.9,57.1,Spring,PlayStation Sale,Action-Adventure,Gen9
GTA5-113328,2025,3,1,Slovenia,SVN,Europe,PS5,Standard Edition,Digital,Steam,484,2124.76,4.39,70.7,75.4,24.6,118,366,15907,1119,10696,5211,10696,7659.81,15641.04,14.2,47.9,0,PlayStation Sale,1,4.62,7,4.7,EUR,0.0000008919,98.0,1.95,2.4,28232.36,Growth,49.9,50.1,Spring,PlayStation Sale,Action-Adventure,Gen9
GTA5-113284,2025,3,1,South Africa,ZAF,Africa,PS5,Legacy Edition,Digital,Steam,806,8285.68,10.28,31.4,76.3,23.7,206,600,41661,3318,28817,12844,28817,11246.56,28675.76,18.6,48.6,0,PlayStation Sale,1,4.65,23,2.61,ZAR,0.188784,98.0,32.69,60.55,9373.85,Growth,46.5,53.5,Spring,PlayStation Sale,Action-Adventure,Gen9
GTA5-113261,2025,3,1,Spain,ESP,Europe,PS5,Criminal Enterprise Starter Pack,Digital,PlayStation Store,1662,16935.78,10.19,32,68.4,31.6,455,1207,81062,5085,60775,20287,60775,47974.51,103483.45,17.8,47.6,0,PlayStation Sale,1,4.66,20,2.88,EUR,0.000000899,98.0,201.05,53.69,35460.38,Growth,35.2,64.8,Spring,PlayStation Sale,Action-Adventure,Gen9
GTA5-113272,2025,3,1,Thailand,THA,Asia,PS5,Standard Edition,Digital,Microsoft Store,1479,9850.14,6.66,55.6,68.1,31.9,370,1109,36200,3155,24648,11552,24648,11303.01,45106.7,16.4,47.1,0,PlayStation Sale,1,4.71,12,4.72,THB,0.035832,98.0,42.27,76.54,8629.7,Growth,46.7,53.3,Spring,PlayStation Sale,Action-Adventure,Gen9
GTA5-113257,2025,3,1,United Kingdom,GBR,Europe,PS5,Standard Edition,Digital,Rockstar Games Launcher,3773,31315.9,8.3,44.6,70.9,29.1,1040,2733,91927,5884,56278,35649,56278,59189.45,121296.98,15.6,35.3,0,PlayStation Sale,1,4.56,72,1.8,GBP,0.0000007774,98.0,623.92,73.11,48488.34,Growth,43.1,56.9,Spring,PlayStation Sale,Action-Adventure,Gen9
GTA5-113335,2025,3,1,United States,USA,North America,PS5,Premium Edition,Digital,PlayStation Store,5479,52817.56,9.64,35.7,68.7,31.3,1697,3782,245967,16402,158088,87879,158088,76391.37,258190.35,17.9,58.8,0,PlayStation Sale,1,4.57,64,0.94,USD,0.010002,98.0,7289.03,360.99,63099.29,Growth,53.9,46.1,Spring,PlayStation Sale,Action-Adventure,Gen9
GTA5-113349,2025,4,2,Argentina,ARG,South America,PS5,Standard Edition,Digital,Rockstar Games Launcher,440,5830,13.25,11.6,75.7,24.3,120,320,23575,1946,17391,6184,17391,8787.89,21957.75,19.3,47.8,0,None,0,4.53,13,2.41,ARS,3.505186,98.0,30.36,48.02,16464.16,Growth,46.7,53.3,Spring,None,Action-Adventure,Gen9
GTA5-113401,2025,4,2,Australia,AUS,Oceania,Xbox Series X|S,Standard Edition,Digital,PlayStation Store,1389,17779.2,12.8,14.6,67,33,362,1027,68955,4169,38896,30059,38896,16427.27,53574.1,14.7,39.4,0,None,0,4.66,16,5.25,AUD,0.015223,98.0,280.62,26.3,74095.78,Growth,43.4,56.6,Spring,None,Action-Adventure,Gen9
GTA5-113398,2025,4,2,Azerbaijan,AZE,Asia,Xbox Series X|S,Premium Edition,Digital,Rockstar Games Launcher,197,2734.36,13.88,7.4,74.1,25.9,48,149,10715,730,5989,4726,5989,2743.1,8297.45,11.5,44.0,0,None,0,4.26,5,1.91,AZN,0.016817,98.0,2.02,10.86,9710.9,Growth,47.2,52.8,Spring,None,Action-Adventure,Gen9
GTA5-113429,2025,4,2,China,CHN,Asia,PS5,Standard Edition,Digital,Steam,1753,23157.13,13.21,11.9,72.3,27.7,455,1298,133220,8616,81199,52021,81199,37129.98,134180.02,16.6,47.3,0,None,0,4.47,48,6.08,CNY,0.070986,98.0,4937.36,1584.77,14978.38,Growth,55.1,44.9,Spring,None,Action-Adventure,Gen9
GTA5-113364,2025,4,2,Denmark,DNK,Europe,PS5,Legacy Edition,Digital,Epic Games Store,531,7099.47,13.37,10.8,76.3,23.7,147,384,39966,2747,26021,13945,26021,9304.16,33635.67,17.0,49.5,0,None,0,4.58,6,4.95,DKK,0.006944,98.0,23.16,6.4,66528.65,Growth,58.6,41.4,Spring,None,Action-Adventure,Gen9
GTA5-113422,2025,4,2,Estonia,EST,Europe,Xbox Series X|S,Standard Edition,Digital,Microsoft Store,231,3130.05,13.55,9.6,69.7,30.3,58,173,18018,1289,12694,5324,12694,9626.91,25710.75,16.1,45.1,0,None,0,4.48,3,2.19,EUR,0.0000008885,98.0,0.93,1.49,24262.05,Growth,40.8,59.2,Spring,None,Action-Adventure,Gen9
GTA5-113376,2025,4,2,Ethiopia,ETH,Africa,PS5,Standard Edition,Digital,Microsoft Store,127,1692.91,13.33,11.1,70.2,29.8,38,89,8156,621,5570,2586,5570,4342.13,11116.51,17.5,51.2,0,None,0,4.4,3,2.95,ETB,0.056494,98.0,2.14,109.77,1524.99,Growth,44.0,56.0,Spring,None,Action-Adventure,Gen9
GTA5-113365,2025,4,2,Finland,FIN,Europe,Xbox Series X|S,Standard Edition,Digital,PlayStation Store,391,5626.49,14.39,4,66.6,33.4,115,276,29295,2281,21128,8167,21128,16933.59,42571.76,17.2,41.0,0,None,0,4.67,9,3.82,EUR,0.0000008903,98.0,17.32,6.17,54820.44,Growth,60.5,39.5,Spring,None,Action-Adventure,Gen9
GTA5-113357,2025,4,2,France,FRA,Europe,Xbox Series X|S,Standard Edition,Digital,PlayStation Store,1411,17284.75,12.25,18.3,75.6,24.4,339,1072,87203,7241,56396,30807,56396,59480.05,125889.61,16.8,47.6,0,None,0,4.69,30,3.34,EUR,0.0000009084,98.0,572.25,75.47,49364.94,Growth,59.3,40.7,Spring,None,Action-Adventure,Gen9
GTA5-113384,2025,4,2,Georgia,GEO,Asia,PS5,Premium Edition,Digital,Steam,149,2129.21,14.29,4.7,72.8,27.2,40,109,9617,730,6597,3020,6597,3204.96,11538.96,12.1,45.5,0,None,0,4.68,3,4.07,GEL,0.027228,98.0,0.46,4.23,6834.17,Growth,46.1,53.9,Spring,None,Action-Adventure,Gen9
GTA5-113427,2025,4,2,Ghana,GHA,Africa,Xbox Series X|S,Standard Edition,Digital,Epic Games Store,128,1834.24,14.33,4.4,77.4,22.6,33,95,9511,504,5255,4256,5255,1883.64,6386.23,14.9,54.3,0,None,0,4.63,3,1.75,GHS,0.012023,98.0,1.78,29.73,3115.72,Growth,43.7,56.3,Spring,None,Action-Adventure,Gen9
GTA5-113418,2025,4,2,Greece,GRC,Europe,Xbox Series X|S,Standard Edition,Digital,PlayStation Store,320,3961.6,12.38,17.4,73.8,26.2,97,223,22658,1541,15503,7155,15503,6243.89,15251.81,17.9,63.9,0,None,0,4.46,7,3.05,EUR,0.0000008842,98.0,10.86,12.58,24520.14,Growth,59.9,40.1,Spring,None,Action-Adventure,Gen9
GTA5-113388,2025,4,2,Indonesia,IDN,Asia,Xbox Series X|S,Premium Edition,Digital,Steam,492,6843.72,13.91,7.2,75,25,132,360,31549,2629,19753,11796,19753,8365.23,19911.84,15.4,49.4,0,None,0,4.77,13,3.17,IDR,153.734744,98.0,122.02,285.85,6063.51,Growth,47.2,52.8,Spring,None,Action-Adventure,Gen9
GTA5-113392,2025,4,2,Israel,ISR,Asia,Xbox Series X|S,Premium Edition,Digital,Microsoft Store,468,5442.84,11.63,22.4,73.9,26.1,143,325,36529,3151,21239,15290,21239,18591.7,41770.89,13.8,29.9,0,None,0,4.73,3,4.56,ILS,0.003743,98.0,22.15,9.26,41529.8,Growth,47.2,52.8,Spring,None,Action-Adventure,Gen9
GTA5-113406,2025,4,2,Japan,JPN,Asia,Xbox Series X|S,Premium Edition,Digital,Steam,1239,18572.61,14.99,0,71.9,28.1,384,855,97924,7750,66332,31592,66332,29900.04,106012.67,16.8,51.7,0,None,0,4.65,33,3.68,JPY,1.482954,98.0,1138.26,145.21,44538.33,Growth,48.4,51.6,Spring,None,Action-Adventure,Gen9
GTA5-113400,2025,4,2,Kenya,KEN,Africa,Xbox Series X|S,Standard Edition,Digital,Rockstar Games Launcher,206,2813.96,13.66,8.9,70.8,29.2,55,151,13201,794,9479,3722,9479,4379.51,15961.06,17.3,53.7,0,None,0,4.44,4,2.28,KES,1.291634,98.0,3.41,50.31,2650.78,Growth,44.8,55.2,Spring,None,Action-Adventure,Gen9
GTA5-113421,2025,4,2,Latvia,LVA,Europe,Xbox Series X|S,Premium Edition,Digital,PlayStation Store,159,2152.86,13.54,9.7,75,25,43,116,14277,1200,8281,5996,8281,5556.31,16591.65,14.8,49.1,0,None,0,4.59,3,1.16,EUR,0.0000008991,98.0,1.04,2.29,20279.16,Growth,45.4,54.6,Spring,None,Action-Adventure,Gen9
GTA5-113402,2025,4,2,Luxembourg,LUX,Europe,PS5,Premium Edition,Digital,Microsoft Store,271,3493.19,12.89,14,70.8,29.2,69,202,16750,999,10493,6257,10493,7083.32,15715.07,15.0,48.2,0,None,0,4.22,5,4.01,EUR,0.0000008947,98.0,1.64,0.63,116272.45,Growth,44.8,55.2,Spring,None,Action-Adventure,Gen9
GTA5-113424,2025,4,2,Malaysia,MYS,Asia,PS5,Standard Edition,Digital,Steam,629,9428.71,14.99,0,71.9,28.1,162,467,47653,2584,33804,13849,33804,13373.02,52946.13,16.6,47.7,0,None,0,4.62,6,4.01,MYR,0.045955,98.0,31.93,34.3,14546.76,Growth,54.5,45.5,Spring,None,Action-Adventure,Gen9
GTA5-113403,2025,4,2,Nepal,NPL,Asia,Xbox Series X|S,Standard Edition,Digital,PlayStation Store,65,841.75,12.95,13.6,71.5,28.5,19,46,3887,349,2781,1106,2781,1268.88,4480.36,14.6,46.5,0,None,0,4.52,3,2.59,NPR,1.333864,98.0,0.52,32.02,1681.27,Growth,53.2,46.8,Spring,None,Action-Adventure,Gen9
GTA5-113363,2025,4,2,Norway,NOR,Europe,PS5,Premium Edition,Digital,Microsoft Store,541,7298.09,13.49,10,72.2,27.8,148,393,37807,2115,25736,12071,25736,17030.03,37660.27,16.9,44.4,0,None,0,4.8,15,4.23,NOK,0.104566,98.0,35.67,5.83,106233.34,Growth,43.4,56.6,Spring,None,Action-Adventure,Gen9
GTA5-113425,2025,4,2,Oman,OMN,Asia,PS5,Premium Edition,Digital,Epic Games Store,216,3237.84,14.99,0,72.4,27.6,54,162,14764,1273,9797,4967,9797,6490.95,16843.89,15.4,45.3,0,None,0,4.8,4,3.03,OMR,0.0000003905,98.0,2.32,4.57,22635.25,Growth,52.9,47.1,Spring,None,Action-Adventure,Gen9
GTA5-113352,2025,4,2,Peru,PER,South America,Xbox Series X|S,Standard Edition,Digital,Steam,152,2222.24,14.62,2.5,71.4,28.6,38,114,10898,553,7877,3021,7877,3864.27,13057.94,17.2,47.8,0,None,0,4.56,3,1.19,PEN,0.037173,98.0,6.39,34.3,9700.01,Growth,50.1,49.9,Spring,None,Action-Adventure,Gen9
GTA5-113420,2025,4,2,Philippines,PHL,Asia,PS5,Premium Edition,Digital,Microsoft Store,526,7563.88,14.38,4.1,73,27,128,398,43521,3784,31437,12084,31437,24627.07,70593.59,14.2,36.6,0,None,0,4.59,10,1.53,PHP,0.562442,98.0,29.79,112.05,4615.87,Growth,46.9,53.1,Spring,None,Action-Adventure,Gen9
GTA5-113419,2025,4,2,Romania,ROU,Europe,PS5,Premium Edition,Digital,Epic Games Store,476,6349.84,13.34,11,70.7,29.3,135,341,25758,1332,18822,6936,18822,9256.64,18711.25,18.3,49.4,0,None,0,4.56,4,1.66,RON,0.046008,98.0,14.78,22.3,15930.53,Growth,50.3,49.7,Spring,None,Action-Adventure,Gen9
GTA5-113410,2025,4,2,Saudi Arabia,SAU,Asia,PS5,Premium Edition,Digital,Steam,788,9913.04,12.58,16.1,73.7,26.3,200,588,37947,2989,23215,14732,23215,11502.68,26330.25,14.2,34.3,0,None,0,4.67,22,3.22,SAR,0.037569,98.0,73.12,34.3,27759.01,Growth,47.9,52.1,Spring,None,Action-Adventure,Gen9
GTA5-113375,2025,4,2,Serbia,SRB,Europe,Xbox Series X|S,Criminal Enterprise Starter Pack,Digital,Steam,183,2353.38,12.86,14.2,75.8,24.2,53,130,13274,1041,9046,4228,9046,8153.11,16974.25,14.6,45.0,0,None,0,4.59,3,1.61,RSD,1.055434,98.0,1.94,8.23,8174.06,Growth,46.5,53.5,Spring,None,Action-Adventure,Gen9
GTA5-113368,2025,4,2,Singapore,SGP,Asia,PS5,Standard Edition,Digital,PlayStation Store,587,6404.17,10.91,27.2,74.7,25.3,182,405,49322,4370,30408,18914,30408,8251.99,30386.11,13.9,37.8,0,None,0,4.41,7,3.13,SGD,0.013256,98.0,24.71,6.17,62567.02,Growth,48.9,51.1,Spring,None,Action-Adventure,Gen9
GTA5-113389,2025,4,2,Slovenia,SVN,Europe,PS5,Standard Edition,Digital,Epic Games Store,206,2951.98,14.33,4.4,71.8,28.2,63,143,19567,1110,13925,5642,13925,8644.69,26765.82,14.7,51.2,0,None,0,4.43,3,4.16,EUR,0.0000008977,98.0,1.94,2.4,28052.12,Growth,41.8,58.2,Spring,None,Action-Adventure,Gen9
GTA5-113412,2025,4,2,South Africa,ZAF,Africa,PS5,Standard Edition,Digital,Rockstar Games Launcher,492,6828.96,13.88,7.4,73.5,26.5,125,367,40944,3581,29071,11873,29071,23195.68,65726.19,15.1,57.3,0,None,0,4.41,9,2.59,ZAR,0.187167,98.0,32.49,60.6,9306.58,Growth,49.7,50.3,Spring,None,Action-Adventure,Gen9
GTA5-113367,2025,4,2,South Korea,KOR,Asia,Xbox Series X|S,Criminal Enterprise Starter Pack,Digital,Epic Games Store,1227,18392.73,14.99,0,70.1,29.9,318,909,89243,5245,57909,31334,57909,45660.58,98871.35,16.7,43.8,0,None,0,4.51,14,3.91,KRW,1.326229,98.0,266.33,58.31,35683.56,Growth,36.6,63.4,Spring,None,Action-Adventure,Gen9
GTA5-113380,2025,4,2,Ukraine,UKR,Europe,PS5,Standard Edition,Digital,Steam,438,5645.82,12.89,14,75,25,108,330,27496,1588,18175,9321,18175,15099.58,30579.11,16.6,51.8,0,None,0,4.61,9,2.44,UAH,0.037879,98.0,9.38,51.45,5699.78,Growth,47.9,52.1,Spring,None,Action-Adventure,Gen9
GTA5-113399,2025,4,2,United Arab Emirates,ARE,Asia,PS5,Standard Edition,Digital,Rockstar Games Launcher,492,7015.92,14.26,4.9,72.7,27.3,122,370,38440,2008,23617,14823,23617,13481.57,36842.03,16.1,52.4,0,None,0,4.67,8,6.46,AED,0.003696,98.0,34.07,10.52,46003.04,Growth,46.3,53.7,Spring,None,Action-Adventure,Gen9
GTA5-113345,2025,4,2,United States,USA,North America,Xbox Series X|S,Legacy Edition,Digital,PlayStation Store,3034,35012.36,11.54,23,74,26,834,2200,227198,16407,163794,63404,163794,59932.47,170254.09,18.4,50.4,0,None,0,4.77,30,4.48,USD,0.0000009801,98.0,7458.08,361.32,64503.79,Growth,43.3,56.7,Spring,None,Action-Adventure,Gen9
GTA5-113458,2025,5,2,Australia,AUS,Oceania,PS5,Standard Edition,Digital,Rockstar Games Launcher,2156,16213.12,7.52,49.8,73.6,26.4,565,1591,100196,5247,70822,29374,70822,40922.08,120485.26,18.0,52.1,0,Epic Mega Sale,1,4.52,22,5.71,AUD,0.015157,98.0,286.83,26.32,75678.54,Growth,44.1,55.9,Spring,Epic Mega Sale,Action-Adventure,Gen9
GTA5-113465,2025,5,2,Azerbaijan,AZE,Asia,PS5,Standard Edition,Digital,Steam,273,1665.3,6.1,59.3,63.7,36.3,77,196,14207,1255,8953,5254,8953,7797.62,20107.93,14.9,41.3,0,Epic Mega Sale,1,4.28,7,3.29,AZN,0.017252,98.0,2.01,10.87,9621.51,Growth,52.0,48.0,Spring,Epic Mega Sale,Action-Adventure,Gen9
GTA5-113462,2025,5,2,Bangladesh,BGD,Asia,Xbox Series X|S,Premium Edition,Digital,Epic Games Store,316,3453.88,10.93,27.1,82,18,78,238,14937,1117,8807,6130,8807,3682.89,9131.6,14.2,48.0,0,Epic Mega Sale,1,4.64,3,0.9,BDT,1.087414,98.0,11.23,179.68,2441.63,Growth,46.6,53.4,Spring,Epic Mega Sale,Action-Adventure,Gen9
GTA5-113464,2025,5,2,Belgium,BEL,Europe,PS5,Premium Edition,Digital,PlayStation Store,870,8238.9,9.47,36.8,79.6,20.4,220,650,42703,3225,30369,12334,30369,21677.67,69270.79,17.9,55.5,0,Epic Mega Sale,1,4.56,25,2.53,EUR,0.0000008992,98.0,38.97,12.59,50906.43,Growth,48.4,51.6,Spring,Epic Mega Sale,Action-Adventure,Gen9
GTA5-113524,2025,5,2,Brazil,BRA,South America,PS5,Premium Edition,Digital,Microsoft Store,1467,12997.62,8.86,40.9,75.5,24.5,391,1076,61428,4367,39739,21689,39739,16581.94,39447.37,18.5,56.3,0,Epic Mega Sale,1,4.57,37,3.8,BRL,0.051626,98.0,296.58,230.03,14389.38,Growth,50.4,49.6,Spring,Epic Mega Sale,Action-Adventure,Gen9
GTA5-113517,2025,5,2,Cambodia,KHM,Asia,Xbox Series X|S,Standard Edition,Digital,Epic Games Store,71,663.14,9.34,37.7,77.2,22.8,21,50,2947,172,1955,992,1955,2037.98,4278.77,12.8,48.1,0,Epic Mega Sale,1,4.36,3,1.15,KHR,41.466079,98.0,0.25,17.17,2240.16,Growth,45.9,54.1,Spring,Epic Mega Sale,Action-Adventure,Gen9
GTA5-113434,2025,5,2,Canada,CAN,North America,Xbox Series X|S,Standard Edition,Digital,Epic Games Store,1119,9679.35,8.65,42.3,64.3,35.7,318,801,58336,3457,34383,23953,34383,26784.5,67262.12,13.7,44.4,0,Epic Mega Sale,1,4.5,23,2.74,CAD,0.013274,98.0,231.65,40.06,60236.13,Growth,52.9,47.1,Spring,Epic Mega Sale,Action-Adventure,Gen9
GTA5-113526,2025,5,2,Chile,CHL,South America,PS5,Standard Edition,Digital,Microsoft Store,420,3078.6,7.33,51.1,72.6,27.4,102,318,17621,969,13207,4414,13207,12506.22,26941.32,15.5,47.5,0,Epic Mega Sale,1,4.9,10,2.63,CLP,8.940696,98.0,9.76,19.46,19593.78,Growth,55.5,44.5,Spring,Epic Mega Sale,Action-Adventure,Gen9
GTA5-113442,2025,5,2,Ecuador,ECU,South America,Xbox Series X|S,Criminal Enterprise Starter Pack,Digital,Microsoft Store,114,1182.18,10.37,30.8,74.7,25.3,31,83,5549,451,4022,1527,4022,1748.27,6990.25,16.4,37.5,0,Epic Mega Sale,1,4.56,3,3.33,USD,0.0000009924,98.0,1.44,18.31,8199.9,Growth,43.0,57.0,Spring,Epic Mega Sale,Action-Adventure,Gen9
GTA5-113453,2025,5,2,Finland,FIN,Europe,PS5,Premium Edition,Digital,Microsoft Store,923,8906.95,9.65,35.6,69.5,30.5,239,684,25959,1546,16336,9623,16336,7759.4,17843.22,14.7,53.3,0,Epic Mega Sale,1,4.66,21,0.72,EUR,0.0000008908,98.0,17.56,6.18,55510.71,Growth,50.7,49.3,Spring,Epic Mega Sale,Action-Adventure,Gen9
GTA5-113474,2025,5,2,Greece,GRC,Europe,PS5,Standard Edition,Digital,Microsoft Store,499,4575.83,9.17,38.8,73.9,26.1,139,360,27578,2037,15547,12031,15547,5617.35,17304.14,13.7,41.5,0,Epic Mega Sale,1,4.59,14,3.09,EUR,0.0000009029,98.0,10.94,12.59,24695.12,Growth,47.8,52.2,Spring,Epic Mega Sale,Action-Adventure,Gen9
GTA5-113477,2025,5,2,India,IND,Asia,Xbox Series X|S,Premium Edition,Digital,Rockstar Games Launcher,1152,8663.04,7.52,49.8,70.2,29.8,313,839,59032,3460,37425,21607,37425,27456.78,67457.85,18.3,44.2,0,Epic Mega Sale,1,4.64,33,4.66,INR,0.083381,98.0,496.2,1432.85,3091.97,Growth,45.3,54.7,Spring,Epic Mega Sale,Action-Adventure,Gen9
GTA5-113518,2025,5,2,Iraq,IRQ,Asia,Xbox Series X|S,Standard Edition,Digital,Epic Games Store,286,2602.6,9.1,39.3,73.6,26.4,74,212,9913,609,7403,2510,7403,3820.1,14999.82,17.6,39.9,0,Epic Mega Sale,1,4.64,3,1.56,IQD,13.070561,98.0,5.65,38.91,7562.31,Growth,47.7,52.3,Spring,Epic Mega Sale,Action-Adventure,Gen9
GTA5-113485,2025,5,2,Kenya,KEN,Africa,PS5,Premium Edition,Digital,Microsoft Store,577,4564.07,7.91,47.2,70.7,29.3,147,430,15496,1326,9513,5983,9513,6721.03,23526.72,16.3,45.0,0,Epic Mega Sale,1,4.64,13,2.75,KES,1.299018,98.0,3.41,50.36,2643.37,Growth,51.1,48.9,Spring,Epic Mega Sale,Action-Adventure,Gen9
GTA5-113486,2025,5,2,Latvia,LVA,Europe,PS5,Premium Edition,Digital,PlayStation Store,368,2697.44,7.33,51.1,70.8,29.2,107,261,14412,827,8394,6018,8394,3916.39,13735.08,12.3,48.3,0,Epic Mega Sale,1,4.4,8,4.51,EUR,0.0000008889,98.0,1.03,2.29,20166.93,Growth,40.9,59.1,Spring,Epic Mega Sale,Action-Adventure,Gen9
GTA5-113487,2025,5,2,Lebanon,LBN,Asia,PS5,Premium Edition,Digital,Steam,248,1212.72,4.89,67.4,67.4,32.6,66,182,10069,591,6056,4013,6056,2138.12,7059.62,15.4,46.2,0,Epic Mega Sale,1,4.76,3,3.68,LBP,894.114906,98.0,1.14,6.75,10600.17,Growth,43.0,57.0,Spring,Epic Mega Sale,Action-Adventure,Gen9
GTA5-113513,2025,5,2,Lithuania,LTU,Europe,Xbox Series X|S,Standard Edition,Digital,Rockstar Games Launcher,347,2071.59,5.97,60.2,72.4,27.6,105,242,18887,1528,11082,7805,11082,8535.4,27440.11,13.1,37.8,0,Epic Mega Sale,1,4.4,6,2.74,EUR,0.0000009048,98.0,1.81,3.32,21303.29,Growth,46.9,53.1,Spring,Epic Mega Sale,Action-Adventure,Gen9
GTA5-113490,2025,5,2,Nepal,NPL,Asia,PS5,Legacy Edition,Digital,Microsoft Store,107,845.3,7.9,47.3,71.2,28.8,29,78,4834,348,2810,2024,2810,2792.3,6489.05,13.8,34.2,0,Epic Mega Sale,1,4.47,3,1.47,NPR,1.321265,98.0,0.52,32.04,1689.03,Growth,44.8,55.2,Spring,Epic Mega Sale,Action-Adventure,Gen9
GTA5-113448,2025,5,2,Netherlands,NLD,Europe,PS5,Standard Edition,Digital,Epic Games Store,1631,12314.05,7.55,49.6,77.6,22.4,455,1176,52548,3735,36143,16405,36143,18516.13,50389.21,17.6,50.1,0,Epic Mega Sale,1,4.6,37,1.91,EUR,0.0000009136,98.0,103.18,19.46,59175.63,Growth,43.0,57.0,Spring,Epic Mega Sale,Action-Adventure,Gen9
GTA5-113498,2025,5,2,Nigeria,NGA,Africa,Xbox Series X|S,Legacy Edition,Digital,Microsoft Store,865,4722.9,5.46,63.6,76,24,252,613,26659,2152,16728,9931,16728,7021.1,21170.54,14.2,39.9,0,Epic Mega Sale,1,4.44,25,3.36,NGN,8.816198,98.0,39.81,199.13,4462.32,Growth,47.2,52.8,Spring,Epic Mega Sale,Action-Adventure,Gen9
GTA5-113451,2025,5,2,Norway,NOR,Europe,PS5,Criminal Enterprise Starter Pack,Digital,Epic Games Store,914,6955.54,7.61,49.2,77.3,22.7,245,669,29475,1529,21494,7981,21494,10076.72,38836.56,12.8,45.9,0,Epic Mega Sale,1,4.65,16,1.97,NOK,0.104984,98.0,35.61,5.84,105874.11,Growth,46.5,53.5,Spring,Epic Mega Sale,Action-Adventure,Gen9
GTA5-113494,2025,5,2,Philippines,PHL,Asia,PS5,Premium Edition,Digital,Steam,1015,7592.2,7.48,50.1,71,29,299,716,32638,2202,22731,9907,22731,10563.65,24291.81,18.2,56.3,0,Epic Mega Sale,1,4.75,13,3.07,PHP,0.551238,98.0,29.93,112.16,4632.31,Growth,51.4,48.6,Spring,Epic Mega Sale,Action-Adventure,Gen9
GTA5-113449,2025,5,2,Poland,POL,Europe,PS5,Criminal Enterprise Starter Pack,Digital,Epic Games Store,1289,10105.76,7.84,47.7,76.7,23.3,349,940,40498,3555,24970,15528,24970,9190.5,30485.38,15.1,30.7,0,Epic Mega Sale,1,4.6,15,6.5,PLN,0.039585,98.0,68.35,43.49,20462.97,Growth,50.1,49.9,Spring,Epic Mega Sale,Action-Adventure,Gen9
GTA5-113481,2025,5,2,Russia,RUS,Europe,Xbox Series X|S,Standard Edition,Digital,Steam,1425,9234,6.48,56.8,70.1,29.9,406,1019,46928,3946,30880,16048,30880,17787.94,36486.75,14.8,35.4,0,Epic Mega Sale,1,4.43,13,5.22,RUB,0.900243,98.0,283.82,164.8,17939.63,Growth,44.3,55.7,Spring,Epic Mega Sale,Action-Adventure,Gen9
GTA5-113476,2025,5,2,Saudi Arabia,SAU,Asia,Xbox Series X|S,Criminal Enterprise Starter Pack,Digital,Microsoft Store,1085,6770.4,6.24,58.4,74.3,25.7,313,772,43137,2551,31767,11370,31767,16521.01,58932.4,16.2,49.9,0,Epic Mega Sale,1,4.7,23,4.45,SAR,0.036947,98.0,73.51,34.33,27880.25,Growth,49.8,50.2,Spring,Epic Mega Sale,Action-Adventure,Gen9
GTA5-113516,2025,5,2,Singapore,SGP,Asia,Xbox Series X|S,Standard Edition,Digital,Steam,768,6251.52,8.14,45.7,74.3,25.7,194,574,36804,2378,24036,12768,24036,14026.39,47779.3,15.7,43.6,0,Epic Mega Sale,1,4.3,19,1.91,SGD,0.013273,98.0,24.55,6.18,62070.69,Growth,45.7,54.3,Spring,Epic Mega Sale,Action-Adventure,Gen9
GTA5-113508,2025,5,2,Slovenia,SVN,Europe,Xbox Series X|S,Standard Edition,Digital,Microsoft Store,335,3353.35,10.01,33.2,73,27,86,249,15530,868,9777,5753,9777,6745.27,18766.47,15.0,50.3,0,Epic Mega Sale,1,4.36,3,2.02,EUR,0.0000009088,98.0,1.93,2.4,27994.05,Growth,47.3,52.7,Spring,Epic Mega Sale,Action-Adventure,Gen9
GTA5-113472,2025,5,2,South Africa,ZAF,Africa,Xbox Series X|S,Premium Edition,Digital,Microsoft Store,826,6682.34,8.09,46,68.8,31.2,243,583,29026,2198,19047,9979,19047,8602.69,22900.7,15.5,35.1,0,Epic Mega Sale,1,4.87,21,5.54,ZAR,0.185695,98.0,32.43,60.66,9280.52,Growth,50.0,50.0,Spring,Epic Mega Sale,Action-Adventure,Gen9
GTA5-113484,2025,5,2,South Korea,KOR,Asia,PS5,Standard Edition,Digital,Epic Games Store,1968,18636.96,9.47,36.8,73.1,26.9,582,1386,83470,5315,50294,33176,50294,28053.78,106697.64,18.2,50.6,0,Epic Mega Sale,1,4.22,40,4.7,KRW,13.560939,98.0,270.12,58.37,36154.3,Growth,45.8,54.2,Spring,Epic Mega Sale,Action-Adventure,Gen9
GTA5-113450,2025,5,2,Sweden,SWE,Europe,PS5,Standard Edition,Digital,PlayStation Store,1029,10670.73,10.37,30.8,75.6,24.4,249,780,42588,3522,27665,14923,27665,17567.02,42679.73,15.1,33.9,0,Epic Mega Sale,1,4.51,19,3.64,SEK,0.103729,98.0,52.89,10.99,68355.92,Growth,50.6,49.4,Spring,Epic Mega Sale,Action-Adventure,Gen9
GTA5-113454,2025,5,2,Switzerland,CHE,Europe,PS5,Standard Edition,Digital,Microsoft Store,1090,5330.1,4.89,67.4,74,26,267,823,46692,3985,29255,17437,29255,26088.66,71744.16,19.1,55.2,0,Epic Mega Sale,1,4.68,28,5.86,CHF,0.0000008776,98.0,54.37,9.27,91650.4,Growth,37.5,62.5,Spring,Epic Mega Sale,Action-Adventure,Gen9
GTA5-113521,2025,5,2,United States,USA,North America,PS5,Premium Edition,Digital,Microsoft Store,6766,45061.56,6.66,55.6,70.5,29.5,1991,4775,178310,13030,106645,71665,106645,80981.4,197882.26,16.4,42.5,0,Epic Mega Sale,1,4.68,123,6.39,USD,0.010121,98.0,7453.41,361.65,64404.54,Growth,34.6,65.4,Spring,Epic Mega Sale,Action-Adventure,Gen9
GTA5-113441,2025,5,2,Uruguay,URY,South America,PS5,Standard Edition,Digital,Microsoft Store,158,1456.76,9.22,38.5,75.6,24.4,44,114,6141,520,4132,2009,4132,1607.57,4417.25,13.9,41.1,0,Epic Mega Sale,1,4.6,3,5.58,UYU,0.400457,98.0,0.75,3.89,20181.68,Growth,45.6,54.4,Spring,Epic Mega Sale,Action-Adventure,Gen9
GTA5-113488,2025,5,2,Vietnam,VNM,Asia,PS5,Standard Edition,Digital,Epic Games Store,934,8051.08,8.62,42.5,73.3,26.7,259,675,36662,2025,21176,15486,21176,10988.89,27168.91,15.0,49.3,0,Epic Mega Sale,1,4.47,12,3.44,VND,24.154246,98.0,22.87,103.0,4081.09,Growth,43.8,56.2,Spring,Epic Mega Sale,Action-Adventure,Gen9
GTA5-113596,2025,6,2,Algeria,DZA,Africa,PS5,Standard Edition,Digital,Epic Games Store,331,2317,7,53.3,70.3,29.7,89,242,13768,753,8690,5078,8690,7065.78,18379.71,13.7,48.7,0,Steam Summer Sale,1,4.5,4,2.07,DZD,0.135401,98.0,6.43,43.53,6597.04,Growth,47.1,52.9,Summer,Steam Summer Sale,Action-Adventure,Gen9
GTA5-113606,2025,6,2,Australia,AUS,Oceania,PS5,Criminal Enterprise Starter Pack,Digital,Microsoft Store,2728,17131.84,6.28,58.1,69.9,30.1,817,1911,70332,4647,48687,21645,48687,27991.48,60107.31,15.9,44.3,0,Steam Summer Sale,1,4.69,76,5.86,AUD,0.015594,98.0,284.0,26.35,74846.65,Growth,42.0,58.0,Summer,Steam Summer Sale,Action-Adventure,Gen9
GTA5-113607,2025,6,2,Bahrain,BHR,Asia,PS5,Standard Edition,Digital,Rockstar Games Launcher,388,3798.52,9.79,34.7,71.3,28.7,109,279,14899,858,8602,6297,8602,7873.89,15810.51,10.3,41.0,0,Steam Summer Sale,1,4.26,6,5.06,BHD,0.0000003837,98.0,0.91,1.49,27329.95,Growth,54.0,46.0,Summer,Steam Summer Sale,Action-Adventure,Gen9
GTA5-113532,2025,6,2,Canada,CAN,North America,PS5,Premium Edition,Digital,Steam,1385,10872.25,7.85,47.6,74.5,25.5,361,1024,64128,5168,36106,28022,36106,31768.35,85629.47,14.9,31.2,0,Steam Summer Sale,1,4.51,16,1.64,CAD,0.001298,98.0,234.91,40.09,61036.9,Growth,46.4,53.6,Summer,Steam Summer Sale,Action-Adventure,Gen9
GTA5-113625,2025,6,2,Colombia,COL,South America,Xbox Series X|S,Standard Edition,Digital,Epic Games Store,345,3225.75,9.35,37.6,72.1,27.9,89,256,14526,843,10205,4321,10205,10264.55,25230.16,13.4,54.8,0,Steam Summer Sale,1,4.6,4,3.52,COP,3.996519,98.0,17.11,53.84,11031.51,Growth,52.3,47.7,Summer,Steam Summer Sale,Action-Adventure,Gen9
GTA5-113540,2025,6,2,Ecuador,ECU,South America,Xbox Series X|S,Standard Edition,Digital,Epic Games Store,163,1621.85,9.95,33.6,71.1,28.9,39,124,6063,381,4444,1619,4444,2645.34,8979.77,15.9,43.4,0,Steam Summer Sale,1,4.66,3,4.67,USD,0.010075,98.0,1.47,18.33,8357.7,Growth,39.2,60.8,Summer,Steam Summer Sale,Action-Adventure,Gen9
GTA5-113551,2025,6,2,Finland,FIN,Europe,PS5,Standard Edition,Digital,Rockstar Games Launcher,708,6492.36,9.17,38.8,74.3,25.7,199,509,23527,2085,13886,9641,13886,8676.12,18946.16,16.3,49.5,0,Steam Summer Sale,1,4.49,16,4.44,EUR,0.0000008981,98.0,17.24,6.19,54385.01,Growth,52.1,47.9,Summer,Steam Summer Sale,Action-Adventure,Gen9
GTA5-113563,2025,6,2,Georgia,GEO,Asia,Xbox Series X|S,Criminal Enterprise Starter Pack,Digital,Rockstar Games Launcher,224,2105.6,9.4,37.3,70.4,29.6,54,170,7436,574,5449,1987,5449,3165.51,11514.5,17.6,56.5,0,Steam Summer Sale,1,4.63,5,4.06,GEL,0.002736,98.0,0.47,4.24,6869.96,Growth,46.4,53.6,Summer,Steam Summer Sale,Action-Adventure,Gen9
GTA5-113579,2025,6,2,Ghana,GHA,Africa,Xbox Series X|S,Standard Edition,Digital,Rockstar Games Launcher,313,2106.49,6.73,55.1,75.8,24.2,76,237,11041,939,8052,2989,8052,3305.1,13074.81,16.7,49.2,0,Steam Summer Sale,1,4.55,9,2.76,GHS,0.011964,98.0,1.79,29.78,3132.62,Growth,49.1,50.9,Summer,Steam Summer Sale,Action-Adventure,Gen9
GTA5-113580,2025,6,2,Greece,GRC,Europe,Xbox Series X|S,Premium Edition,Digital,Microsoft Store,523,3749.91,7.17,52.2,75.5,24.5,153,370,21709,1247,14070,7639,14070,10478.98,26047.85,13.2,41.7,0,Steam Summer Sale,1,4.74,10,3.74,EUR,0.0000008942,98.0,11.1,12.6,25017.55,Growth,41.1,58.9,Summer,Steam Summer Sale,Action-Adventure,Gen9
GTA5-113614,2025,6,2,Hong Kong,HKG,Asia,PS5,Standard Edition,Digital,PlayStation Store,1184,9815.36,8.29,44.7,79,21,325,859,57606,5034,39601,18005,39601,19840.35,60242.08,16.3,52.2,0,Steam Summer Sale,1,4.73,11,2.17,HKD,0.007898,98.0,27.02,8.25,42643.01,Growth,46.1,53.9,Summer,Steam Summer Sale,Action-Adventure,Gen9
GTA5-113575,2025,6,2,Ireland,IRL,Europe,PS5,Standard Edition,Digital,Steam,715,5913.05,8.27,44.8,77.3,22.7,179,536,29460,2461,16670,12790,16670,12966.66,32853.34,14.1,43.7,0,Steam Summer Sale,1,4.41,16,5.15,EUR,0.0000009072,98.0,14.23,5.27,56263.58,Growth,52.0,48.0,Summer,Steam Summer Sale,Action-Adventure,Gen9
GTA5-113577,2025,6,2,Japan,JPN,Asia,PS5,Standard Edition,Digital,Rockstar Games Launcher,2972,32335.36,10.88,27.4,77.3,22.7,867,2105,114065,8398,66914,47151,66914,54296.13,115240.81,17.3,52.4,0,Steam Summer Sale,1,4.58,84,6.61,JPY,1.473262,98.0,1132.44,145.48,44228.18,Growth,47.3,52.7,Summer,Steam Summer Sale,Action-Adventure,Gen9
GTA5-113564,2025,6,2,Kenya,KEN,Africa,PS5,Standard Edition,Digital,PlayStation Store,357,2916.69,8.17,45.5,74.4,25.6,92,265,15420,1382,9466,5954,9466,7430.66,16625.39,15.1,44.9,0,Steam Summer Sale,1,4.68,8,4.44,KES,1.282336,98.0,3.45,50.4,2671.73,Growth,46.8,53.2,Summer,Steam Summer Sale,Action-Adventure,Gen9
GTA5-113567,2025,6,2,Myanmar,MMR,Asia,PS5,Premium Edition,Digital,PlayStation Store,166,1150.38,6.93,53.8,75.6,24.4,40,126,7184,618,4141,3043,4141,3190.01,8228.64,14.6,53.9,0,Steam Summer Sale,1,4.68,4,5.16,MMK,21.015617,98.0,1.35,60.71,2317.82,Growth,38.8,61.2,Summer,Steam Summer Sale,Action-Adventure,Gen9
GTA5-113626,2025,6,2,Peru,PER,South America,Xbox Series X|S,Standard Edition,Digital,Epic Games Store,297,2738.34,9.22,38.5,73,27,83,214,9332,762,6152,3180,6152,3057.79,6885.02,14.5,37.4,0,Steam Summer Sale,1,4.54,3,1.05,PEN,0.036934,98.0,6.4,34.36,9698.69,Growth,44.7,55.3,Summer,Steam Summer Sale,Action-Adventure,Gen9
GTA5-113590,2025,6,2,Philippines,PHL,Asia,Xbox Series X|S,Legacy Edition,Digital,Rockstar Games Launcher,742,7330.96,9.88,34.1,75.2,24.8,179,563,40084,2675,23538,16546,23538,23837.12,49867.22,15.4,43.3,0,Steam Summer Sale,1,4.44,12,2.09,PHP,0.563035,98.0,30.23,112.26,4674.6,Growth,53.0,47.0,Summer,Steam Summer Sale,Action-Adventure,Gen9
GTA5-113547,2025,6,2,Poland,POL,Europe,PS5,Standard Edition,Digital,PlayStation Store,1347,10897.23,8.09,46,75.7,24.3,405,942,52737,4017,31705,21032,31705,21067.11,43872.05,16.5,56.0,0,Steam Summer Sale,1,4.33,31,1.88,PLN,0.040876,98.0,69.17,43.53,20689.18,Growth,31.8,68.2,Summer,Steam Summer Sale,Action-Adventure,Gen9
GTA5-113570,2025,6,2,Portugal,PRT,Europe,PS5,Legacy Edition,Digital,Rockstar Games Launcher,765,7359.3,9.62,35.8,78.2,21.8,194,571,38792,2702,22997,15795,22997,10687.98,30717.02,15.9,43.8,0,Steam Summer Sale,1,4.58,18,3.85,EUR,0.0000009017,98.0,12.99,11.45,25315.46,Growth,36.2,63.8,Summer,Steam Summer Sale,Action-Adventure,Gen9
GTA5-113618,2025,6,2,Qatar,QAT,Asia,Xbox Series X|S,Standard Edition,Digital,Microsoft Store,681,6523.98,9.58,36.1,68.7,31.3,175,506,19570,1115,11168,8402,11168,7946.48,24132.88,15.9,32.6,0,Steam Summer Sale,1,4.42,9,3.66,QAR,0.036647,98.0,9.42,2.52,97371.57,Growth,55.2,44.8,Summer,Steam Summer Sale,Action-Adventure,Gen9
GTA5-113593,2025,6,2,Saudi Arabia,SAU,Asia,Xbox Series X|S,Premium Edition,Digital,Steam,871,8291.92,9.52,36.5,73.3,26.7,252,619,42570,2786,27592,14978,27592,16890.72,62564.3,18.5,45.9,0,Steam Summer Sale,1,4.44,16,2.25,SAR,0.037804,98.0,72.85,34.36,27607.07,Growth,51.0,49.0,Summer,Steam Summer Sale,Action-Adventure,Gen9
GTA5-113595,2025,6,2,Serbia,SRB,Europe,Xbox Series X|S,Criminal Enterprise Starter Pack,Digital,Steam,459,4218.21,9.19,38.7,77.3,22.7,110,349,14831,1252,9179,5652,9179,5053.94,11981.0,14.5,45.6,0,Steam Summer Sale,1,4.53,11,1.91,RSD,1.060326,98.0,1.95,8.25,8208.17,Growth,42.4,57.6,Summer,Steam Summer Sale,Action-Adventure,Gen9
GTA5-113541,2025,6,2,United Kingdom,GBR,Europe,Xbox Series X|S,Premium Edition,Digital,Microsoft Store,3196,19751.28,6.18,58.8,73.3,26.7,887,2309,106734,5598,68224,38510,68224,33381.15,82139.43,16.4,43.6,0,Steam Summer Sale,1,4.49,74,6.27,GBP,0.0000007756,98.0,637.22,73.31,49387.41,Growth,41.1,58.9,Summer,Steam Summer Sale,Action-Adventure,Gen9
GTA5-113539,2025,6,2,Uruguay,URY,South America,PS5,Standard Edition,Digital,Rockstar Games Launcher,152,1159.76,7.63,49.1,70.8,29.2,45,107,6233,422,4338,1895,4338,3034.54,6302.26,11.7,37.9,0,Steam Summer Sale,1,4.54,3,2.51,UYU,0.399874,98.0,0.76,3.89,20255.74,Growth,46.8,53.2,Summer,Steam Summer Sale,Action-Adventure,Gen9
GTA5-113601,2025,6,2,Vietnam,VNM,Asia,PS5,Standard Edition,Digital,Microsoft Store,1184,8347.2,7.05,53,72,28,298,886,37368,3057,25635,11733,25635,27065.26,63303.62,17.3,62.0,0,Steam Summer Sale,1,4.49,10,3.43,VND,247.998021,98.0,23.46,103.09,4183.44,Growth,50.1,49.9,Summer,Steam Summer Sale,Action-Adventure,Gen9
GTA5-113689,2025,7,3,Algeria,DZA,Africa,Xbox Series X|S,Standard Edition,Digital,PlayStation Store,263,2164.49,8.23,45.1,68.4,31.6,70,193,13780,911,7720,6060,7720,2535.63,7731.61,13.4,48.5,0,Steam Summer Sale,1,4.57,4,3.47,DZD,1.333275,98.0,6.66,43.57,6822.92,Growth,50.4,49.6,Summer,Steam Summer Sale,Action-Adventure,Gen9
GTA5-113670,2025,7,3,Armenia,ARM,Asia,PS5,Standard Edition,Digital,Steam,197,1639.04,8.32,44.5,74.7,25.3,51,146,7581,584,5117,2464,5117,2777.74,9861.03,12.1,43.2,0,Steam Summer Sale,1,4.56,3,3.6,AMD,4.058632,98.0,0.26,3.32,6043.98,Growth,51.7,48.3,Summer,Steam Summer Sale,Action-Adventure,Gen9
GTA5-113680,2025,7,3,Australia,AUS,Oceania,Xbox Series X|S,Premium Edition,Digital,Microsoft Store,2115,21551.85,10.19,32,70.3,29.7,555,1560,74661,4037,49421,25240,49421,41091.5,99899.75,18.0,46.4,0,Steam Summer Sale,1,4.43,19,5.37,AUD,0.001505,98.0,284.61,26.37,74951.2,Growth,47.7,52.3,Summer,Steam Summer Sale,Action-Adventure,Gen9
GTA5-113699,2025,7,3,Azerbaijan,AZE,Asia,PS5,Standard Edition,Digital,PlayStation Store,476,3360.56,7.06,52.9,70.9,29.1,123,353,9709,751,6677,3032,6677,4144.05,14831.62,15.4,55.8,0,Steam Summer Sale,1,4.38,8,5.13,AZN,0.016775,98.0,2.02,10.89,9673.4,Growth,43.9,56.1,Summer,Steam Summer Sale,Action-Adventure,Gen9
GTA5-113651,2025,7,3,Bahrain,BHR,Asia,PS5,Premium Edition,Digital,Rockstar Games Launcher,389,3294.83,8.47,43.5,72.2,27.8,107,282,12262,720,6800,5462,6800,4306.68,11377.1,14.0,54.3,0,Steam Summer Sale,1,4.81,8,2.43,BHD,0.0000003718,98.0,0.91,1.49,27332.51,Growth,49.7,50.3,Summer,Steam Summer Sale,Action-Adventure,Gen9
GTA5-113690,2025,7,3,Cambodia,KHM,Asia,PS5,Standard Edition,Digital,Epic Games Store,76,798.76,10.51,29.9,77.8,22.2,20,56,4412,348,3210,1202,3210,1210.78,4265.03,12.3,46.6,0,Steam Summer Sale,1,4.6,3,5.84,KHR,41.000941,98.0,0.25,17.2,2256.85,Growth,52.5,47.5,Summer,Steam Summer Sale,Action-Adventure,Gen9
GTA5-113634,2025,7,3,Chile,CHL,South America,PS5,Premium Edition,Digital,Epic Games Store,585,3199.95,5.47,63.5,76.8,23.2,166,419,18449,1207,11993,6456,11993,9588.46,20599.5,16.2,52.2,0,Steam Summer Sale,1,4.51,8,4.72,CLP,9.134597,98.0,9.78,19.49,19604.72,Growth,47.9,52.1,Summer,Steam Summer Sale,Action-Adventure,Gen9
GTA5-113685,2025,7,3,China,CHN,Asia,PS5,Standard Edition,Digital,Steam,4107,29816.82,7.26,51.6,72.5,27.5,1015,3092,114553,9503,79660,34893,79660,57734.82,142466.34,15.6,62.2,0,Steam Summer Sale,1,4.63,89,0.41,CNY,0.070274,98.0,4984.35,1589.11,15079.66,Growth,47.6,52.4,Summer,Steam Summer Sale,Action-Adventure,Gen9
GTA5-113697,2025,7,3,Croatia,HRV,Europe,Xbox Series X|S,Standard Edition,Digital,PlayStation Store,465,3496.8,7.52,49.8,77.7,22.3,126,339,12502,977,8052,4450,8052,3012.77,9398.92,13.4,54.3,0,Steam Summer Sale,1,4.48,4,3.79,EUR,0.0000008823,98.0,2.18,4.82,17637.42,Growth,40.8,59.2,Summer,Steam Summer Sale,Action-Adventure,Gen9
GTA5-113708,2025,7,3,Cyprus,CYP,Europe,PS5,Premium Edition,Digital,PlayStation Store,242,1860.98,7.69,48.7,72.7,27.3,57,185,10345,700,6704,3641,6704,6928.37,14757.53,14.9,32.0,0,Steam Summer Sale,1,4.73,4,2.0,EUR,0.0000008835,98.0,0.5,0.99,31723.66,Growth,46.3,53.7,Summer,Steam Summer Sale,Action-Adventure,Gen9
GTA5-113638,2025,7,3,Ecuador,ECU,South America,Xbox Series X|S,Premium Edition,Digital,Microsoft Store,121,900.24,7.44,50.4,74.2,25.8,29,92,5853,476,4152,1701,4152,2230.51,6126.89,13.2,51.3,0,Steam Summer Sale,1,4.69,3,5.16,USD,0.010199,98.0,1.44,18.34,8178.3,Growth,50.5,49.5,Summer,Steam Summer Sale,Action-Adventure,Gen9
GTA5-113683,2025,7,3,Egypt,EGY,Africa,Xbox Series X|S,Legacy Edition,Digital,Epic Games Store,459,3488.4,7.6,49.3,74.6,25.4,126,333,17065,1336,10961,6104,10961,7070.55,22959.93,17.4,40.8,0,Steam Summer Sale,1,4.76,5,5.74,EGP,0.310809,98.0,20.86,104.34,4806.64,Growth,43.9,56.1,Summer,Steam Summer Sale,Action-Adventure,Gen9
GTA5-113641,2025,7,3,France,FRA,Europe,PS5,Premium Edition,Digital,Microsoft Store,2347,22859.78,9.74,35,72.3,27.7,696,1651,129463,9454,89730,39733,89730,37278.35,102331.29,16.0,48.5,0,Steam Summer Sale,1,4.69,62,5.27,EUR,0.0000008907,98.0,583.22,75.67,50178.19,Growth,54.0,46.0,Summer,Steam Summer Sale,Action-Adventure,Gen9
GTA5-113665,2025,7,3,Georgia,GEO,Asia,PS5,Standard Edition,Digital,Rockstar Games Launcher,257,2269.31,8.83,41.1,74,26,72,185,9834,730,6874,2960,6874,3646.84,8439.92,15.7,50.1,0,Steam Summer Sale,1,4.58,4,2.89,GEL,0.026901,98.0,0.47,4.24,6906.24,Growth,39.9,60.1,Summer,Steam Summer Sale,Action-Adventure,Gen9
GTA5-113696,2025,7,3,Ireland,IRL,Europe,PS5,Standard Edition,Digital,PlayStation Store,677,3865.67,5.71,61.9,77.8,22.2,199,478,30460,2067,17974,12486,17974,9539.62,25936.22,17.4,55.0,0,Steam Summer Sale,1,4.68,12,4.18,EUR,0.0000009155,98.0,14.31,5.27,56553.47,Growth,40.4,59.6,Summer,Steam Summer Sale,Action-Adventure,Gen9
GTA5-113679,2025,7,3,Kenya,KEN,Africa,Xbox Series X|S,Premium Edition,Digital,Microsoft Store,342,3002.76,8.78,41.4,72.7,27.3,97,245,11963,808,8351,3612,8351,2806.46,8780.8,13.9,32.9,0,Steam Summer Sale,1,4.42,6,4.54,KES,1.276835,98.0,3.43,50.45,2656.94,Growth,37.2,62.8,Summer,Steam Summer Sale,Action-Adventure,Gen9
GTA5-113712,2025,7,3,Lebanon,LBN,Asia,PS5,Legacy Edition,Digital,Steam,323,1802.34,5.58,62.8,77.2,22.8,90,233,9967,689,6053,3914,6053,5974.29,13246.21,14.8,48.8,0,Steam Summer Sale,1,4.5,5,4.5,LBP,899.787812,98.0,1.12,6.76,10334.62,Growth,42.6,57.4,Summer,Steam Summer Sale,Action-Adventure,Gen9
GTA5-113711,2025,7,3,Luxembourg,LUX,Europe,PS5,Standard Edition,Digital,Rockstar Games Launcher,334,3460.24,10.36,30.9,72,28,86,248,16871,870,11630,5241,11630,10508.82,25450.0,13.6,53.6,0,Steam Summer Sale,1,4.59,4,0.51,EUR,0.0000008793,98.0,1.64,0.63,115901.13,Growth,52.0,48.0,Summer,Steam Summer Sale,Action-Adventure,Gen9
GTA5-113631,2025,7,3,Mexico,MEX,North America,Xbox Series X|S,Standard Edition,Digital,PlayStation Store,998,7764.44,7.78,48.1,71,29,237,761,36825,1891,25807,11018,25807,14600.69,46433.26,15.2,42.4,0,Steam Summer Sale,1,4.63,14,2.36,MXN,0.182223,98.0,150.81,139.88,15314.53,Growth,43.0,57.0,Summer,Steam Summer Sale,Action-Adventure,Gen9
GTA5-113691,2025,7,3,Morocco,MAR,Africa,Xbox Series X|S,Premium Edition,Digital,Steam,386,2744.46,7.11,52.6,75.4,24.6,100,286,22813,1245,14650,8163,14650,13667.98,29469.01,15.1,42.1,0,Steam Summer Sale,1,4.62,10,4.32,MAD,0.099752,98.0,5.36,37.84,4913.98,Growth,37.8,62.2,Summer,Steam Summer Sale,Action-Adventure,Gen9
GTA5-113709,2025,7,3,Myanmar,MMR,Asia,Xbox Series X|S,Standard Edition,Digital,Epic Games Store,143,1012.44,7.08,52.8,70.4,29.6,37,106,4245,291,2506,1739,2506,2329.98,5246.94,13.1,27.2,0,Steam Summer Sale,1,4.57,3,5.79,MMK,0.00214929,98.0,1.35,60.77,2314.96,Growth,48.3,51.7,Summer,Steam Summer Sale,Action-Adventure,Gen9
GTA5-113693,2025,7,3,Nepal,NPL,Asia,Xbox Series X|S,Standard Edition,Digital,Steam,167,1128.92,6.76,54.9,70.3,29.7,49,118,5176,448,3791,1385,3791,1496.83,4427.89,16.3,57.6,0,Steam Summer Sale,1,4.33,5,4.72,NPR,1.333781,98.0,0.53,32.1,1708.15,Growth,46.7,53.3,Summer,Steam Summer Sale,Action-Adventure,Gen9
GTA5-113686,2025,7,3,New Zealand,NZL,Oceania,PS5,Standard Edition,Digital,Microsoft Store,1021,9760.76,9.56,36.2,77.9,22.1,307,714,46061,2385,26776,19285,26776,15886.89,33613.44,15.2,42.7,0,Steam Summer Sale,1,4.45,10,2.21,NZD,0.016348,98.0,13.84,5.04,47685.79,Growth,38.4,61.6,Summer,Steam Summer Sale,Action-Adventure,Gen9
GTA5-113647,2025,7,3,Norway,NOR,Europe,Xbox Series X|S,Standard Edition,Digital,Rockstar Games Launcher,1386,8828.82,6.37,57.5,74.2,25.8,345,1041,26304,1579,19684,6620,19684,10746.9,24342.71,18.6,47.7,0,Steam Summer Sale,1,4.56,35,4.81,NOK,0.105098,98.0,36.27,5.85,107639.72,Growth,34.8,65.2,Summer,Steam Summer Sale,Action-Adventure,Gen9
GTA5-113706,2025,7,3,Oman,OMN,Asia,Xbox Series X|S,Standard Edition,Digital,Epic Games Store,290,2160.5,7.45,50.3,73,27,75,215,11588,875,7970,3618,7970,3326.75,13237.43,14.6,45.3,0,Steam Summer Sale,1,4.59,3,3.26,OMR,0.0000003851,98.0,2.33,4.59,22616.93,Growth,45.2,54.8,Summer,Steam Summer Sale,Action-Adventure,Gen9
GTA5-113673,2025,7,3,Saudi Arabia,SAU,Asia,PS5,Standard Edition,Digital,Microsoft Store,1208,9506.96,7.87,47.5,75.5,24.5,356,852,50932,2875,34288,16644,34288,23185.06,50269.39,16.8,51.4,0,Steam Summer Sale,1,4.56,25,3.28,SAR,0.037117,98.0,73.0,34.4,27632.38,Growth,37.8,62.2,Summer,Steam Summer Sale,Action-Adventure,Gen9
GTA5-113681,2025,7,3,Serbia,SRB,Europe,PS5,Legacy Edition,Digital,PlayStation Store,396,3334.32,8.42,43.8,73.5,26.5,108,288,20560,1642,11776,8784,11776,5447.9,13701.61,12.0,44.1,0,Steam Summer Sale,1,4.66,6,0.71,RSD,1.044262,98.0,1.93,8.26,8122.41,Growth,47.1,52.9,Summer,Steam Summer Sale,Action-Adventure,Gen9
GTA5-113668,2025,7,3,Singapore,SGP,Asia,Xbox Series X|S,Standard Edition,Digital,PlayStation Store,667,5075.87,7.61,49.2,72.1,27.9,196,471,32852,1897,22240,10612,22240,16450.81,38608.68,15.3,37.0,0,Steam Summer Sale,1,4.59,9,2.88,SGD,0.013818,98.0,24.06,6.19,60726.67,Growth,51.1,48.9,Summer,Steam Summer Sale,Action-Adventure,Gen9
GTA5-113678,2025,7,3,Slovenia,SVN,Europe,Xbox Series X|S,Standard Edition,Digital,Epic Games Store,366,2679.12,7.32,51.2,73.3,26.7,93,273,18396,1292,10866,7530,10866,5954.41,12310.14,14.0,41.0,0,Steam Summer Sale,1,4.44,8,3.34,EUR,0.0000009186,98.0,1.99,2.41,28649.2,Growth,50.4,49.6,Summer,Steam Summer Sale,Action-Adventure,Gen9
GTA5-113704,2025,7,3,Ukraine,UKR,Europe,Xbox Series X|S,Standard Edition,Digital,Epic Games Store,437,3714.5,8.5,43.3,70.6,29.4,119,318,13758,792,9100,4658,9100,3925.89,10451.09,15.4,54.8,0,Steam Summer Sale,1,4.6,11,3.18,UAH,0.377157,98.0,9.58,51.59,5804.16,Growth,56.7,43.3,Summer,Steam Summer Sale,Action-Adventure,Gen9
GTA5-113639,2025,7,3,United Kingdom,GBR,Europe,PS5,Standard Edition,Digital,Steam,2792,27947.92,10.01,33.2,72.6,27.4,723,2069,146963,8764,92148,54815,92148,114938.45,230980.79,15.5,54.5,0,Steam Summer Sale,1,4.69,77,3.54,GBP,0.0000007654,98.0,643.97,73.38,49862.58,Growth,40.0,60.0,Summer,Steam Summer Sale,Action-Adventure,Gen9
GTA5-113717,2025,7,3,United States,USA,North America,Xbox Series X|S,Standard Edition,Digital,Epic Games Store,4696,46020.8,9.8,34.6,70,30,1331,3365,126795,8572,72304,54491,72304,38323.91,96064.57,18.3,48.9,0,Steam Summer Sale,1,4.53,37,4.28,USD,0.010008,98.0,7487.64,362.31,64582.48,Growth,46.6,53.4,Summer,Steam Summer Sale,Action-Adventure,Gen9
GTA5-113637,2025,7,3,Uruguay,URY,South America,Xbox Series X|S,Premium Edition,Digital,PlayStation Store,125,1167.5,9.34,37.7,79.4,20.6,34,91,4924,327,3317,1607,3317,2082.84,4238.42,14.0,38.4,0,Steam Summer Sale,1,4.44,3,2.59,UYU,0.400364,98.0,0.76,3.9,20305.77,Growth,49.5,50.5,Summer,Steam Summer Sale,Action-Adventure,Gen9
GTA5-113786,2025,8,3,Algeria,DZA,Africa,Xbox Series X|S,Legacy Edition,Digital,Steam,355,2516.95,7.09,52.7,76.8,23.2,102,253,10924,888,7666,3258,7666,5540.8,16227.18,15.4,42.8,0,Rockstar Sale,1,4.63,7,4.74,DZD,1.360928,98.0,6.68,43.61,6834.1,Growth,48.3,51.7,Summer,Rockstar Sale,Action-Adventure,Gen9
GTA5-113731,2025,8,3,Argentina,ARG,South America,PS5,Premium Edition,Digital,Rockstar Games Launcher,739,5106.49,6.91,53.9,80.5,19.5,204,535,22431,1839,15623,6808,15623,13289.05,38349.76,14.8,62.3,0,Rockstar Sale,1,4.6,11,7.12,ARS,3.509047,98.0,30.32,48.2,16378.73,Growth,49.5,50.5,Summer,Rockstar Sale,Action-Adventure,Gen9
GTA5-113768,2025,8,3,Bangladesh,BGD,Asia,Xbox Series X|S,Standard Edition,Digital,Rockstar Games Launcher,386,3477.86,9.01,39.9,70,30,93,293,12490,1039,8725,3765,8725,6552.73,13595.62,14.6,52.0,0,Rockstar Sale,1,4.46,5,1.79,BDT,1.103551,98.0,11.46,180.17,2484.24,Growth,44.6,55.4,Summer,Rockstar Sale,Action-Adventure,Gen9
GTA5-113730,2025,8,3,Brazil,BRA,South America,PS5,Premium Edition,Digital,Epic Games Store,1478,12740.36,8.62,42.5,72,28,437,1041,48284,2756,26764,21520,26764,26793.94,61549.98,14.4,53.2,0,Rockstar Sale,1,4.7,38,2.75,BRL,0.051161,98.0,300.03,230.66,14517.26,Growth,44.3,55.7,Summer,Rockstar Sale,Action-Adventure,Gen9
GTA5-113818,2025,8,3,Brazil,BRA,South America,PS5,Standard Edition,Digital,Rockstar Games Launcher,1698,14229.24,8.38,44.1,74.1,25.9,459,1239,47040,4051,35139,11901,35139,25445.91,56273.19,18.4,50.6,0,Rockstar Sale,1,4.76,21,2.24,BRL,0.051024,98.0,295.62,230.66,14304.0,Growth,48.8,51.2,Summer,Rockstar Sale,Action-Adventure,Gen9
GTA5-113764,2025,8,3,Bulgaria,BGR,Europe,PS5,Premium Edition,Digital,Steam,583,5451.05,9.35,37.6,73.5,26.5,165,418,17570,941,10719,6851,10719,4637.96,11130.72,14.1,53.3,0,Rockstar Sale,1,4.78,6,1.72,BGN,0.017821,98.0,2.52,8.26,10606.16,Growth,43.1,56.9,Summer,Rockstar Sale,Action-Adventure,Gen9
GTA5-113732,2025,8,3,Chile,CHL,South America,PS5,Criminal Enterprise Starter Pack,Digital,Steam,414,3349.26,8.09,46,73.4,26.6,99,315,17112,1284,11632,5480,11632,10865.17,26930.92,14.7,52.3,0,Rockstar Sale,1,4.57,6,2.79,CLP,9.058166,98.0,9.72,19.51,19461.03,Growth,55.1,44.9,Summer,Rockstar Sale,Action-Adventure,Gen9
GTA5-113788,2025,8,3,Ethiopia,ETH,Africa,PS5,Standard Edition,Digital,Microsoft Store,178,1651.84,9.28,38.1,77.9,22.1,41,137,8706,511,4954,3752,4954,2176.21,5303.95,14.8,45.2,0,Rockstar Sale,1,4.63,5,0.64,ETB,0.558152,98.0,2.2,110.17,1560.1,Growth,41.6,58.4,Summer,Rockstar Sale,Action-Adventure,Gen9
GTA5-113804,2025,8,3,Fiji,FJI,Oceania,PS5,Premium Edition,Digital,Microsoft Store,119,1318.52,11.08,26.1,73.2,26.8,33,86,4241,259,2413,1828,2413,1841.79,4707.4,14.0,51.9,0,Rockstar Sale,1,4.35,3,6.16,FJD,0.002245,98.0,0.04,1.03,6123.95,Growth,41.3,58.7,Summer,Rockstar Sale,Action-Adventure,Gen9
GTA5-113739,2025,8,3,France,FRA,Europe,Xbox Series X|S,Standard Edition,Digital,Epic Games Store,2649,16158.9,6.1,59.3,72.7,27.3,676,1973,91903,6916,67280,24623,67280,22866.97,79998.83,16.8,47.1,0,Rockstar Sale,1,4.74,31,4.48,EUR,0.000000908,98.0,581.55,75.74,49988.18,Growth,55.2,44.8,Summer,Rockstar Sale,Action-Adventure,Gen9
GTA5-113738,2025,8,3,Germany,DEU,Europe,PS5,Premium Edition,Digital,Epic Games Store,3350,19095,5.7,62,76.5,23.5,780,2570,148975,12363,92391,56584,92391,40186.61,116278.04,16.4,47.3,0,Rockstar Sale,1,4.57,74,4.78,EUR,0.0000009035,98.0,985.42,92.95,55216.74,Growth,42.9,57.1,Summer,Rockstar Sale,Action-Adventure,Gen9
GTA5-113802,2025,8,3,Ghana,GHA,Africa,PS5,Standard Edition,Digital,Rockstar Games Launcher,348,2081.04,5.98,60.1,78.2,21.8,80,268,11498,631,6882,4616,6882,6121.22,12551.28,13.8,43.5,0,Rockstar Sale,1,4.57,5,3.67,GHS,0.119232,98.0,1.81,29.84,3167.28,Growth,41.3,58.7,Summer,Rockstar Sale,Action-Adventure,Gen9
GTA5-113763,2025,8,3,Greece,GRC,Europe,Xbox Series X|S,Standard Edition,Digital,Steam,455,3662.75,8.05,46.3,72.1,27.9,131,324,20176,1075,13561,6615,13561,8942.53,25081.77,14.1,51.6,0,Rockstar Sale,1,4.56,6,2.52,EUR,0.000000893,98.0,11.07,12.62,24919.02,Growth,46.8,53.2,Summer,Rockstar Sale,Action-Adventure,Gen9
GTA5-113793,2025,8,3,Hungary,HUN,Europe,PS5,Standard Edition,Digital,Steam,619,4729.16,7.64,49,73.7,26.3,176,443,18661,1351,12152,6509,12152,6859.22,16917.98,15.9,63.1,0,Rockstar Sale,1,4.49,4,3.58,HUF,0.353611,98.0,8.74,11.36,20026.23,Growth,48.8,51.2,Summer,Rockstar Sale,Action-Adventure,Gen9
GTA5-113740,2025,8,3,Italy,ITA,Europe,Xbox Series X|S,Standard Edition,Digital,Rockstar Games Launcher,1812,12992.04,7.17,52.2,75.9,24.1,540,1272,44529,2541,28590,15939,28590,28914.22,64173.93,15.7,42.4,0,Rockstar Sale,1,4.61,30,3.39,EUR,0.0000008874,98.0,319.97,68.86,41488.27,Growth,45.5,54.5,Summer,Rockstar Sale,Action-Adventure,Gen9
GTA5-113775,2025,8,3,Kenya,KEN,Africa,PS5,Standard Edition,Digital,Rockstar Games Launcher,274,2487.92,9.08,39.4,74.6,25.4,72,202,12143,716,9063,3080,9063,5740.23,15953.8,16.1,50.4,0,Rockstar Sale,1,4.45,7,7.19,KES,1.288723,98.0,3.45,50.49,2672.05,Growth,50.8,49.2,Summer,Rockstar Sale,Action-Adventure,Gen9
GTA5-113812,2025,8,3,Lithuania,LTU,Europe,Xbox Series X|S,Standard Edition,Digital,Microsoft Store,235,2455.75,10.45,30.3,72.4,27.6,56,179,14864,745,9491,5373,9491,5784.63,21074.1,16.7,52.1,0,Rockstar Sale,1,4.54,6,1.46,EUR,0.0000009136,98.0,1.83,3.33,21440.48,Growth,44.6,55.4,Summer,Rockstar Sale,Action-Adventure,Gen9
GTA5-113773,2025,8,3,Luxembourg,LUX,Europe,Xbox Series X|S,Standard Edition,Digital,Epic Games Store,319,2676.41,8.39,44,77.3,22.7,79,240,14505,736,9554,4951,9554,6703.38,16029.29,15.3,50.5,0,Rockstar Sale,1,4.4,3,3.58,EUR,0.0000008964,98.0,1.66,0.63,117398.15,Growth,38.0,62.0,Summer,Rockstar Sale,Action-Adventure,Gen9
GTA5-113803,2025,8,3,Malaysia,MYS,Asia,Xbox Series X|S,Premium Edition,Digital,Steam,762,7010.4,9.2,38.6,71.3,28.7,201,561,37257,2753,21909,15348,21909,21697.11,53931.25,15.4,51.0,0,Rockstar Sale,1,4.39,17,5.35,MYR,0.046717,98.0,32.35,34.43,14681.67,Growth,40.5,59.5,Summer,Rockstar Sale,Action-Adventure,Gen9
GTA5-113805,2025,8,3,Myanmar,MMR,Asia,Xbox Series X|S,Standard Edition,Digital,PlayStation Store,134,761.12,5.68,62.1,74.2,25.8,34,100,6099,407,4435,1664,4435,2528.82,8627.62,13.4,54.3,0,Rockstar Sale,1,4.7,3,7.28,MMK,21.030242,98.0,1.36,60.82,2337.46,Growth,37.2,62.8,Summer,Rockstar Sale,Action-Adventure,Gen9
GTA5-113742,2025,8,3,Netherlands,NLD,Europe,PS5,Standard Edition,Digital,Microsoft Store,1632,12713.28,7.79,48,76.1,23.9,449,1183,59672,3245,41892,17780,41892,29928.3,91859.75,17.6,46.0,0,Rockstar Sale,1,4.81,14,3.54,EUR,0.0000008885,98.0,102.54,19.51,58656.29,Growth,47.4,52.6,Summer,Rockstar Sale,Action-Adventure,Gen9
GTA5-113761,2025,8,3,Pakistan,PAK,Asia,PS5,Standard Edition,Digital,PlayStation Store,512,1536,3,80,67.2,32.8,121,391,25343,1987,17034,8309,17034,8673.95,31593.88,17.5,40.2,0,Rockstar Sale,1,4.47,13,6.42,PKR,2.816824,98.0,16.35,208.86,2446.06,Growth,46.2,53.8,Summer,Rockstar Sale,Action-Adventure,Gen9
GTA5-113822,2025,8,3,Peru,PER,South America,PS5,Standard Edition,Digital,Microsoft Store,405,3037.5,7.5,50,73.5,26.5,100,305,13666,997,9745,3921,9745,5784.4,18789.42,15.1,40.1,0,Rockstar Sale,1,4.49,7,0.95,PEN,0.037046,98.0,6.5,34.43,9836.38,Growth,50.2,49.8,Summer,Rockstar Sale,Action-Adventure,Gen9
GTA5-113806,2025,8,3,Romania,ROU,Europe,PS5,Standard Edition,Digital,Microsoft Store,746,4945.98,6.63,55.8,70.5,29.5,182,564,21697,1257,14467,7230,14467,11571.31,29926.66,13.3,34.0,0,Rockstar Sale,1,4.61,13,5.49,RON,0.044596,98.0,14.94,22.38,16045.29,Growth,52.6,47.4,Summer,Rockstar Sale,Action-Adventure,Gen9
GTA5-113770,2025,8,3,Serbia,SRB,Europe,PS5,Standard Edition,Digital,Rockstar Games Launcher,613,3402.15,5.55,63,70.5,29.5,151,462,18609,1635,11792,6817,11792,11787.26,27519.05,15.9,43.8,0,Rockstar Sale,1,4.63,9,2.25,RSD,1.049811,98.0,1.94,8.26,8168.54,Growth,48.9,51.1,Summer,Rockstar Sale,Action-Adventure,Gen9
GTA5-113753,2025,8,3,Slovakia,SVK,Europe,PS5,Standard Edition,Digital,Epic Games Store,576,3939.84,6.84,54.4,71.4,28.6,167,409,17475,1108,10264,7211,10264,6116.56,20002.06,13.2,39.8,0,Rockstar Sale,1,4.58,9,3.19,EUR,0.000000905,98.0,3.7,6.2,23337.68,Growth,43.4,56.6,Summer,Rockstar Sale,Action-Adventure,Gen9
GTA5-113778,2025,8,3,South Korea,KOR,Asia,PS5,Premium Edition,Digital,Epic Games Store,2664,23363.28,8.77,41.5,73.3,26.7,737,1927,118931,7148,84771,34160,84771,69539.71,169714.01,20.8,40.8,0,Rockstar Sale,1,4.52,60,3.63,KRW,13.081651,98.0,266.49,58.53,35570.42,Growth,50.7,49.3,Summer,Rockstar Sale,Action-Adventure,Gen9
GTA5-113741,2025,8,3,Spain,ESP,Europe,PS5,Criminal Enterprise Starter Pack,Digital,Epic Games Store,1283,11649.64,9.08,39.4,79.5,20.5,369,914,72808,4544,51447,21361,51447,25858.39,54770.04,17.2,46.4,0,Rockstar Sale,1,4.66,13,3.22,EUR,0.0000009042,98.0,201.82,53.94,35431.76,Growth,47.1,52.9,Summer,Rockstar Sale,Action-Adventure,Gen9
GTA5-113748,2025,8,3,Switzerland,CHE,Europe,PS5,Standard Edition,Digital,Rockstar Games Launcher,1143,11098.53,9.71,35.2,71.8,28.2,333,810,41436,2099,29207,12229,29207,20706.02,56807.7,18.1,45.9,0,Rockstar Sale,1,4.7,13,4.19,CHF,0.0000008804,98.0,54.28,9.3,91187.91,Growth,46.8,53.2,Summer,Rockstar Sale,Action-Adventure,Gen9
GTA5-113784,2025,8,3,Taiwan,TWN,Asia,Xbox Series X|S,Criminal Enterprise Starter Pack,Digital,Epic Games Store,1185,10783.5,9.1,39.3,71.9,28.1,292,893,42588,3796,30266,12322,30266,24195.09,50931.49,18.7,46.0,0,Rockstar Sale,1,4.61,23,4.58,TWD,0.314109,98.0,61.87,26.39,26167.5,Growth,60.2,39.8,Summer,Rockstar Sale,Action-Adventure,Gen9
GTA5-113798,2025,8,3,Thailand,THA,Asia,PS5,Legacy Edition,Digital,Rockstar Games Launcher,1208,7392.96,6.12,59.2,70.9,29.1,300,908,56481,4690,35730,20751,35730,16279.81,58619.56,16.5,52.9,0,Rockstar Sale,1,4.47,32,5.09,THB,0.351759,98.0,42.48,76.89,8632.46,Growth,45.8,54.2,Summer,Rockstar Sale,Action-Adventure,Gen9
GTA5-113801,2025,8,3,Turkey,TUR,Europe,Xbox Series X|S,Standard Edition,Digital,Rockstar Games Launcher,1084,8216.72,7.58,49.4,78,22,251,833,40648,3441,23441,17207,23441,15481.3,41314.07,18.7,61.8,0,Rockstar Sale,1,4.42,12,3.14,TRY,0.274388,98.0,82.28,87.22,14740.63,Growth,37.7,62.3,Summer,Rockstar Sale,Action-Adventure,Gen9
GTA5-113735,2025,8,3,Uruguay,URY,South America,PS5,Premium Edition,Digital,PlayStation Store,111,1344.21,12.11,19.2,77.6,22.4,30,81,6460,514,4476,1984,4476,3120.12,10179.17,13.1,46.8,0,Rockstar Sale,1,4.74,3,0.55,UYU,0.395746,98.0,0.76,3.9,20384.24,Growth,49.3,50.7,Summer,Rockstar Sale,Action-Adventure,Gen9
GTA5-113829,2025,9,3,Argentina,ARG,South America,PS5,Standard Edition,Digital,Microsoft Store,627,5279.34,8.42,43.8,72.5,27.5,181,446,20155,1631,11090,9065,11090,9488.0,22022.02,15.7,51.7,0,Xbox Sale,1,4.46,14,2.26,ARS,3.543713,98.0,30.54,48.24,16486.34,Growth,33.9,66.1,Autumn,Xbox Sale,Action-Adventure,Gen9
GTA5-113917,2025,9,3,Argentina,ARG,South America,PS5,Premium Edition,Digital,Epic Games Store,649,4835.05,7.45,50.3,74.9,25.1,170,479,24822,1528,16009,8813,16009,8970.4,20349.26,16.0,56.2,0,Xbox Sale,1,4.6,13,4.73,ARS,3.539062,98.0,30.54,48.24,16484.58,Growth,49.3,50.7,Autumn,Xbox Sale,Action-Adventure,Gen9
GTA5-113856,2025,9,3,Armenia,ARM,Asia,PS5,Criminal Enterprise Starter Pack,Digital,PlayStation Store,222,2235.54,10.07,32.8,74.8,25.2,59,163,8121,676,4538,3583,4538,3122.57,9815.92,15.4,40.5,0,Xbox Sale,1,4.56,3,2.75,AMD,4.087271,98.0,0.26,3.33,6094.45,Growth,34.6,65.4,Autumn,Xbox Sale,Action-Adventure,Gen9
GTA5-113870,2025,9,3,Australia,AUS,Oceania,PS5,Standard Edition,Digital,Epic Games Store,2142,14479.92,6.76,54.9,74.8,25.2,550,1592,127599,9168,70274,57325,70274,28920.91,70147.64,15.5,41.7,0,Xbox Sale,1,4.72,51,3.71,AUD,0.015288,98.0,276.44,26.42,72661.81,Growth,41.5,58.5,Autumn,Xbox Sale,Action-Adventure,Gen9
GTA5-113873,2025,9,3,Austria,AUT,Europe,PS5,Standard Edition,Digital,PlayStation Store,812,6877.64,8.47,43.5,68.3,31.7,239,573,39918,3385,26858,13060,26858,18679.84,42126.15,14.7,35.7,0,Xbox Sale,1,4.45,8,5.5,EUR,0.0000008881,98.0,28.4,9.76,53494.52,Growth,45.7,54.3,Autumn,Xbox Sale,Action-Adventure,Gen9
GTA5-113878,2025,9,3,Belgium,BEL,Europe,Xbox Series X|S,Premium Edition,Digital,Steam,1045,6217.75,5.95,60.3,76,24,254,791,31824,2700,20102,11722,20102,16623.83,34354.0,14.9,47.0,0,Xbox Sale,1,4.43,9,4.04,EUR,0.0000009065,98.0,39.11,12.63,50935.67,Growth,45.1,54.9,Autumn,Xbox Sale,Action-Adventure,Gen9
GTA5-113828,2025,9,3,Brazil,BRA,South America,Xbox Series X|S,Premium Edition,Digital,Microsoft Store,961,8168.5,8.5,43.3,74.5,25.5,247,714,66553,3483,42662,23891,42662,20000.52,54389.03,16.7,31.6,0,Xbox Sale,1,4.49,11,2.35,BRL,0.050955,98.0,299.58,230.88,14481.58,Growth,45.4,54.6,Autumn,Xbox Sale,Action-Adventure,Gen9
GTA5-113916,2025,9,3,Brazil,BRA,South America,Xbox Series X|S,Premium Edition,Digital,Microsoft Store,1174,8464.54,7.21,51.9,68.5,31.5,275,899,47626,3869,30552,17074,30552,13646.09,40871.98,13.9,46.2,0,Xbox Sale,1,4.42,14,3.0,BRL,0.050193,98.0,299.74,230.88,14489.29,Growth,46.6,53.4,Autumn,Xbox Sale,Action-Adventure,Gen9
GTA5-113908,2025,9,3,Bulgaria,BGR,Europe,Xbox Series X|S,Legacy Edition,Digital,PlayStation Store,320,2614.4,8.17,45.5,68.6,31.4,74,246,16002,1354,10244,5758,10244,5200.24,13200.34,17.4,51.6,0,Xbox Sale,1,4.4,6,3.67,BGN,0.017901,98.0,2.53,8.27,10610.36,Growth,35.9,64.1,Autumn,Xbox Sale,Action-Adventure,Gen9
GTA5-113826,2025,9,3,Canada,CAN,North America,Xbox Series X|S,Premium Edition,Digital,Epic Games Store,867,6979.35,8.05,46.3,75.3,24.7,202,665,58165,4447,39241,18924,39241,22198.33,73410.42,16.9,53.5,0,Xbox Sale,1,4.45,16,5.36,CAD,0.013085,98.0,234.62,40.2,60793.88,Growth,52.7,47.3,Autumn,Xbox Sale,Action-Adventure,Gen9
GTA5-113831,2025,9,3,Colombia,COL,South America,PS5,Criminal Enterprise Starter Pack,Digital,Microsoft Store,447,4648.8,10.4,30.6,72.8,27.2,115,332,17314,1443,10419,6895,10419,10205.77,23477.76,16.8,37.7,0,Xbox Sale,1,4.52,7,4.57,COP,39.652116,98.0,17.67,53.99,11361.16,Growth,48.6,51.4,Autumn,Xbox Sale,Action-Adventure,Gen9
GTA5-113882,2025,9,3,Cyprus,CYP,Europe,Xbox Series X|S,Standard Edition,Digital,Steam,176,1957.12,11.12,25.8,72.1,27.9,50,126,9281,815,5174,4107,5174,4306.2,8800.48,13.3,57.7,0,Xbox Sale,1,4.65,3,3.54,EUR,0.000000898,98.0,0.49,0.99,31217.27,Growth,52.6,47.4,Autumn,Xbox Sale,Action-Adventure,Gen9
GTA5-113844,2025,9,3,Denmark,DNK,Europe,PS5,Criminal Enterprise Starter Pack,Digital,Steam,1012,8602,8.5,43.3,73.8,26.2,245,767,42434,2237,24595,17839,24595,19626.34,58075.84,12.2,38.3,0,Xbox Sale,1,4.74,17,3.31,DKK,0.070119,98.0,23.24,6.43,66430.36,Growth,46.1,53.9,Autumn,Xbox Sale,Action-Adventure,Gen9
GTA5-113922,2025,9,3,Ecuador,ECU,South America,PS5,Premium Edition,Digital,Epic Games Store,141,1263.36,8.96,40.2,76.3,23.7,40,101,5194,300,2931,2263,2931,2418.32,5858.36,11.0,36.6,0,Xbox Sale,1,4.7,3,1.95,USD,0.010164,98.0,1.45,18.38,8215.5,Growth,36.1,63.9,Autumn,Xbox Sale,Action-Adventure,Gen9
GTA5-113834,2025,9,3,Ecuador,ECU,South America,Xbox Series X|S,Criminal Enterprise Starter Pack,Digital,Rockstar Games Launcher,261,1605.15,6.15,59,73.3,26.7,69,192,5490,475,3995,1495,3995,2705.7,7928.69,16.7,43.6,0,Xbox Sale,1,4.61,6,3.45,USD,0.010007,98.0,1.45,18.38,8200.64,Growth,45.1,54.9,Autumn,Xbox Sale,Action-Adventure,Gen9
GTA5-113910,2025,9,3,Ethiopia,ETH,Africa,PS5,Premium Edition,Digital,Rockstar Games Launcher,224,1883.84,8.41,43.9,75.6,24.4,53,171,11711,823,6701,5010,6701,4317.58,9773.38,12.1,34.9,0,Xbox Sale,1,4.61,3,3.87,ETB,0.558495,98.0,2.22,110.27,1573.04,Growth,51.1,48.9,Autumn,Xbox Sale,Action-Adventure,Gen9
GTA5-113854,2025,9,3,Fiji,FJI,Oceania,Xbox Series X|S,Standard Edition,Digital,Microsoft Store,85,722.5,8.5,43.3,73.4,26.6,21,64,3525,316,2612,913,2612,2508.43,6004.67,13.4,52.1,0,Xbox Sale,1,4.86,3,4.03,FJD,0.022751,98.0,0.04,1.03,6153.73,Growth,47.3,52.7,Autumn,Xbox Sale,Action-Adventure,Gen9
GTA5-113909,2025,9,3,Hong Kong,HKG,Asia,PS5,Premium Edition,Digital,Steam,1007,9717.55,9.65,35.6,76.6,23.4,273,734,46448,2893,31831,14617,31831,22202.35,46242.86,17.9,35.4,0,Xbox Sale,1,4.5,26,0.87,HKD,0.076108,98.0,27.24,8.27,42881.86,Growth,41.5,58.5,Autumn,Xbox Sale,Action-Adventure,Gen9
GTA5-113888,2025,9,3,India,IND,Asia,Xbox Series X|S,Standard Edition,Digital,Steam,1234,12796.58,10.37,30.8,76.8,23.2,349,885,57020,3519,32549,24471,32549,16713.51,36177.24,17.5,41.8,0,Xbox Sale,1,4.65,35,3.63,INR,0.829417,98.0,509.6,1438.09,3163.91,Growth,44.7,55.3,Autumn,Xbox Sale,Action-Adventure,Gen9
GTA5-113872,2025,9,3,Indonesia,IDN,Asia,PS5,Premium Edition,Digital,Microsoft Store,1136,9042.56,7.96,46.9,68.5,31.5,310,826,43682,3424,25701,17981,25701,15003.76,50851.89,13.8,42.5,0,Xbox Sale,1,4.51,29,2.36,IDR,154.210468,98.0,124.31,287.16,6148.93,Growth,51.2,48.8,Autumn,Xbox Sale,Action-Adventure,Gen9
GTA5-113898,2025,9,3,Ireland,IRL,Europe,PS5,Standard Edition,Digital,Microsoft Store,662,6706.06,10.13,32.4,76.9,23.1,165,497,31972,1644,18725,13247,18725,12707.83,36743.74,16.6,44.1,0,Xbox Sale,1,4.39,18,3.82,EUR,0.0000009029,98.0,14.23,5.28,56135.83,Growth,44.6,55.4,Autumn,Xbox Sale,Action-Adventure,Gen9
GTA5-113877,2025,9,3,Israel,ISR,Asia,PS5,Standard Edition,Digital,PlayStation Store,1035,9335.7,9.02,39.8,69.4,30.6,301,734,36386,2633,26585,9801,26585,18706.21,63729.85,13.8,29.7,0,Xbox Sale,1,4.54,23,1.86,ILS,0.036713,98.0,22.14,9.3,41337.95,Growth,42.3,57.7,Autumn,Xbox Sale,Action-Adventure,Gen9
GTA5-113838,2025,9,3,Italy,ITA,Europe,PS5,Standard Edition,Digital,Rockstar Games Launcher,1827,11144.7,6.1,59.3,72.5,27.5,527,1300,78318,4386,48356,29962,48356,27736.29,79413.58,19.2,46.2,0,Xbox Sale,1,4.49,15,5.87,EUR,0.0000009061,98.0,312.51,68.92,40485.51,Growth,40.5,59.5,Autumn,Xbox Sale,Action-Adventure,Gen9
GTA5-113900,2025,9,3,Lithuania,LTU,Europe,PS5,Premium Edition,Digital,Steam,369,3605.13,9.77,34.8,73.4,26.6,88,281,16330,862,11677,4653,11677,6619.82,16553.11,19.1,54.7,0,Xbox Sale,1,4.61,8,1.22,EUR,0.0000008839,98.0,1.82,3.33,21294.47,Growth,43.4,56.6,Autumn,Xbox Sale,Action-Adventure,Gen9
GTA5-113869,2025,9,3,Luxembourg,LUX,Europe,PS5,Standard Edition,Digital,PlayStation Store,321,2805.54,8.74,41.7,77.8,22.2,82,239,14593,846,9683,4910,9683,6981.35,14099.86,14.5,52.6,0,Xbox Sale,1,4.37,5,3.97,EUR,0.0000009135,98.0,1.7,0.63,120375.66,Growth,40.5,59.5,Autumn,Xbox Sale,Action-Adventure,Gen9
GTA5-113862,2025,9,3,Malaysia,MYS,Asia,PS5,Standard Edition,Digital,Rockstar Games Launcher,1486,12021.74,8.09,46,76,24,355,1131,52202,4084,36328,15874,36328,23904.55,87082.55,16.7,43.7,0,Xbox Sale,1,4.56,29,2.71,MYR,0.047153,98.0,32.39,34.46,14688.05,Growth,53.4,46.6,Autumn,Xbox Sale,Action-Adventure,Gen9
GTA5-113886,2025,9,3,Morocco,MAR,Africa,Xbox Series X|S,Criminal Enterprise Starter Pack,Digital,Epic Games Store,411,3197.58,7.78,48.1,76.6,23.4,111,300,18238,1450,10770,7468,10770,8684.79,23594.97,15.5,40.1,0,Xbox Sale,1,4.41,8,2.11,MAD,0.101867,98.0,5.45,37.9,4991.11,Growth,48.2,51.8,Autumn,Xbox Sale,Action-Adventure,Gen9
GTA5-113852,2025,9,3,New Zealand,NZL,Oceania,PS5,Standard Edition,Digital,Microsoft Store,1298,10695.52,8.24,45,77,23,383,915,45734,3666,26095,19639,26095,19080.4,53850.38,18.4,62.9,0,Xbox Sale,1,4.46,24,4.32,NZD,0.016292,98.0,13.84,5.05,47573.75,Growth,50.9,49.1,Autumn,Xbox Sale,Action-Adventure,Gen9
GTA5-113843,2025,9,3,Norway,NOR,Europe,PS5,Premium Edition,Digital,Steam,1176,9784.32,8.32,44.5,78.2,21.8,342,834,33197,2510,24198,8999,24198,25697.6,58112.66,15.8,50.6,0,Xbox Sale,1,4.5,18,4.4,NOK,0.104361,98.0,36.03,5.86,106750.73,Growth,36.6,63.4,Autumn,Xbox Sale,Action-Adventure,Gen9
GTA5-113920,2025,9,3,Peru,PER,South America,Xbox Series X|S,Legacy Edition,Digital,Rockstar Games Launcher,219,1979.76,9.04,39.7,78.5,21.5,55,164,10578,612,6658,3920,6658,7067.57,15971.59,16.0,52.1,0,Xbox Sale,1,4.63,3,3.47,PEN,0.036178,98.0,6.53,34.46,9862.58,Growth,39.4,60.6,Autumn,Xbox Sale,Action-Adventure,Gen9
GTA5-113841,2025,9,3,Poland,POL,Europe,Xbox Series X|S,Standard Edition,Digital,PlayStation Store,775,8261.5,10.66,28.9,72.2,27.8,221,554,40561,2971,29194,11367,29194,15785.06,47557.0,19.6,40.6,0,Xbox Sale,1,4.56,16,3.65,PLN,0.039889,98.0,69.4,43.65,20702.4,Growth,49.0,51.0,Autumn,Xbox Sale,Action-Adventure,Gen9
GTA5-113847,2025,9,3,Romania,ROU,Europe,PS5,Standard Edition,Digital,Rockstar Games Launcher,433,3758.44,8.68,42.1,68.1,31.9,120,313,27432,1687,16474,10958,16474,8771.7,21220.22,16.6,41.5,0,Xbox Sale,1,4.8,5,4.56,RON,0.045438,98.0,15.22,22.4,16332.78,Growth,42.8,57.2,Autumn,Xbox Sale,Action-Adventure,Gen9
GTA5-113850,2025,9,3,Saudi Arabia,SAU,Asia,Xbox Series X|S,Premium Edition,Digital,PlayStation Store,1192,7450,6.25,58.3,72.5,27.5,276,916,38650,3380,28437,10213,28437,15916.35,42334.88,17.9,49.0,0,Xbox Sale,1,4.53,25,3.05,SAR,0.037191,98.0,75.65,34.46,28584.04,Growth,49.1,50.9,Autumn,Xbox Sale,Action-Adventure,Gen9
GTA5-113865,2025,9,3,Singapore,SGP,Asia,Xbox Series X|S,Premium Edition,Digital,Steam,723,7887.93,10.91,27.2,71.7,28.3,196,527,27029,1710,18910,8119,18910,14429.31,41885.63,14.2,42.6,0,Xbox Sale,1,4.79,18,7.12,SGD,0.013395,98.0,24.07,6.2,60665.34,Growth,43.5,56.5,Autumn,Xbox Sale,Action-Adventure,Gen9
GTA5-113876,2025,9,3,Slovakia,SVK,Europe,Xbox Series X|S,Criminal Enterprise Starter Pack,Digital,Epic Games Store,287,2224.25,7.75,48.3,74,26,74,213,15337,905,10593,4744,10593,6206.85,20757.65,16.7,47.9,0,Xbox Sale,1,4.33,3,3.58,EUR,0.0000009002,98.0,3.72,6.2,23444.0,Growth,42.7,57.3,Autumn,Xbox Sale,Action-Adventure,Gen9
GTA5-113842,2025,9,3,Sweden,SWE,Europe,Xbox Series X|S,Standard Edition,Digital,Steam,952,10015.04,10.52,29.8,75.7,24.3,227,725,24832,1586,15202,9630,15202,11813.31,27795.89,15.3,50.7,0,Xbox Sale,1,4.6,22,0.9,SEK,0.104248,98.0,52.51,11.03,67618.33,Growth,46.9,53.1,Autumn,Xbox Sale,Action-Adventure,Gen9
GTA5-113868,2025,9,3,Taiwan,TWN,Asia,Xbox Series X|S,Premium Edition,Digital,Steam,1460,13125.4,8.99,40,70.8,29.2,360,1100,50321,4446,30410,19911,30410,11251.87,36224.56,13.6,47.1,0,Xbox Sale,1,4.77,33,3.44,TWD,0.320406,98.0,62.2,26.42,26276.34,Growth,46.6,53.4,Autumn,Xbox Sale,Action-Adventure,Gen9
GTA5-113874,2025,9,3,Tunisia,TUN,Africa,Xbox Series X|S,Criminal Enterprise Starter Pack,Digital,Steam,318,3240.42,10.19,32,72.8,27.2,74,244,8267,665,5387,2880,5387,5180.73,12290.24,15.1,47.5,0,Xbox Sale,1,4.57,7,3.51,TND,0.003101,98.0,1.12,12.63,5530.84,Growth,45.9,54.1,Autumn,Xbox Sale,Action-Adventure,Gen9
GTA5-113863,2025,9,3,Turkey,TUR,Europe,Xbox Series X|S,Premium Edition,Digital,PlayStation Store,1310,9039,6.9,54,73.9,26.1,360,950,32552,1816,20564,11988,20564,12902.99,46553.04,16.6,29.6,0,Xbox Sale,1,4.48,38,2.82,TRY,0.276448,98.0,82.52,87.3,14770.36,Growth,36.2,63.8,Autumn,Xbox Sale,Action-Adventure,Gen9
GTA5-113880,2025,9,3,Ukraine,UKR,Europe,PS5,Premium Edition,Digital,Epic Games Store,357,2538.27,7.11,52.6,75.4,24.6,104,253,22195,1466,15474,6721,15474,8386.59,26020.57,15.3,42.5,0,Xbox Sale,1,4.52,7,2.9,UAH,0.381417,98.0,9.6,51.69,5803.68,Growth,44.8,55.2,Autumn,Xbox Sale,Action-Adventure,Gen9
GTA5-113851,2025,9,3,Vietnam,VNM,Asia,PS5,Standard Edition,Digital,Steam,847,6903.05,8.15,45.6,72.9,27.1,250,597,36030,2970,26937,9093,26937,24231.54,65116.91,14.5,42.6,0,Xbox Sale,1,4.58,11,3.34,VND,246.101137,98.0,23.41,103.38,4162.95,Growth,38.3,61.7,Autumn,Xbox Sale,Action-Adventure,Gen9
GTA5-113927,2025,10,4,Argentina,ARG,South America,Xbox Series X|S,Criminal Enterprise Starter Pack,Digital,Microsoft Store,356,5240.32,14.72,1.8,77,23,81,275,29647,2603,17363,12284,17363,9272.02,22192.25,13.3,38.7,0,None,0,4.44,9,5.4,ARS,3.490145,98.0,30.4,48.29,16395.63,Growth,44.4,55.6,Autumn,None,Action-Adventure,Gen9
GTA5-113966,2025,10,4,Armenia,ARM,Asia,PS5,Criminal Enterprise Starter Pack,Digital,PlayStation Store,105,1242.15,11.83,21.1,79,21,28,77,7333,400,4286,3047,4286,3112.77,6349.65,14.2,42.9,0,None,0,4.54,3,4.36,AMD,4.062053,98.0,0.26,3.33,6086.95,Growth,43.3,56.7,Autumn,None,Action-Adventure,Gen9
GTA5-113952,2025,10,4,Australia,AUS,Oceania,PS5,Standard Edition,Digital,PlayStation Store,1442,21615.58,14.99,0,77.4,22.6,374,1068,86591,5122,60283,26308,60283,32783.91,81351.04,16.2,39.5,0,None,0,4.57,18,2.98,AUD,0.014991,98.0,283.76,26.44,74528.38,Growth,53.8,46.2,Autumn,None,Action-Adventure,Gen9
GTA5-113979,2025,10,4,Azerbaijan,AZE,Asia,PS5,Standard Edition,Digital,Microsoft Store,244,3174.44,13.01,13.2,76.8,23.2,61,183,10863,620,6166,4697,6166,4191.35,12328.53,14.7,58.7,0,None,0,4.66,6,5.08,AZN,0.017272,98.0,2.03,10.92,9665.66,Growth,36.3,63.7,Autumn,None,Action-Adventure,Gen9
GTA5-113980,2025,10,4,Bahrain,BHR,Asia,PS5,Standard Edition,Digital,PlayStation Store,261,3620.07,13.87,7.5,71.3,28.7,64,197,19276,1320,13165,6111,13165,7645.01,16633.1,15.0,44.2,0,None,0,4.46,6,0.87,BHD,0.0000003775,98.0,0.91,1.49,27408.1,Growth,49.9,50.1,Autumn,None,Action-Adventure,Gen9
GTA5-114005,2025,10,4,Belgium,BEL,Europe,Xbox Series X|S,Standard Edition,Digital,Microsoft Store,570,7843.2,13.76,8.2,77.3,22.7,167,403,35985,2905,20328,15657,20328,15339.52,44137.33,14.6,54.1,0,None,0,4.25,16,2.96,EUR,0.0000009084,98.0,39.47,12.65,51316.7,Growth,48.6,51.4,Autumn,None,Action-Adventure,Gen9
GTA5-113926,2025,10,4,Brazil,BRA,South America,Xbox Series X|S,Criminal Enterprise Starter Pack,Digital,Epic Games Store,730,8942.5,12.25,18.3,77.3,22.7,176,554,54299,3375,34254,20045,34254,15332.74,51743.26,17.8,45.6,0,None,0,4.49,10,4.25,BRL,0.050613,98.0,302.27,231.09,14598.34,Growth,47.2,52.8,Autumn,None,Action-Adventure,Gen9
GTA5-113955,2025,10,4,Bulgaria,BGR,Europe,Xbox Series X|S,Standard Edition,Digital,Epic Games Store,217,2953.37,13.61,9.2,72.4,27.6,61,156,16780,1131,10598,6182,10598,4055.3,9564.92,16.2,46.7,0,None,0,4.59,3,3.3,BGN,0.017997,98.0,2.55,8.28,10697.59,Growth,39.5,60.5,Autumn,None,Action-Adventure,Gen9
GTA5-113968,2025,10,4,Cambodia,KHM,Asia,PS5,Criminal Enterprise Starter Pack,Digital,Epic Games Store,50,672.5,13.45,10.3,76.9,23.1,13,37,5003,267,2941,2062,2941,936.49,3311.26,14.8,39.1,0,None,0,4.48,3,2.32,KHR,41.299854,98.0,0.25,17.25,2269.6,Growth,45.2,54.8,Autumn,None,Action-Adventure,Gen9
GTA5-113967,2025,10,4,Croatia,HRV,Europe,Xbox Series X|S,Standard Edition,Digital,PlayStation Store,248,3114.88,12.56,16.2,75.7,24.3,64,184,13984,810,10355,3629,10355,10643.38,23776.69,13.5,42.7,0,None,0,4.43,4,4.03,EUR,0.0000009021,98.0,2.23,4.83,18003.44,Growth,43.4,56.6,Autumn,None,Action-Adventure,Gen9
GTA5-113932,2025,10,4,Ecuador,ECU,South America,PS5,Premium Edition,Digital,Microsoft Store,82,1170.14,14.27,4.8,82.6,17.4,22,60,6201,454,4535,1666,4535,2302.16,6860.15,12.7,41.7,0,None,0,4.53,3,2.37,USD,0.0000009681,98.0,1.46,18.39,8283.79,Growth,47.7,52.3,Autumn,None,Action-Adventure,Gen9
GTA5-113961,2025,10,4,Egypt,EGY,Africa,Xbox Series X|S,Standard Edition,Digital,Epic Games Store,308,4327.4,14.05,6.3,76.3,23.7,76,232,30115,1598,17405,12710,17405,8217.73,26157.79,15.9,38.0,0,None,0,4.71,6,5.43,EGP,0.031078,98.0,21.22,104.62,4876.44,Growth,43.2,56.8,Autumn,None,Action-Adventure,Gen9
GTA5-113991,2025,10,4,Estonia,EST,Europe,Xbox Series X|S,Premium Edition,Digital,PlayStation Store,184,2568.64,13.96,6.9,76.9,23.1,48,136,15590,947,11424,4166,11424,3942.64,12566.12,15.6,46.3,0,None,0,4.41,3,3.03,EUR,0.0000008915,98.0,0.94,1.49,24572.62,Growth,48.5,51.5,Autumn,None,Action-Adventure,Gen9
GTA5-113964,2025,10,4,Ethiopia,ETH,Africa,Xbox Series X|S,Standard Edition,Digital,Microsoft Store,104,1412.32,13.58,9.4,74.1,25.9,30,74,7156,440,4237,2919,4237,3657.99,8452.67,16.1,45.4,0,None,0,4.67,3,3.4,ETB,0.556669,98.0,2.21,110.37,1566.0,Growth,48.6,51.4,Autumn,None,Action-Adventure,Gen9
GTA5-113943,2025,10,4,Finland,FIN,Europe,PS5,Premium Edition,Digital,Steam,508,6710.68,13.21,11.9,74.9,25.1,147,361,37883,2209,25321,12562,25321,11580.22,23926.52,15.0,45.5,0,None,0,4.25,14,3.57,EUR,0.0000009034,98.0,17.41,6.21,54743.17,Growth,43.7,56.3,Autumn,None,Action-Adventure,Gen9
GTA5-113934,2025,10,4,Germany,DEU,Europe,PS5,Premium Edition,Digital,PlayStation Store,1469,21976.24,14.96,0.2,64.8,35.2,403,1066,175840,11362,116563,59277,116563,72982.91,150366.59,17.7,44.8,0,None,0,4.67,29,3.47,EUR,0.0000008915,98.0,979.9,93.12,54806.93,Growth,39.0,61.0,Autumn,None,Action-Adventure,Gen9
GTA5-113953,2025,10,4,Jordan,JOR,Asia,PS5,Premium Edition,Digital,Epic Games Store,216,2913.84,13.49,10,69.5,30.5,51,165,14080,730,9226,4854,9226,6131.54,15447.13,13.6,50.1,0,None,0,4.51,4,2.79,JOD,0.0000007154,98.0,0.85,7.47,5952.62,Growth,53.6,46.4,Autumn,None,Action-Adventure,Gen9
GTA5-113987,2025,10,4,Kazakhstan,KAZ,Asia,Xbox Series X|S,Premium Edition,Digital,PlayStation Store,208,2687.36,12.92,13.8,73.1,26.9,58,150,17298,1428,12900,4398,12900,11826.66,27134.18,17.7,39.1,0,None,0,4.77,5,2.34,KZT,4.483848,98.0,9.48,19.54,16839.0,Growth,35.7,64.3,Autumn,None,Action-Adventure,Gen9
GTA5-113983,2025,10,4,Latvia,LVA,Europe,PS5,Standard Edition,Digital,Epic Games Store,212,2707.24,12.77,14.8,79.2,20.8,57,155,15514,870,10265,5249,10265,9565.24,23404.3,15.8,33.0,0,None,0,4.42,5,2.47,EUR,0.0000008963,98.0,1.04,2.3,20259.5,Growth,45.2,54.8,Autumn,None,Action-Adventure,Gen9
GTA5-113971,2025,10,4,Lebanon,LBN,Asia,PS5,Standard Edition,Digital,PlayStation Store,155,2201,14.2,5.3,73.8,26.2,35,120,9900,628,7223,2677,7223,4123.5,13905.85,17.8,54.5,0,None,0,4.66,3,3.0,LBP,899.083026,98.0,1.13,6.78,10434.64,Growth,41.4,58.6,Autumn,None,Action-Adventure,Gen9
GTA5-113972,2025,10,4,Luxembourg,LUX,Europe,Xbox Series X|S,Standard Edition,Digital,PlayStation Store,217,2803.64,12.92,13.8,77.3,22.7,57,160,15033,944,11247,3786,11247,8270.46,24559.65,17.5,55.6,0,None,0,4.58,4,4.23,EUR,0.0000009092,98.0,1.65,0.63,117151.29,Growth,57.9,42.1,Autumn,None,Action-Adventure,Gen9
GTA5-113925,2025,10,4,Mexico,MEX,North America,PS5,Standard Edition,Digital,Microsoft Store,577,8649.23,14.99,0,76.3,23.7,157,420,40335,3414,24738,15597,24738,12340.16,40469.06,16.4,49.8,0,None,0,4.57,16,3.42,MXN,0.184825,98.0,148.77,140.26,15065.92,Growth,42.9,57.1,Autumn,None,Action-Adventure,Gen9
GTA5-113977,2025,10,4,Morocco,MAR,Africa,PS5,Legacy Edition,Digital,PlayStation Store,321,4124.85,12.85,14.3,74.4,25.6,73,248,17012,1234,12207,4805,12207,8716.91,22676.07,14.6,46.0,0,None,0,4.48,7,4.82,MAD,0.102815,98.0,5.5,37.94,5032.83,Growth,48.1,51.9,Autumn,None,Action-Adventure,Gen9
GTA5-114006,2025,10,4,Myanmar,MMR,Asia,PS5,Premium Edition,Digital,Rockstar Games Launcher,78,1098.24,14.08,6.1,76.6,23.4,17,61,5310,360,3256,2054,3256,1609.22,4287.04,14.1,54.3,0,None,0,4.7,3,0.1,MMK,20.955257,98.0,1.38,60.93,2362.09,Growth,45.3,54.7,Autumn,None,Action-Adventure,Gen9
GTA5-114002,2025,10,4,Nigeria,NGA,Africa,PS5,Premium Edition,Digital,Epic Games Store,337,4310.23,12.79,14.7,75.4,24.6,80,257,29869,1874,18835,11034,18835,5300.89,18767.7,14.6,45.9,0,None,0,4.46,3,0.71,NGN,0.896109,98.0,40.38,200.04,4505.52,Growth,46.3,53.7,Autumn,None,Action-Adventure,Gen9
GTA5-113930,2025,10,4,Peru,PER,South America,Xbox Series X|S,Legacy Edition,Digital,Epic Games Store,151,2114,14,6.6,72.1,27.9,41,110,8327,473,4844,3483,4844,2021.24,5382.71,13.8,31.8,0,None,0,4.64,3,2.34,PEN,0.036849,98.0,6.48,34.49,9781.94,Growth,43.9,56.1,Autumn,None,Action-Adventure,Gen9
GTA5-113945,2025,10,4,Portugal,PRT,Europe,Xbox Series X|S,Standard Edition,Digital,Rockstar Games Launcher,318,4766.82,14.99,0,71.9,28.1,82,236,24119,1361,17961,6158,17961,7920.59,18795.42,14.4,38.2,0,None,0,4.31,4,4.0,EUR,0.0000008977,98.0,13.34,11.5,25895.5,Growth,56.2,43.8,Autumn,None,Action-Adventure,Gen9
GTA5-113959,2025,10,4,Romania,ROU,Europe,Xbox Series X|S,Premium Edition,Digital,Epic Games Store,282,3558.84,12.62,15.8,73.4,26.6,71,211,19926,1235,12179,7747,12179,5013.79,17330.28,14.0,53.1,0,None,0,4.63,6,1.52,RON,0.044924,98.0,15.07,22.42,16160.43,Growth,48.3,51.7,Autumn,None,Action-Adventure,Gen9
GTA5-113958,2025,10,4,Russia,RUS,Europe,PS5,Standard Edition,Digital,Steam,991,14399.23,14.53,3.1,73.1,26.9,241,750,68921,5922,49231,19690,49231,18353.9,62719.06,16.7,44.3,0,None,0,4.43,17,4.4,RUB,0.897277,98.0,287.15,165.55,18067.82,Growth,45.4,54.6,Autumn,None,Action-Adventure,Gen9
GTA5-113982,2025,10,4,South Africa,ZAF,Africa,PS5,Criminal Enterprise Starter Pack,Digital,Microsoft Store,564,8454.36,14.99,0,72.7,27.3,132,432,30919,2536,22009,8910,22009,12348.74,38237.79,17.7,40.9,0,None,0,4.54,14,2.17,ZAR,0.185488,98.0,33.33,60.93,9495.83,Growth,38.2,61.8,Autumn,None,Action-Adventure,Gen9
GTA5-113948,2025,10,4,Taiwan,TWN,Asia,Xbox Series X|S,Standard Edition,Digital,Steam,673,9038.39,13.43,10.4,65.4,34.6,173,500,44114,3199,31474,12640,31474,17237.39,34647.4,16.9,54.6,0,None,0,4.47,14,3.0,TWD,0.031324,98.0,63.45,26.44,26784.05,Growth,51.0,49.0,Autumn,None,Action-Adventure,Gen9
GTA5-113999,2025,10,4,Turkey,TUR,Europe,PS5,Standard Edition,Digital,Microsoft Store,500,6860,13.72,8.5,78.6,21.4,123,377,45997,3893,30357,15640,30357,27382.52,62278.62,14.4,40.7,0,None,0,4.38,10,1.7,TRY,0.268279,98.0,81.78,87.38,14623.79,Growth,49.7,50.3,Autumn,None,Action-Adventure,Gen9
GTA5-113956,2025,10,4,Ukraine,UKR,Europe,PS5,Criminal Enterprise Starter Pack,Digital,PlayStation Store,304,4556.96,14.99,0,73.1,26.9,79,225,21664,1197,12852,8812,12852,6907.92,13977.6,17.1,53.3,0,None,0,4.57,5,2.53,UAH,0.037929,98.0,9.65,51.74,5830.84,Growth,41.9,58.1,Autumn,None,Action-Adventure,Gen9
GTA5-113981,2025,10,4,United Arab Emirates,ARE,Asia,Xbox Series X|S,Standard Edition,Digital,Epic Games Store,574,7777.7,13.55,9.6,73.1,26.9,137,437,38194,1943,24134,14060,24134,19069.16,49987.62,13.7,56.8,0,None,0,4.44,10,4.56,AED,0.036482,98.0,34.87,10.58,46812.22,Growth,50.3,49.7,Autumn,None,Action-Adventure,Gen9
GTA5-113933,2025,10,4,United Kingdom,GBR,Europe,PS5,Premium Edition,Digital,PlayStation Store,1961,23512.39,11.99,20,73.3,26.7,501,1460,101184,7934,74800,26384,74800,30204.94,98631.94,15.2,32.6,0,None,0,4.41,54,4.12,GBP,0.0000007753,98.0,636.22,73.58,49128.41,Growth,42.1,57.9,Autumn,None,Action-Adventure,Gen9
GTA5-113923,2025,10,4,United States,USA,North America,Xbox Series X|S,Legacy Edition,Digital,Microsoft Store,2301,31707.78,13.78,8.1,76.7,23.3,620,1681,178847,9067,105246,73601,105246,72291.47,231931.36,19.3,55.3,0,None,0,4.23,33,4.19,USD,0.010016,98.0,7424.08,363.3,63859.72,Growth,45.8,54.2,Autumn,None,Action-Adventure,Gen9
GTA5-113946,2025,10,4,Vietnam,VNM,Asia,PS5,Standard Edition,Digital,Microsoft Store,492,7325.88,14.89,0.7,72.4,27.6,139,353,34094,1959,25449,8645,25449,26577.56,56464.14,18.0,57.6,0,None,0,4.34,11,2.16,VND,245.235374,98.0,23.61,103.47,4194.66,Growth,43.4,56.6,Autumn,None,Action-Adventure,Gen9
GTA5-114052,2025,11,4,Algeria,DZA,Africa,Xbox Series X|S,Standard Edition,Digital,Steam,479,4737.31,9.89,34,77.4,22.6,119,360,10158,793,7029,3129,7029,7258.8,15427.18,15.1,44.7,1,Black Friday,1,4.61,13,5.18,DZD,1.336229,98.0,6.64,43.73,6780.41,Growth,51.1,48.9,Autumn,Black Friday,Action-Adventure,Gen9
GTA5-114015,2025,11,4,Argentina,ARG,South America,PS5,Standard Edition,Digital,Microsoft Store,1111,7165.95,6.45,57,77.1,22.9,253,858,27753,1952,16614,11139,16614,11403.3,24080.19,12.8,48.3,1,Black Friday,1,4.5,18,3.41,ARS,3.489018,98.0,30.39,48.33,16376.62,Growth,41.6,58.4,Autumn,Black Friday,Action-Adventure,Gen9
GTA5-114103,2025,11,4,Argentina,ARG,South America,Xbox Series X|S,Premium Edition,Digital,Epic Games Store,833,8504.93,10.21,31.9,75.9,24.1,234,599,18062,1490,11048,7014,11048,4795.15,14684.1,11.2,41.7,1,Black Friday,1,4.68,13,2.8,ARS,3.581242,98.0,30.73,48.33,16557.57,Growth,32.6,67.4,Autumn,Black Friday,Action-Adventure,Gen9
GTA5-114039,2025,11,4,Armenia,ARM,Asia,Xbox Series X|S,Premium Edition,Digital,Rockstar Games Launcher,243,2206.44,9.08,39.4,74,26,56,187,6154,553,4216,1938,4216,2871.75,6331.67,15.6,57.8,1,Black Friday,1,4.57,5,1.98,AMD,4.122694,98.0,0.26,3.34,6148.04,Growth,42.9,57.1,Autumn,Black Friday,Action-Adventure,Gen9
GTA5-114064,2025,11,4,Azerbaijan,AZE,Asia,Xbox Series X|S,Standard Edition,Digital,Steam,419,2828.25,6.75,55,70.1,29.9,116,303,12075,759,6963,5112,6963,4001.83,15365.87,15.6,33.1,1,Black Friday,1,4.56,7,4.09,AZN,0.016812,98.0,2.07,10.93,9864.65,Growth,45.9,54.1,Autumn,Black Friday,Action-Adventure,Gen9
GTA5-114084,2025,11,4,Bahrain,BHR,Asia,Xbox Series X|S,Criminal Enterprise Starter Pack,Digital,PlayStation Store,577,4529.45,7.85,47.6,73.1,26.9,145,432,11808,1044,8136,3672,8136,5083.93,12203.22,12.1,45.2,1,Black Friday,1,4.49,13,4.09,BHD,0.000000379,98.0,0.92,1.5,27473.56,Growth,60.0,40.0,Autumn,Black Friday,Action-Adventure,Gen9
GTA5-114097,2025,11,4,Belgium,BEL,Europe,Xbox Series X|S,Criminal Enterprise Starter Pack,Digital,Steam,1214,10610.36,8.74,41.7,72.5,27.5,299,915,44609,2266,33087,11522,33087,12714.96,37390.97,16.7,51.5,1,Black Friday,1,4.6,30,4.52,EUR,0.0000008906,98.0,39.91,12.66,51844.24,Growth,51.2,48.8,Autumn,Black Friday,Action-Adventure,Gen9
GTA5-114102,2025,11,4,Brazil,BRA,South America,PS5,Legacy Edition,Digital,Steam,2339,22992.37,9.83,34.4,76,24,646,1693,68768,3956,46332,22436,46332,14657.15,46917.43,16.9,45.1,1,Black Friday,1,4.52,67,0.99,BRL,0.050726,98.0,300.72,231.3,14510.48,Growth,53.8,46.2,Autumn,Black Friday,Action-Adventure,Gen9
GTA5-114059,2025,11,4,Bulgaria,BGR,Europe,Xbox Series X|S,Criminal Enterprise Starter Pack,Digital,PlayStation Store,518,5682.46,10.97,26.8,72.9,27.1,128,390,15217,905,10972,4245,10972,7165.89,18012.48,15.0,50.8,1,Black Friday,1,4.5,5,4.17,BGN,0.017701,98.0,2.58,8.29,10787.04,Growth,60.1,39.9,Autumn,Black Friday,Action-Adventure,Gen9
GTA5-114035,2025,11,4,Cambodia,KHM,Asia,Xbox Series X|S,Standard Edition,Digital,PlayStation Store,187,1477.3,7.9,47.3,70.5,29.5,50,137,2741,233,1632,1109,1632,646.63,1627.78,14.1,33.4,1,Black Friday,1,4.5,3,2.37,KHR,40.906971,98.0,0.25,17.26,2270.98,Growth,44.8,55.2,Autumn,Black Friday,Action-Adventure,Gen9
GTA5-114091,2025,11,4,China,CHN,Asia,PS5,Premium Edition,Digital,PlayStation Store,6015,28210.35,4.69,68.7,78.4,21.6,1654,4361,128759,9083,72079,56680,72079,59922.03,149316.86,15.5,53.5,1,Black Friday,1,4.4,105,6.14,CNY,0.070664,98.0,5042.92,1594.91,15201.36,Growth,42.8,57.2,Autumn,Black Friday,Action-Adventure,Gen9
GTA5-114105,2025,11,4,Colombia,COL,South America,PS5,Premium Edition,Digital,PlayStation Store,628,6116.72,9.74,35,78.9,21.1,173,455,20267,1611,11790,8477,11790,9910.04,25784.26,14.4,46.9,1,Black Friday,1,4.78,6,4.0,COP,40.007665,98.0,17.37,54.08,11152.6,Growth,41.8,58.2,Autumn,Black Friday,Action-Adventure,Gen9
GTA5-114063,2025,11,4,Croatia,HRV,Europe,PS5,Standard Edition,Digital,Steam,693,4851,7,53.3,70.4,29.6,169,524,21519,1123,12238,9281,12238,7805.97,21840.63,14.9,55.3,1,Black Friday,1,4.44,12,2.59,EUR,0.0000008887,98.0,2.23,4.83,18045.45,Growth,56.7,43.3,Autumn,Black Friday,Action-Adventure,Gen9
GTA5-114108,2025,11,4,Ecuador,ECU,South America,PS5,Standard Edition,Digital,Rockstar Games Launcher,202,1731.14,8.57,42.8,77.6,22.4,55,147,6216,474,3691,2525,3691,3032.17,8075.06,13.1,43.7,1,Black Friday,1,4.5,5,3.96,USD,0.010013,98.0,1.46,18.41,8283.15,Growth,45.6,54.4,Autumn,Black Friday,Action-Adventure,Gen9
GTA5-114092,2025,11,4,Egypt,EGY,Africa,PS5,Standard Edition,Digital,PlayStation Store,1642,11346.22,6.91,53.9,65.7,34.3,420,1222,30219,2014,17389,12830,17389,11709.07,36983.46,14.2,29.6,1,Black Friday,1,4.67,32,2.6,EGP,0.312578,98.0,21.04,104.72,4829.32,Growth,53.8,46.2,Autumn,Black Friday,Action-Adventure,Gen9
GTA5-114096,2025,11,4,Ethiopia,ETH,Africa,PS5,Standard Edition,Digital,PlayStation Store,350,3062.5,8.75,41.6,71.1,28.9,85,265,9713,558,5623,4090,5623,4304.88,13665.71,11.5,32.8,1,Black Friday,1,4.72,3,1.66,ETB,0.566139,98.0,2.23,110.47,1580.19,Growth,38.9,61.1,Autumn,Black Friday,Action-Adventure,Gen9
GTA5-114041,2025,11,4,Fiji,FJI,Oceania,Xbox Series X|S,Standard Edition,Digital,Epic Games Store,141,1223.88,8.68,42.1,72.7,27.3,39,102,3186,259,2148,1038,2148,1846.83,4658.04,13.6,41.4,1,Black Friday,1,4.52,3,2.28,FJD,0.022204,98.0,0.04,1.04,6092.08,Growth,42.6,57.4,Autumn,Black Friday,Action-Adventure,Gen9
GTA5-114031,2025,11,4,Finland,FIN,Europe,PS5,Premium Edition,Digital,PlayStation Store,1341,9668.61,7.21,51.9,75.5,24.5,319,1022,39487,2148,23919,15568,23919,16977.19,41292.62,17.7,68.1,1,Black Friday,1,4.65,26,5.18,EUR,0.0000008891,98.0,17.25,6.21,54239.42,Growth,47.5,52.5,Autumn,Black Friday,Action-Adventure,Gen9
GTA5-114065,2025,11,4,Georgia,GEO,Asia,Xbox Series X|S,Premium Edition,Digital,Epic Games Store,311,2615.51,8.41,43.9,69.5,30.5,77,234,8805,769,5741,3064,5741,1990.66,7706.13,15.1,52.6,1,Black Friday,1,4.66,3,3.16,GEL,0.027021,98.0,0.47,4.26,6919.16,Growth,49.1,50.9,Autumn,Black Friday,Action-Adventure,Gen9
GTA5-114110,2025,11,4,Germany,DEU,Europe,Xbox Series X|S,Standard Edition,Digital,PlayStation Store,3988,31385.56,7.87,47.5,77.5,22.5,1110,2878,69789,6150,40223,29566,40223,18639.05,48392.06,16.8,32.8,1,Black Friday,1,4.5,64,1.51,EUR,0.0000009041,98.0,991.62,93.21,55408.97,Growth,43.2,56.8,Autumn,Black Friday,Action-Adventure,Gen9
GTA5-114055,2025,11,4,Ghana,GHA,Africa,Xbox Series X|S,Legacy Edition,Digital,Steam,381,3067.05,8.05,46.3,74.1,25.9,99,282,11842,869,7109,4733,7109,5266.36,16460.17,13.0,40.5,1,Black Friday,1,4.32,7,2.21,GHS,0.122306,98.0,1.83,29.92,3193.17,Growth,36.3,63.7,Autumn,Black Friday,Action-Adventure,Gen9
GTA5-114061,2025,11,4,Kenya,KEN,Africa,PS5,Standard Edition,Digital,PlayStation Store,769,5521.42,7.18,52.1,70.8,29.2,200,569,19590,1761,12543,7047,12543,4976.25,18359.99,14.6,32.3,1,Black Friday,1,4.48,15,3.97,KES,1.304828,98.0,3.52,50.63,2712.96,Growth,45.9,54.1,Autumn,Black Friday,Action-Adventure,Gen9
GTA5-114073,2025,11,4,Lebanon,LBN,Asia,Xbox Series X|S,Legacy Edition,Digital,Epic Games Store,283,2722.46,9.62,35.8,74.4,25.6,79,204,8108,468,5504,2604,5504,3680.1,10343.02,15.0,32.6,1,Black Friday,1,4.45,4,3.99,LBP,894.082027,98.0,1.16,6.79,10643.57,Growth,45.6,54.4,Autumn,Black Friday,Action-Adventure,Gen9
GTA5-114040,2025,11,4,Luxembourg,LUX,Europe,Xbox Series X|S,Standard Edition,Digital,PlayStation Store,591,3995.16,6.76,54.9,78.5,21.5,147,444,12200,1038,8544,3656,8544,4603.66,16990.99,16.5,40.7,1,Black Friday,1,4.8,12,4.75,EUR,0.0000009024,98.0,1.68,0.63,119216.39,Growth,47.5,52.5,Autumn,Black Friday,Action-Adventure,Gen9
GTA5-114101,2025,11,4,Mexico,MEX,North America,Xbox Series X|S,Standard Edition,Digital,Steam,1541,16010.99,10.39,30.7,75.9,24.1,352,1189,37587,3261,20718,16869,20718,13937.55,36526.19,13.7,46.2,1,Black Friday,1,4.6,40,2.31,MXN,0.185211,98.0,150.5,140.39,15227.86,Growth,35.7,64.3,Autumn,Black Friday,Action-Adventure,Gen9
GTA5-114082,2025,11,4,Myanmar,MMR,Asia,Xbox Series X|S,Standard Edition,Digital,PlayStation Store,176,1119.36,6.36,57.6,79.5,20.5,49,127,4362,335,3266,1096,3266,2937.54,7188.66,16.5,41.2,1,Black Friday,1,4.77,4,6.38,MMK,20.691493,98.0,1.38,60.99,2354.04,Growth,43.3,56.7,Autumn,Black Friday,Action-Adventure,Gen9
GTA5-114029,2025,11,4,Norway,NOR,Europe,PS5,Premium Edition,Digital,Rockstar Games Launcher,1639,14816.56,9.04,39.7,76,24,451,1188,44777,3945,31413,13364,31413,22030.47,56865.64,15.4,52.5,1,Black Friday,1,4.42,30,1.64,NOK,0.103039,98.0,36.52,5.87,108015.75,Growth,47.5,52.5,Autumn,Black Friday,Action-Adventure,Gen9
GTA5-114074,2025,11,4,Oman,OMN,Asia,Xbox Series X|S,Standard Edition,Digital,Epic Games Store,494,4895.54,9.91,33.9,70.4,29.6,115,379,9546,601,5444,4102,5444,5068.04,12583.37,14.1,46.5,1,Black Friday,1,4.53,12,1.81,OMR,0.0000003861,98.0,2.31,4.6,22424.28,Growth,50.3,49.7,Autumn,Black Friday,Action-Adventure,Gen9
GTA5-114048,2025,11,4,Pakistan,PAK,Asia,Xbox Series X|S,Standard Edition,Digital,PlayStation Store,931,6256.32,6.72,55.2,74.4,25.6,227,704,25570,1293,14283,11287,14283,12587.49,32261.49,14.0,51.7,1,Black Friday,1,4.5,26,4.14,PKR,2.753873,98.0,16.46,209.43,2456.44,Growth,53.2,46.8,Autumn,Black Friday,Action-Adventure,Gen9
GTA5-114067,2025,11,4,Russia,RUS,Europe,Xbox Series X|S,Legacy Edition,Digital,Microsoft Store,1965,15641.4,7.96,46.9,72.4,27.6,567,1398,50803,4527,36238,14565,36238,26615.52,78858.3,16.0,46.5,1,Black Friday,1,4.6,17,4.46,RUB,0.909603,98.0,288.34,165.71,18125.5,Growth,37.6,62.4,Autumn,Black Friday,Action-Adventure,Gen9
GTA5-114047,2025,11,4,Slovakia,SVK,Europe,PS5,Standard Edition,Digital,PlayStation Store,623,5183.36,8.32,44.5,74,26,142,481,17134,1126,11634,5500,11634,7014.75,26653.62,16.2,43.2,1,Black Friday,1,4.53,18,6.17,EUR,0.0000009124,98.0,3.75,6.21,23598.44,Growth,52.2,47.8,Autumn,Black Friday,Action-Adventure,Gen9
GTA5-114068,2025,11,4,South Africa,ZAF,Africa,Xbox Series X|S,Criminal Enterprise Starter Pack,Digital,Rockstar Games Launcher,722,7010.62,9.71,35.2,73.7,26.3,208,514,36535,2169,20735,15800,20735,22097.24,50843.39,14.7,56.0,1,Black Friday,1,4.56,17,1.36,ZAR,0.189606,98.0,33.18,60.99,9445.91,Growth,54.0,46.0,Autumn,Black Friday,Action-Adventure,Gen9
GTA5-114076,2025,11,4,South Korea,KOR,Asia,PS5,Standard Edition,Digital,Steam,4741,20907.81,4.41,70.6,72.4,27.6,1138,3603,76718,6242,47155,29563,47155,44455.61,98555.33,15.3,36.7,1,Black Friday,1,4.58,94,5.25,KRW,13.410559,98.0,268.82,58.69,35784.53,Growth,45.7,54.3,Autumn,Black Friday,Action-Adventure,Gen9
GTA5-114025,2025,11,4,Spain,ESP,Europe,PS5,Standard Edition,Digital,PlayStation Store,2883,28253.4,9.8,34.6,71.1,28.9,736,2147,66664,3337,46730,19934,46730,26850.64,63628.89,17.7,51.8,1,Black Friday,1,4.38,35,1.76,EUR,0.000000906,98.0,204.25,54.08,35765.13,Growth,40.9,59.1,Autumn,Black Friday,Action-Adventure,Gen9
GTA5-114069,2025,11,4,Sri Lanka,LKA,Asia,PS5,Standard Edition,Digital,Epic Games Store,386,2698.14,6.99,53.4,77.8,22.2,109,277,10537,637,6743,3794,6743,7222.07,15089.38,13.5,33.2,1,Black Friday,1,4.33,9,5.62,LKR,3.191693,98.0,1.82,24.17,4713.06,Growth,51.8,48.2,Autumn,Black Friday,Action-Adventure,Gen9
GTA5-114057,2025,11,4,Thailand,THA,Asia,PS5,Standard Edition,Digital,PlayStation Store,1581,9217.23,5.83,61.1,81.9,18.1,401,1180,48879,2822,31774,17105,31774,27493.19,72511.62,16.9,66.3,1,Black Friday,1,4.59,18,4.66,THB,0.353284,98.0,42.64,77.1,8642.09,Growth,53.3,46.7,Autumn,Black Friday,Action-Adventure,Gen9
GTA5-114080,2025,11,4,Tunisia,TUN,Africa,Xbox Series X|S,Premium Edition,Digital,Steam,438,3696.72,8.44,43.7,74.8,25.2,115,323,10227,896,7435,2792,7435,4784.77,14556.76,16.5,43.8,1,Black Friday,1,4.72,9,3.0,TND,0.030938,98.0,1.13,12.66,5573.24,Growth,46.1,53.9,Autumn,Black Friday,Action-Adventure,Gen9
GTA5-114083,2025,11,4,Ukraine,UKR,Europe,PS5,Premium Edition,Digital,Epic Games Store,760,4582.8,6.03,59.8,72.8,27.2,176,584,23226,1912,13322,9904,13322,9133.5,20792.95,17.4,53.1,1,Black Friday,1,4.29,12,6.23,UAH,0.375613,98.0,9.62,51.78,5804.29,Growth,41.4,58.6,Autumn,Black Friday,Action-Adventure,Gen9
GTA5-114188,2025,12,4,Armenia,ARM,Asia,Xbox Series X|S,Standard Edition,Digital,Steam,190,1318.6,6.94,53.7,79.4,20.6,50,140,9005,633,6159,2846,6159,3713.15,9834.5,14.9,47.9,1,Christmas,1,4.42,3,5.55,AMD,3.986318,98.0,0.26,3.34,6089.44,Growth,45.4,54.6,Winter,Christmas,Action-Adventure,Gen9
GTA5-114152,2025,12,4,Azerbaijan,AZE,Asia,PS5,Premium Edition,Digital,PlayStation Store,492,4831.44,9.82,34.5,73.2,26.8,136,356,10849,955,7209,3640,7209,5316.58,13305.26,11.8,40.4,1,Christmas,1,4.61,8,3.88,AZN,0.016849,98.0,2.06,10.94,9799.4,Growth,42.7,57.3,Winter,Christmas,Action-Adventure,Gen9
GTA5-114174,2025,12,4,Bangladesh,BGD,Asia,PS5,Standard Edition,Digital,Microsoft Store,797,7730.9,9.7,35.3,73.4,26.6,204,593,20255,1781,12619,7636,12619,7035.72,27805.15,13.8,40.0,1,Christmas,1,4.56,19,2.93,BDT,0.111991,98.0,11.62,180.83,2509.74,Growth,41.6,58.4,Winter,Christmas,Action-Adventure,Gen9
GTA5-114170,2025,12,4,Bulgaria,BGR,Europe,PS5,Legacy Edition,Digital,Epic Games Store,741,6239.22,8.42,43.8,75.8,24.2,212,529,20420,1058,11512,8908,11512,7555.13,19265.27,16.0,53.6,1,Christmas,1,4.46,20,4.12,BGN,0.017958,98.0,2.55,8.29,10697.65,Growth,47.7,52.3,Winter,Christmas,Action-Adventure,Gen9
GTA5-114143,2025,12,4,Cambodia,KHM,Asia,PS5,Premium Edition,Digital,Epic Games Store,162,1119.42,6.91,53.9,79.7,20.3,40,122,7217,449,5082,2135,5082,2163.6,6430.82,12.1,37.4,1,Christmas,1,4.44,3,5.48,KHR,4.063466,98.0,0.25,17.28,2276.24,Growth,46.7,53.3,Winter,Christmas,Action-Adventure,Gen9
GTA5-114116,2025,12,4,Chile,CHL,South America,PS5,Standard Edition,Digital,Steam,583,5853.32,10.04,33,73.1,26.9,136,447,17765,1150,12533,5232,12533,5934.68,19437.67,15.8,55.3,1,Christmas,1,4.59,15,2.89,CLP,0.882051,98.0,9.85,19.58,19650.39,Growth,50.6,49.4,Winter,Christmas,Action-Adventure,Gen9
GTA5-114205,2025,12,4,Colombia,COL,South America,PS5,Standard Edition,Digital,Steam,647,5991.22,9.26,38.2,71.5,28.5,176,471,23699,1537,17750,5949,17750,14099.05,36231.91,15.6,51.7,1,Christmas,1,4.63,17,4.4,COP,40.511494,98.0,17.42,54.13,11176.48,Growth,47.3,52.7,Winter,Christmas,Action-Adventure,Gen9
GTA5-114183,2025,12,4,Czech Republic,CZE,Europe,Xbox Series X|S,Legacy Edition,Digital,Microsoft Store,1046,9957.92,9.52,36.5,80.7,19.3,234,812,25495,2290,15454,10041,15454,10857.45,35058.1,15.0,47.9,1,Christmas,1,4.35,16,2.98,CZK,0.225747,98.0,15.21,12.09,26214.45,Growth,55.2,44.8,Winter,Christmas,Action-Adventure,Gen9
GTA5-114120,2025,12,4,Ecuador,ECU,South America,PS5,Standard Edition,Digital,PlayStation Store,298,2157.52,7.24,51.7,73.7,26.3,72,226,6371,392,4538,1833,4538,2190.97,7972.36,14.1,40.3,1,Christmas,1,4.5,8,3.8,USD,0.010022,98.0,1.47,18.43,8301.45,Growth,42.1,57.9,Winter,Christmas,Action-Adventure,Gen9
GTA5-114208,2025,12,4,Ecuador,ECU,South America,Xbox Series X|S,Standard Edition,Digital,Steam,248,2184.88,8.81,41.2,74.4,25.6,67,181,4454,382,2975,1479,2975,788.53,2951.8,15.1,49.0,1,Christmas,1,4.62,7,3.89,USD,0.001013,98.0,1.47,18.43,8319.03,Growth,44.0,56.0,Winter,Christmas,Action-Adventure,Gen9
GTA5-114165,2025,12,4,Ethiopia,ETH,Africa,Xbox Series X|S,Standard Edition,Digital,Steam,228,2200.2,9.65,35.6,75.4,24.6,62,166,7313,556,4599,2714,4599,1478.01,5179.88,12.8,45.0,1,Christmas,1,4.52,4,3.48,ETB,0.551244,98.0,2.22,110.57,1568.59,Growth,49.0,51.0,Winter,Christmas,Action-Adventure,Gen9
GTA5-114167,2025,12,4,Georgia,GEO,Asia,PS5,Legacy Edition,Digital,PlayStation Store,535,3921.55,7.33,51.1,73.5,26.5,138,397,10443,822,7452,2991,7452,8620.71,18518.16,13.5,43.2,1,Christmas,1,4.51,12,2.92,GEL,0.027076,98.0,0.47,4.26,6917.18,Growth,49.0,51.0,Winter,Christmas,Action-Adventure,Gen9
GTA5-114210,2025,12,4,Germany,DEU,Europe,PS5,Standard Edition,Digital,Epic Games Store,6356,44047.08,6.93,53.8,72.1,27.9,1595,4761,147456,9748,89863,57593,89863,58960.74,211863.08,19.7,46.7,1,Christmas,1,4.52,172,3.94,EUR,0.0000008857,98.0,980.69,93.29,54751.69,Growth,47.3,52.7,Winter,Christmas,Action-Adventure,Gen9
GTA5-114145,2025,12,4,Iceland,ISL,Europe,Xbox Series X|S,Standard Edition,Digital,Microsoft Store,531,3993.12,7.52,49.8,74.2,25.8,125,406,12978,788,9544,3434,9544,4646.45,15626.86,17.5,55.7,1,Christmas,1,4.76,8,5.03,ISK,1.366561,98.0,0.44,0.38,59739.33,Growth,52.2,47.8,Winter,Christmas,Action-Adventure,Gen9
GTA5-114181,2025,12,4,India,IND,Asia,PS5,Standard Edition,Digital,Epic Games Store,2616,15800.64,6.04,59.7,76.5,23.5,698,1918,77849,4572,49713,28136,49713,27738.97,61591.83,17.5,60.4,1,Christmas,1,4.41,26,2.93,INR,0.834586,98.0,514.16,1442.03,3183.5,Growth,44.9,55.1,Winter,Christmas,Action-Adventure,Gen9
GTA5-114168,2025,12,4,Indonesia,IDN,Asia,PS5,Standard Edition,Digital,Microsoft Store,1330,10906,8.2,45.3,76.5,23.5,369,961,42242,3624,30106,12136,30106,27762.24,69389.22,13.8,36.0,1,Christmas,1,4.29,17,5.0,IDR,157.867186,98.0,125.9,287.94,6210.64,Growth,39.8,60.2,Winter,Christmas,Action-Adventure,Gen9
GTA5-114182,2025,12,4,Iraq,IRQ,Asia,Xbox Series X|S,Premium Edition,Digital,Steam,305,2510.15,8.23,45.1,67.7,32.3,74,231,10966,813,6473,4493,6473,5777.85,14321.21,13.3,37.7,1,Christmas,1,4.61,8,1.92,IQD,12.991088,98.0,5.76,39.16,7663.32,Growth,51.4,48.6,Winter,Christmas,Action-Adventure,Gen9
GTA5-114149,2025,12,4,Jordan,JOR,Asia,Xbox Series X|S,Standard Edition,Digital,Microsoft Store,497,4537.61,9.13,39.1,76.3,23.7,135,362,12866,905,9089,3777,9089,4561.33,10402.81,13.0,45.0,1,Christmas,1,4.47,5,0.1,JOD,0.000000709,98.0,0.85,7.49,5943.79,Growth,52.8,47.2,Winter,Christmas,Action-Adventure,Gen9
GTA5-114160,2025,12,4,Latvia,LVA,Europe,Xbox Series X|S,Premium Edition,Digital,Rockstar Games Launcher,562,4833.2,8.6,42.6,73,27,140,422,13282,675,9358,3924,9358,3716.81,13182.48,14.8,38.9,1,Christmas,1,4.5,15,2.52,EUR,0.000000884,98.0,1.05,2.3,20339.51,Growth,40.3,59.7,Winter,Christmas,Action-Adventure,Gen9
GTA5-114180,2025,12,4,Lithuania,LTU,Europe,PS5,Standard Edition,Digital,PlayStation Store,673,4805.22,7.14,52.4,77.9,22.1,186,487,14040,820,8778,5262,8778,3742.46,8732.88,18.5,58.2,1,Christmas,1,4.36,8,3.83,EUR,0.0000009143,98.0,1.81,3.34,21133.05,Growth,40.0,60.0,Winter,Christmas,Action-Adventure,Gen9
GTA5-114198,2025,12,4,Malaysia,MYS,Asia,Xbox Series X|S,Standard Edition,Digital,Epic Games Store,1664,17405.44,10.46,30.2,75.7,24.3,388,1276,43784,3628,24653,19131,24653,10098.1,31485.74,14.3,33.7,1,Christmas,1,4.76,21,3.07,MYR,0.046595,98.0,32.9,34.55,14879.55,Growth,42.8,57.2,Winter,Christmas,Action-Adventure,Gen9
GTA5-114191,2025,12,4,Myanmar,MMR,Asia,Xbox Series X|S,Standard Edition,Digital,PlayStation Store,252,1925.28,7.64,49,79,21,63,189,5392,307,3432,1960,3432,1885.6,4320.23,12.7,34.3,1,Christmas,1,4.63,3,2.28,MMK,20.549984,98.0,1.39,61.04,2369.3,Growth,52.1,47.9,Winter,Christmas,Action-Adventure,Gen9
GTA5-114142,2025,12,4,Nepal,NPL,Asia,PS5,Premium Edition,Digital,Epic Games Store,208,2036.32,9.79,34.7,72.9,27.1,48,160,8825,761,6451,2374,6451,4685.87,9924.5,14.3,51.2,1,Christmas,1,4.47,5,5.22,NPR,1.325124,98.0,0.54,32.25,1737.02,Growth,45.0,55.0,Winter,Christmas,Action-Adventure,Gen9
GTA5-114129,2025,12,4,Norway,NOR,Europe,Xbox Series X|S,Standard Edition,Digital,Epic Games Store,1092,10537.8,9.65,35.6,73.5,26.5,279,813,29177,1856,18045,11132,18045,11213.0,36752.58,16.7,51.7,1,Christmas,1,4.65,27,2.48,NOK,0.00001046,98.0,36.32,5.87,107407.17,Growth,40.5,59.5,Winter,Christmas,Action-Adventure,Gen9
GTA5-114141,2025,12,4,Serbia,SRB,Europe,PS5,Standard Edition,Digital,Steam,629,5195.54,8.26,44.9,79,21,157,472,19410,1172,10957,8453,10957,6459.24,19822.8,13.5,46.9,1,Christmas,1,4.48,10,3.04,RSD,1.040611,98.0,1.99,8.29,8344.24,Growth,47.9,52.1,Winter,Christmas,Action-Adventure,Gen9
GTA5-114154,2025,12,4,South Korea,KOR,Asia,Xbox Series X|S,Standard Edition,Digital,Microsoft Store,2644,27656.24,10.46,30.2,72.4,27.6,602,2042,62412,4698,38566,23846,38566,25457.31,60245.28,15.0,42.7,1,Christmas,1,4.84,60,2.52,KRW,13.171562,98.0,272.25,58.74,36209.94,Growth,41.3,58.7,Winter,Christmas,Action-Adventure,Gen9
GTA5-114125,2025,12,4,Spain,ESP,Europe,Xbox Series X|S,Premium Edition,Digital,Epic Games Store,2254,16769.76,7.44,50.4,77.2,22.8,535,1719,54090,4230,36819,17271,36819,21640.39,46334.05,16.4,50.4,1,Christmas,1,4.57,59,4.59,EUR,0.0000009026,98.0,206.38,54.13,36105.19,Growth,48.5,51.5,Winter,Christmas,Action-Adventure,Gen9
GTA5-114171,2025,12,4,Thailand,THA,Asia,PS5,Premium Edition,Digital,Steam,1633,8720.22,5.34,64.4,76.7,23.3,447,1186,35228,2224,26220,9008,26220,9708.7,37941.56,15.5,37.7,1,Christmas,1,4.4,39,6.42,THB,0.358983,98.0,42.98,77.17,8702.01,Growth,41.6,58.4,Winter,Christmas,Action-Adventure,Gen9
GTA5-114177,2025,12,4,Tunisia,TUN,Africa,PS5,Premium Edition,Digital,Steam,388,3344.56,8.62,42.5,77.7,22.3,106,282,12440,876,8107,4333,8107,4743.41,14804.71,15.1,51.1,1,Christmas,1,4.57,3,0.84,TND,0.031018,98.0,1.14,12.67,5603.95,Growth,41.3,58.7,Winter,Christmas,Action-Adventure,Gen9
GTA5-114151,2025,12,4,Turkey,TUR,Europe,Xbox Series X|S,Premium Edition,Digital,Rockstar Games Launcher,1116,11762.64,10.54,29.7,76.4,23.6,317,799,35119,1818,25076,10043,25076,15403.37,51163.05,17.7,41.5,1,Christmas,1,4.6,16,4.25,TRY,0.273663,98.0,82.43,87.54,14713.27,Growth,52.9,47.1,Winter,Christmas,Action-Adventure,Gen9
GTA5-114155,2025,12,4,Ukraine,UKR,Europe,Xbox Series X|S,Standard Edition,Digital,Steam,606,4399.56,7.26,51.6,79.2,20.8,151,455,17102,1104,10319,6783,10319,8821.36,20647.79,15.4,53.3,1,Christmas,1,4.34,15,4.63,UAH,0.382118,98.0,9.74,51.83,5874.72,Growth,41.1,58.9,Winter,Christmas,Action-Adventure,Gen9
GTA5-114111,2025,12,4,United States,USA,North America,Xbox Series X|S,Standard Edition,Digital,PlayStation Store,8727,63968.91,7.33,51.1,74.2,25.8,2018,6709,130323,9104,82089,48234,82089,59767.84,150608.95,16.4,48.0,1,Christmas,1,4.34,76,1.59,USD,0.001003,98.0,7593.07,363.96,65194.96,Growth,45.2,54.8,Winter,Christmas,Action-Adventure,Gen9
GTA5-114199,2025,12,4,United States,USA,North America,Xbox Series X|S,Standard Edition,Digital,Steam,5927,58262.41,9.83,34.4,68.2,31.8,1518,4409,161245,14163,92252,68993,92252,50266.05,156868.75,16.7,52.0,1,Christmas,1,4.57,91,3.84,USD,0.010042,98.0,7531.87,363.96,64669.42,Growth,43.7,56.3,Winter,Christmas,Action-Adventure,Gen9
GTA5-114119,2025,12,4,Uruguay,URY,South America,Xbox Series X|S,Premium Edition,Digital,Microsoft Store,203,1293.11,6.37,57.5,72.9,27.1,52,151,4802,401,3206,1596,3206,2009.19,4115.07,13.5,36.8,1,Christmas,1,4.58,3,4.17,UYU,0.390374,98.0,0.77,3.92,20542.77,Growth,49.3,50.7,Winter,Christmas,Action-Adventure,Gen9
GTA5-114286,2026,1,1,Algeria,DZA,Africa,PS5,Standard Edition,Digital,PlayStation Store,510,3248.7,6.37,57.5,75.5,24.5,124,386,14378,731,8651,5727,8651,5595.09,19191.76,14.7,57.1,1,New Year Sale,1,4.67,12,6.12,DZD,1.341511,98.0,6.74,43.81,6863.17,Growth,46.7,53.3,Winter,New Year Sale,Action-Adventure,Gen9
GTA5-114215,2026,1,1,Argentina,ARG,South America,PS5,Standard Edition,Digital,PlayStation Store,1063,6930.76,6.52,56.5,74.3,25.7,235,828,23933,1678,17917,6016,17917,7607.14,23320.61,17.4,60.8,1,New Year Sale,1,4.79,22,5.25,ARS,3.524545,98.0,30.65,48.42,16484.81,Growth,41.5,58.5,Winter,New Year Sale,Action-Adventure,Gen9
GTA5-114259,2026,1,1,Armenia,ARM,Asia,Xbox Series X|S,Legacy Edition,Digital,PlayStation Store,251,2592.83,10.33,31.1,76.3,23.7,64,187,8575,718,5879,2696,5879,2790.51,6462.47,12.2,33.2,1,New Year Sale,1,4.7,4,3.08,AMD,0.401926,98.0,0.26,3.34,6125.74,Growth,51.8,48.2,Winter,New Year Sale,Action-Adventure,Gen9
GTA5-114272,2026,1,1,Azerbaijan,AZE,Asia,PS5,Criminal Enterprise Starter Pack,Digital,PlayStation Store,621,6284.52,10.12,32.5,79.7,20.3,173,448,12748,1097,9078,3670,9078,8838.96,20660.06,17.6,41.2,1,New Year Sale,1,4.64,8,4.25,AZN,0.017081,98.0,2.05,10.95,9741.4,Growth,47.2,52.8,Winter,New Year Sale,Action-Adventure,Gen9
GTA5-114268,2026,1,1,Bahrain,BHR,Asia,PS5,Standard Edition,Digital,Epic Games Store,670,4140.6,6.18,58.8,78.3,21.7,179,491,17115,1289,9760,7355,9760,5664.62,11575.4,12.3,40.5,1,New Year Sale,1,4.6,17,5.7,BHD,0.0000003767,98.0,0.91,1.5,27046.21,Growth,51.9,48.1,Winter,New Year Sale,Action-Adventure,Gen9
GTA5-114242,2026,1,1,Bangladesh,BGD,Asia,PS5,Standard Edition,Digital,PlayStation Store,651,6125.91,9.41,37.2,74.8,25.2,165,486,17280,1389,11524,5756,11524,7357.02,15455.21,18.1,44.7,1,New Year Sale,1,4.56,12,4.95,BDT,1.127838,98.0,11.71,180.99,2527.1,Growth,40.1,59.9,Winter,New Year Sale,Action-Adventure,Gen9
GTA5-114292,2026,1,1,Belgium,BEL,Europe,Xbox Series X|S,Standard Edition,Digital,PlayStation Store,1116,12108.6,10.85,27.6,76.7,23.3,294,822,33431,2186,23156,10275,23156,14659.09,42514.66,17.1,41.2,1,New Year Sale,1,4.37,12,4.53,EUR,0.0000008987,98.0,39.41,12.68,51114.84,Growth,46.6,53.4,Winter,New Year Sale,Action-Adventure,Gen9
GTA5-114302,2026,1,1,Brazil,BRA,South America,Xbox Series X|S,Criminal Enterprise Starter Pack,Digital,PlayStation Store,2005,15719.2,7.84,47.7,74.3,25.7,516,1489,65201,5474,37401,27800,37401,17481.31,66174.23,16.7,45.1,1,New Year Sale,1,4.51,19,4.58,BRL,0.050851,98.0,302.48,231.72,14569.04,Growth,51.1,48.9,Winter,New Year Sale,Action-Adventure,Gen9
GTA5-114240,2026,1,1,Bulgaria,BGR,Europe,PS5,Premium Edition,Digital,Steam,670,5654.8,8.44,43.7,72.8,27.2,181,489,18702,1575,13867,4835,13867,9051.52,29861.5,19.1,66.8,1,New Year Sale,1,4.43,11,3.04,BGN,0.018007,98.0,2.55,8.3,10659.73,Growth,45.9,54.1,Winter,New Year Sale,Action-Adventure,Gen9
GTA5-114216,2026,1,1,Chile,CHL,South America,PS5,Standard Edition,Digital,Microsoft Store,767,5882.89,7.67,48.8,73,27,207,560,14357,1192,10261,4096,10261,7481.05,20751.59,16.0,43.7,1,New Year Sale,1,4.65,14,4.57,CLP,9.091328,98.0,9.9,19.6,19737.57,Growth,40.2,59.8,Winter,New Year Sale,Action-Adventure,Gen9
GTA5-114217,2026,1,1,Colombia,COL,South America,PS5,Premium Edition,Digital,Rockstar Games Launcher,1055,8397.8,7.96,46.9,74.2,25.8,234,821,15962,1215,9766,6196,9766,9213.33,21139.09,17.1,34.6,1,New Year Sale,1,4.4,28,5.87,COP,39.845311,98.0,17.58,54.18,11267.4,Growth,48.1,51.9,Winter,New Year Sale,Action-Adventure,Gen9
GTA5-114305,2026,1,1,Colombia,COL,South America,PS5,Standard Edition,Digital,Steam,793,5432.05,6.85,54.3,74.6,25.4,200,593,16213,1450,8996,7217,8996,2832.99,9244.15,17.6,46.1,1,New Year Sale,1,4.66,14,1.21,COP,39.937509,98.0,17.51,54.18,11220.71,Growth,51.2,48.8,Winter,New Year Sale,Action-Adventure,Gen9
GTA5-114256,2026,1,1,Croatia,HRV,Europe,PS5,Standard Edition,Digital,PlayStation Store,668,5243.8,7.85,47.6,76.3,23.7,188,480,16836,1436,10085,6751,10085,6979.61,19450.97,13.5,48.8,1,New Year Sale,1,4.61,17,1.58,EUR,0.0000008953,98.0,2.24,4.84,18040.48,Growth,49.5,50.5,Winter,New Year Sale,Action-Adventure,Gen9
GTA5-114281,2026,1,1,Cyprus,CYP,Europe,Xbox Series X|S,Standard Edition,Digital,Epic Games Store,250,2847.5,11.39,24,73.8,26.2,70,180,8391,569,4675,3716,4675,2933.07,6004.38,12.2,39.0,1,New Year Sale,1,4.55,3,3.38,EUR,0.0000008939,98.0,0.5,0.99,31587.86,Growth,53.0,47.0,Winter,New Year Sale,Action-Adventure,Gen9
GTA5-114295,2026,1,1,Czech Republic,CZE,Europe,Xbox Series X|S,Standard Edition,Digital,PlayStation Store,861,8480.85,9.85,34.3,75.9,24.1,197,664,33830,2237,21103,12727,21103,21236.64,44338.55,15.2,49.1,1,New Year Sale,1,4.72,9,4.07,CZK,0.227898,98.0,15.16,12.1,26099.05,Growth,46.9,53.1,Winter,New Year Sale,Action-Adventure,Gen9
GTA5-114230,2026,1,1,Denmark,DNK,Europe,PS5,Standard Edition,Digital,Steam,1340,10237.6,7.64,49,74.9,25.1,350,990,37347,2030,23637,13710,23637,15680.15,38168.13,14.4,41.3,1,New Year Sale,1,4.73,29,0.55,DKK,0.067205,98.0,22.97,6.46,65352.52,Growth,47.5,52.5,Winter,New Year Sale,Action-Adventure,Gen9
GTA5-114252,2026,1,1,Egypt,EGY,Africa,Xbox Series X|S,Standard Edition,Digital,Rockstar Games Launcher,926,7630.24,8.24,45,74.4,25.6,245,681,19584,1640,11643,7941,11643,8685.45,21566.54,13.5,34.7,1,New Year Sale,1,4.52,18,4.79,EGP,0.307517,98.0,21.04,104.91,4821.35,Growth,38.1,61.9,Winter,New Year Sale,Action-Adventure,Gen9
GTA5-114274,2026,1,1,Estonia,EST,Europe,PS5,Standard Edition,Digital,Microsoft Store,695,6136.85,8.83,41.1,75,25,158,537,19815,1664,10947,8868,10947,4359.3,17402.06,15.5,46.6,1,New Year Sale,1,4.47,20,1.53,EUR,0.0000008981,98.0,0.95,1.5,24750.43,Growth,47.2,52.8,Winter,New Year Sale,Action-Adventure,Gen9
GTA5-114245,2026,1,1,Ethiopia,ETH,Africa,PS5,Standard Edition,Digital,Epic Games Store,309,2348.4,7.6,49.3,74.9,25.1,71,238,7574,462,5148,2426,5148,3380.85,12291.22,15.3,46.0,1,New Year Sale,1,4.37,4,3.11,ETB,0.559259,98.0,2.24,110.67,1579.07,Growth,40.6,59.4,Winter,New Year Sale,Action-Adventure,Gen9
GTA5-114234,2026,1,1,Fiji,FJI,Oceania,PS5,Standard Edition,Digital,Microsoft Store,193,1486.1,7.7,48.6,81.6,18.4,47,146,4667,299,3292,1375,3292,2171.06,7608.69,14.5,54.7,1,New Year Sale,1,4.52,3,1.63,FJD,0.022423,98.0,0.04,1.04,6147.76,Growth,43.3,56.7,Winter,New Year Sale,Action-Adventure,Gen9
GTA5-114231,2026,1,1,Finland,FIN,Europe,Xbox Series X|S,Standard Edition,Digital,Microsoft Store,958,8698.64,9.08,39.4,78.4,21.6,242,716,32882,2153,20202,12680,20202,9550.99,20979.02,15.9,37.1,1,New Year Sale,1,4.49,28,1.49,EUR,0.0000009088,98.0,17.53,6.23,54956.31,Growth,54.8,45.2,Winter,New Year Sale,Action-Adventure,Gen9
GTA5-114248,2026,1,1,Greece,GRC,Europe,Xbox Series X|S,Standard Edition,Digital,Microsoft Store,804,6448.08,8.02,46.5,80.5,19.5,207,597,21779,1523,12185,9594,12185,6614.7,13984.2,13.8,48.5,1,New Year Sale,1,4.47,9,4.46,EUR,0.0000008852,98.0,11.04,12.68,24727.93,Growth,39.8,60.2,Winter,New Year Sale,Action-Adventure,Gen9
GTA5-114239,2026,1,1,Hong Kong,HKG,Asia,PS5,Standard Edition,Digital,Rockstar Games Launcher,2603,23088.61,8.87,40.8,71.7,28.3,736,1867,50490,2575,32933,17557,32933,17884.24,36451.01,15.2,46.8,1,New Year Sale,1,4.38,64,2.06,HKD,0.077755,98.0,27.71,8.3,43476.27,Growth,47.7,52.3,Winter,New Year Sale,Action-Adventure,Gen9
GTA5-114269,2026,1,1,Hungary,HUN,Europe,PS5,Standard Edition,Digital,Steam,916,8069.96,8.81,41.2,75.1,24.9,210,706,23415,1509,15384,8031,15384,11203.83,22537.3,15.3,57.6,1,New Year Sale,1,4.35,24,4.48,HUF,3.556402,98.0,8.84,11.41,20167.18,Growth,48.5,51.5,Winter,New Year Sale,Action-Adventure,Gen9
GTA5-114236,2026,1,1,Iceland,ISL,Europe,PS5,Standard Edition,Digital,Steam,555,3252.3,5.86,60.9,71.5,28.5,151,404,14167,964,9197,4970,9197,4587.71,10060.43,15.6,45.3,1,New Year Sale,1,4.41,16,4.57,ISK,1.393363,98.0,0.44,0.38,59698.66,Growth,39.5,60.5,Winter,New Year Sale,Action-Adventure,Gen9
GTA5-114235,2026,1,1,Indonesia,IDN,Asia,PS5,Standard Edition,Digital,Rockstar Games Launcher,2199,15766.83,7.17,52.2,74.7,25.3,598,1601,45497,3823,29520,15977,29520,7459.59,29425.45,18.4,48.6,1,New Year Sale,1,4.36,44,5.26,IDR,156.648356,98.0,126.16,288.21,6217.99,Growth,53.3,46.7,Winter,New Year Sale,Action-Adventure,Gen9
GTA5-114261,2026,1,1,Iraq,IRQ,Asia,PS5,Premium Edition,Digital,Microsoft Store,267,2320.23,8.69,42,73,27,73,194,17469,972,11381,6088,11381,6324.78,14645.38,13.0,50.5,1,New Year Sale,1,4.81,3,3.82,IQD,1.298819,98.0,5.87,39.2,7800.51,Growth,32.2,67.8,Winter,New Year Sale,Action-Adventure,Gen9
GTA5-114288,2026,1,1,Ireland,IRL,Europe,PS5,Standard Edition,Digital,Epic Games Store,906,6912.78,7.63,49.1,75.8,24.2,240,666,30685,2187,17853,12832,17853,13163.01,37303.12,15.8,41.1,1,New Year Sale,1,4.65,15,3.32,EUR,0.000000913,98.0,14.47,5.3,56864.71,Growth,52.0,48.0,Winter,New Year Sale,Action-Adventure,Gen9
GTA5-114285,2026,1,1,Israel,ISR,Asia,PS5,Standard Edition,Digital,Steam,1517,13167.56,8.68,42.1,80.8,19.2,369,1148,35906,2250,22091,13815,22091,12805.11,31515.64,14.3,43.1,1,New Year Sale,1,4.5,19,2.84,ILS,0.037011,98.0,22.62,9.34,42054.78,Growth,52.0,48.0,Winter,New Year Sale,Action-Adventure,Gen9
GTA5-114224,2026,1,1,Italy,ITA,Europe,Xbox Series X|S,Standard Edition,Digital,Microsoft Store,2756,17886.44,6.49,56.7,75.8,24.2,742,2014,73258,5799,41758,31500,41758,43009.24,100223.74,14.7,50.7,1,New Year Sale,1,4.37,46,4.48,EUR,0.0000008935,98.0,314.11,69.17,40545.3,Growth,42.3,57.7,Winter,New Year Sale,Action-Adventure,Gen9
GTA5-114264,2026,1,1,Japan,JPN,Asia,Xbox Series X|S,Legacy Edition,Digital,PlayStation Store,3431,33932.59,9.89,34,72.5,27.5,922,2509,101023,6518,74087,26936,74087,37396.69,95245.93,17.2,47.2,1,New Year Sale,1,4.65,89,4.32,JPY,1.481365,98.0,1136.5,146.41,44104.66,Growth,32.4,67.6,Winter,New Year Sale,Action-Adventure,Gen9
GTA5-114255,2026,1,1,Kazakhstan,KAZ,Asia,PS5,Standard Edition,Digital,Rockstar Games Launcher,714,5533.5,7.75,48.3,76.3,23.7,198,516,19787,1464,13643,6144,13643,8009.69,19887.08,18.6,51.4,1,New Year Sale,1,4.23,20,1.9,KZT,4.496439,98.0,9.67,19.6,17139.26,Growth,48.9,51.1,Winter,New Year Sale,Action-Adventure,Gen9
GTA5-114296,2026,1,1,Kenya,KEN,Africa,PS5,Premium Edition,Digital,Rockstar Games Launcher,585,5183.1,8.86,40.9,73.2,26.8,137,448,22579,1367,16771,5808,16771,8121.33,32114.91,16.3,52.7,1,New Year Sale,1,4.73,7,5.56,KES,1.268415,98.0,3.52,50.72,2711.69,Growth,59.8,40.2,Winter,New Year Sale,Action-Adventure,Gen9
GTA5-114279,2026,1,1,Latvia,LVA,Europe,Xbox Series X|S,Legacy Edition,Digital,Epic Games Store,567,4757.13,8.39,44,77.8,22.2,153,414,12090,884,7717,4373,7717,6776.74,16966.11,11.3,40.8,1,New Year Sale,1,4.43,7,3.07,EUR,0.0000008921,98.0,1.06,2.31,20499.02,Growth,50.3,49.7,Winter,New Year Sale,Action-Adventure,Gen9
GTA5-114293,2026,1,1,Lebanon,LBN,Asia,PS5,Standard Edition,Digital,Microsoft Store,433,3386.06,7.82,47.8,77.8,22.2,112,321,10422,789,6051,4371,6051,5177.88,10508.43,15.0,46.6,1,New Year Sale,1,4.69,6,6.29,LBP,89.946805,98.0,1.14,6.8,10501.98,Growth,45.7,54.3,Winter,New Year Sale,Action-Adventure,Gen9
GTA5-114266,2026,1,1,Lithuania,LTU,Europe,Xbox Series X|S,Premium Edition,Digital,PlayStation Store,550,3498,6.36,57.6,66.2,33.8,156,394,16777,1507,9544,7233,9544,8565.01,18937.56,14.9,37.4,1,New Year Sale,1,4.39,9,3.99,EUR,0.0000009165,98.0,1.85,3.34,21592.93,Growth,55.8,44.2,Winter,New Year Sale,Action-Adventure,Gen9
GTA5-114247,2026,1,1,Luxembourg,LUX,Europe,Xbox Series X|S,Standard Edition,Digital,PlayStation Store,407,3276.35,8.05,46.3,79.6,20.4,90,317,8876,690,5049,3827,5049,5168.83,12457.98,12.9,44.5,1,New Year Sale,1,4.66,12,4.61,EUR,0.0000008959,98.0,1.71,0.63,120894.83,Growth,43.3,56.7,Winter,New Year Sale,Action-Adventure,Gen9
GTA5-114213,2026,1,1,Mexico,MEX,North America,PS5,Premium Edition,Digital,Rockstar Games Launcher,2032,17536.16,8.63,42.4,73.8,26.2,469,1563,44617,3837,26889,17728,26889,14518.72,29563.58,15.8,37.1,1,New Year Sale,1,4.46,45,5.04,MXN,0.185058,98.0,149.59,140.65,15107.32,Growth,47.6,52.4,Winter,New Year Sale,Action-Adventure,Gen9
GTA5-114301,2026,1,1,Mexico,MEX,North America,Xbox Series X|S,Standard Edition,Digital,Epic Games Store,1480,9694,6.55,56.3,74,26,393,1087,43035,2476,26665,16370,26665,19681.08,57471.44,15.6,41.6,1,New Year Sale,1,4.68,17,3.25,MXN,0.184955,98.0,150.82,140.65,15231.34,Growth,48.3,51.7,Winter,New Year Sale,Action-Adventure,Gen9
GTA5-114280,2026,1,1,Morocco,MAR,Africa,PS5,Standard Edition,Digital,Rockstar Games Launcher,1087,8467.73,7.79,48,80.8,19.2,282,805,22083,1555,15424,6659,15424,10305.3,21870.11,16.3,55.6,1,New Year Sale,1,4.52,29,4.53,MAD,0.099901,98.0,5.45,38.04,4971.95,Growth,49.3,50.7,Winter,New Year Sale,Action-Adventure,Gen9
GTA5-114297,2026,1,1,Myanmar,MMR,Asia,PS5,Standard Edition,Digital,Steam,244,2191.12,8.98,40.1,73,27,54,190,7806,523,4779,3027,4779,2343.28,8642.37,16.2,43.7,1,New Year Sale,1,4.39,3,2.4,MMK,21.128183,98.0,1.39,61.1,2376.36,Growth,51.1,48.9,Winter,New Year Sale,Action-Adventure,Gen9
GTA5-114263,2026,1,1,Nepal,NPL,Asia,PS5,Standard Edition,Digital,Steam,226,2022.7,8.95,40.3,75.3,24.7,58,168,6162,521,3442,2720,3442,1532.22,5194.12,15.1,39.2,1,New Year Sale,1,4.43,3,3.9,NPR,1.350789,98.0,0.54,32.28,1751.81,Growth,48.3,51.7,Winter,New Year Sale,Action-Adventure,Gen9
GTA5-114229,2026,1,1,Norway,NOR,Europe,PS5,Standard Edition,Digital,Epic Games Store,1374,10030.2,7.3,51.3,75.2,24.8,355,1019,38842,2695,21496,17346,21496,11098.32,37413.02,14.9,37.4,1,New Year Sale,1,4.71,27,4.67,NOK,0.104701,98.0,36.07,5.88,106512.88,Growth,51.0,49.0,Winter,New Year Sale,Action-Adventure,Gen9
GTA5-114276,2026,1,1,Oman,OMN,Asia,Xbox Series X|S,Legacy Edition,Digital,Epic Games Store,410,3599.8,8.78,41.4,74.4,25.6,112,298,12746,824,7912,4834,7912,5270.24,15096.01,15.2,41.6,1,New Year Sale,1,4.66,4,5.27,OMR,0.0000003869,98.0,2.3,4.61,22289.82,Growth,44.8,55.2,Winter,New Year Sale,Action-Adventure,Gen9
GTA5-114249,2026,1,1,Pakistan,PAK,Asia,PS5,Standard Edition,Digital,PlayStation Store,837,6746.22,8.06,46.2,78.5,21.5,229,608,22411,1508,15117,7294,15117,11787.38,29470.9,15.9,49.9,1,New Year Sale,1,4.5,23,3.93,PKR,2.796287,98.0,16.59,209.81,2471.43,Growth,45.5,54.5,Winter,New Year Sale,Action-Adventure,Gen9
GTA5-114306,2026,1,1,Peru,PER,South America,Xbox Series X|S,Standard Edition,Digital,PlayStation Store,361,2916.88,8.08,46.1,68.6,31.4,93,268,10876,697,7821,3055,7821,6529.26,13185.36,13.0,39.1,1,New Year Sale,1,4.49,6,4.07,PEN,0.037081,98.0,6.56,34.58,9887.31,Growth,41.0,59.0,Winter,New Year Sale,Action-Adventure,Gen9
GTA5-114244,2026,1,1,Philippines,PHL,Asia,Xbox Series X|S,Criminal Enterprise Starter Pack,Digital,PlayStation Store,937,6924.43,7.39,50.7,77.2,22.8,252,685,27295,1646,18228,9067,18228,7571.3,22832.26,14.6,30.2,1,New Year Sale,1,4.55,24,5.78,PHP,0.564949,98.0,30.77,112.98,4728.05,Growth,51.3,48.7,Winter,New Year Sale,Action-Adventure,Gen9
GTA5-114227,2026,1,1,Poland,POL,Europe,PS5,Standard Edition,Digital,Rockstar Games Launcher,1618,16438.88,10.16,32.2,74.9,25.1,379,1239,46922,3520,35147,11775,35147,23573.66,49945.28,15.6,52.0,1,New Year Sale,1,4.43,36,3.09,PLN,0.040625,98.0,70.6,43.81,20984.07,Growth,44.3,55.7,Winter,New Year Sale,Action-Adventure,Gen9
GTA5-114246,2026,1,1,Romania,ROU,Europe,Xbox Series X|S,Standard Edition,Digital,Rockstar Games Launcher,790,7836.8,9.92,33.8,74.6,25.4,202,588,22546,1352,14194,8352,14194,12201.93,26485.48,15.4,60.3,1,New Year Sale,1,4.55,22,2.1,RON,0.044641,98.0,15.38,22.48,16442.57,Growth,51.5,48.5,Winter,New Year Sale,Action-Adventure,Gen9
GTA5-114278,2026,1,1,Russia,RUS,Europe,PS5,Criminal Enterprise Starter Pack,Digital,Steam,2277,24637.14,10.82,27.8,71.6,28.4,629,1648,68346,5425,38221,30125,38221,21083.07,54573.8,14.9,41.0,1,New Year Sale,1,4.42,42,1.6,RUB,0.913453,98.0,287.97,166.01,18069.35,Growth,51.6,48.4,Winter,New Year Sale,Action-Adventure,Gen9
GTA5-114260,2026,1,1,Saudi Arabia,SAU,Asia,PS5,Criminal Enterprise Starter Pack,Digital,Microsoft Store,1814,15654.82,8.63,42.4,77.7,22.3,468,1346,51488,4039,32559,18929,32559,23372.1,47215.76,14.7,42.4,1,New Year Sale,1,4.42,21,2.49,SAR,0.037294,98.0,73.27,34.58,27590.84,Growth,40.4,59.6,Winter,New Year Sale,Action-Adventure,Gen9
GTA5-114270,2026,1,1,Serbia,SRB,Europe,Xbox Series X|S,Premium Edition,Digital,PlayStation Store,523,5878.52,11.24,25,77,23,146,377,16469,994,9908,6561,9908,7114.27,18768.46,15.7,36.9,1,New Year Sale,1,4.77,14,1.42,RSD,1.040626,98.0,1.96,8.3,8210.68,Growth,42.1,57.9,Winter,New Year Sale,Action-Adventure,Gen9
GTA5-114257,2026,1,1,Singapore,SGP,Asia,PS5,Standard Edition,Digital,PlayStation Store,1392,13168.32,9.46,36.9,74.3,25.7,371,1021,42657,2819,25574,17083,25574,11785.98,35908.69,16.3,49.9,1,New Year Sale,1,4.79,36,3.28,SGD,0.013231,98.0,24.72,6.23,62006.6,Growth,38.5,61.5,Winter,New Year Sale,Action-Adventure,Gen9
GTA5-114265,2026,1,1,Slovenia,SVN,Europe,PS5,Standard Edition,Digital,Microsoft Store,565,4972,8.8,41.3,74.1,25.9,160,405,18931,1551,12018,6913,12018,8224.49,24588.6,12.2,50.3,1,New Year Sale,1,4.66,5,3.34,EUR,0.0000008965,98.0,1.98,2.42,28418.4,Growth,40.7,59.3,Winter,New Year Sale,Action-Adventure,Gen9
GTA5-114225,2026,1,1,Spain,ESP,Europe,PS5,Standard Edition,Digital,Microsoft Store,2534,21615.02,8.53,43.1,79.4,20.6,718,1816,84122,7435,49292,34830,49292,36867.53,97697.59,16.8,43.7,1,New Year Sale,1,4.53,52,3.95,EUR,0.0000009199,98.0,203.95,54.18,35646.09,Growth,44.3,55.7,Winter,New Year Sale,Action-Adventure,Gen9
GTA5-114283,2026,1,1,Taiwan,TWN,Asia,PS5,Standard Edition,Digital,PlayStation Store,2802,16587.84,5.92,60.5,76.1,23.9,648,2154,58010,3174,39255,18755,39255,46669.51,93861.69,18.8,46.9,1,New Year Sale,1,4.65,68,3.05,TWD,0.312866,98.0,63.22,26.52,26606.95,Growth,46.4,53.6,Winter,New Year Sale,Action-Adventure,Gen9
GTA5-114282,2026,1,1,Thailand,THA,Asia,Xbox Series X|S,Legacy Edition,Digital,PlayStation Store,1279,10718.02,8.38,44.1,75.4,24.6,344,935,33361,2927,23614,9747,23614,13002.25,42857.1,14.4,42.7,1,New Year Sale,1,4.39,26,2.46,THB,0.357621,98.0,43.39,77.24,8776.61,Growth,40.3,59.7,Winter,New Year Sale,Action-Adventure,Gen9
GTA5-114273,2026,1,1,Ukraine,UKR,Europe,PS5,Standard Edition,Digital,Rockstar Games Launcher,1029,5350.8,5.2,65.3,77,23,287,742,16967,984,9541,7426,9541,4627.23,16450.02,12.8,51.0,1,New Year Sale,1,4.64,30,3.46,UAH,0.378899,98.0,9.71,51.88,5851.72,Growth,48.7,51.3,Winter,New Year Sale,Action-Adventure,Gen9
GTA5-114275,2026,1,1,United Arab Emirates,ARE,Asia,PS5,Premium Edition,Digital,Steam,1967,12588.8,6.4,57.3,73.3,26.7,500,1467,43165,3182,27077,16088,27077,9072.73,29921.91,15.8,45.2,1,New Year Sale,1,4.35,38,3.09,AED,0.036377,98.0,34.86,10.61,46667.13,Growth,49.5,50.5,Winter,New Year Sale,Action-Adventure,Gen9
GTA5-114309,2026,1,1,United Kingdom,GBR,Europe,PS5,Criminal Enterprise Starter Pack,Digital,PlayStation Store,4425,34603.5,7.82,47.8,77.6,22.4,1131,3294,107578,8677,65049,42529,65049,26144.91,76153.3,14.6,33.1,1,New Year Sale,1,4.6,90,2.68,GBP,0.0000007823,98.0,649.21,73.78,49995.92,Growth,49.3,50.7,Winter,New Year Sale,Action-Adventure,Gen9
GTA5-114211,2026,1,1,United States,USA,North America,PS5,Legacy Edition,Digital,Microsoft Store,9749,86181.16,8.84,41,75.6,24.4,2522,7227,204479,11904,140146,64333,140146,79268.38,224785.6,17.2,50.4,1,New Year Sale,1,4.44,169,3.89,USD,0.010069,98.0,7585.29,364.29,65069.13,Growth,44.0,56.0,Winter,New Year Sale,Action-Adventure,Gen9
GTA5-114299,2026,1,1,United States,USA,North America,PS5,Criminal Enterprise Starter Pack,Digital,PlayStation Store,6695,50547.25,7.55,49.6,73.6,26.4,1685,5010,190638,12643,115135,75503,115135,98535.06,278865.82,17.7,48.4,1,New Year Sale,1,4.6,181,2.29,USD,0.010126,98.0,7578.74,364.29,65012.96,Growth,48.6,51.4,Winter,New Year Sale,Action-Adventure,Gen9
GTA5-114307,2026,1,1,Uruguay,URY,South America,PS5,Standard Edition,Digital,PlayStation Store,267,2288.19,8.57,42.8,76,24,61,206,6132,395,4570,1562,4570,3036.62,7943.09,13.8,38.3,1,New Year Sale,1,4.55,3,3.07,UYU,0.039184,98.0,0.78,3.92,20770.29,Growth,42.6,57.4,Winter,New Year Sale,Action-Adventure,Gen9
GTA5-114253,2026,1,1,Vietnam,VNM,Asia,Xbox Series X|S,Premium Edition,Digital,Steam,1016,7264.4,7.15,52.3,73.5,26.5,283,733,30818,2700,19807,11011,19807,19463.67,39806.82,16.6,49.1,1,New Year Sale,1,4.6,15,4.99,VND,243.037052,98.0,23.93,103.75,4240.72,Growth,42.3,57.7,Winter,New Year Sale,Action-Adventure,Gen9
GTA5-114360,2026,2,1,Algeria,DZA,Africa,PS5,Legacy Edition,Digital,PlayStation Store,241,3251.09,13.49,10,78.6,21.4,60,181,13704,938,9292,4412,9292,5404.09,15064.82,15.2,37.6,0,None,0,4.49,6,1.98,DZD,1.334465,98.0,6.73,43.85,6851.43,Growth,42.7,57.3,Winter,None,Action-Adventure,Gen9
GTA5-114344,2026,2,1,Armenia,ARM,Asia,Xbox Series X|S,Legacy Edition,Digital,Epic Games Store,106,1514.74,14.29,4.7,76.3,23.7,25,81,6968,353,4509,2459,4509,2227.95,7514.98,18.2,51.6,0,None,0,4.74,3,2.33,AMD,4.025682,98.0,0.26,3.35,6175.97,Growth,47.5,52.5,Winter,None,Action-Adventure,Gen9
GTA5-114371,2026,2,1,Azerbaijan,AZE,Asia,PS5,Standard Edition,Digital,Rockstar Games Launcher,192,2607.36,13.58,9.4,75.9,24.1,49,143,13223,766,7709,5514,7709,5020.9,10547.92,17.4,47.1,0,None,0,4.46,3,2.79,AZN,0.016689,98.0,2.05,10.96,9719.16,Growth,44.8,55.2,Winter,None,Action-Adventure,Gen9
GTA5-114336,2026,2,1,Bahrain,BHR,Asia,PS5,Legacy Edition,Digital,Epic Games Store,287,4198.81,14.63,2.4,81,19,71,216,15777,835,11619,4158,11619,4657.02,12042.23,16.5,48.8,0,None,0,4.84,4,5.27,BHD,0.0000003783,98.0,0.91,1.5,27044.81,Growth,55.1,44.9,Winter,None,Action-Adventure,Gen9
GTA5-114340,2026,2,1,Bangladesh,BGD,Asia,PS5,Standard Edition,Digital,PlayStation Store,209,2441.12,11.68,22.1,74.5,25.5,46,163,15636,919,8639,6997,8639,4411.04,17365.41,12.5,39.5,0,None,0,4.21,3,3.73,BDT,1.092206,98.0,11.79,181.16,2542.83,Growth,46.9,53.1,Winter,None,Action-Adventure,Gen9
GTA5-114359,2026,2,1,Belgium,BEL,Europe,PS5,Standard Edition,Digital,Rockstar Games Launcher,727,9996.25,13.75,8.3,76.3,23.7,171,556,35471,2558,24708,10763,24708,14493.4,36640.12,17.4,38.1,0,None,0,4.64,14,4.53,EUR,0.0000009004,98.0,40.2,12.69,52107.09,Growth,34.1,65.9,Winter,None,Action-Adventure,Gen9
GTA5-114352,2026,2,1,China,CHN,Asia,PS5,Standard Edition,Digital,PlayStation Store,2326,30726.46,13.21,11.9,73.8,26.2,521,1805,114988,5964,74407,40581,74407,40225.79,104587.25,18.0,54.1,0,None,0,4.47,30,3.87,CNY,0.007121,98.0,5163.48,1599.28,15522.26,Growth,54.2,45.8,Winter,None,Action-Adventure,Gen9
GTA5-114317,2026,2,1,Colombia,COL,South America,Xbox Series X|S,Standard Edition,Digital,PlayStation Store,232,3428.96,14.78,1.4,81.4,18.6,56,176,17384,1508,12353,5031,12353,5065.91,13387.77,18.5,53.8,0,None,0,4.71,3,1.81,COP,39.977617,98.0,17.42,54.23,11153.39,Growth,46.2,53.8,Winter,None,Action-Adventure,Gen9
GTA5-114388,2026,2,1,Croatia,HRV,Europe,Xbox Series X|S,Premium Edition,Digital,Steam,250,3160,12.64,15.7,76.7,23.3,60,190,16118,1042,11431,4687,11431,5337.43,17889.79,17.3,51.3,0,None,0,4.34,5,1.85,EUR,0.0000009069,98.0,2.25,4.85,18094.39,Growth,39.6,60.4,Winter,None,Action-Adventure,Gen9
GTA5-114398,2026,2,1,Cyprus,CYP,Europe,PS5,Standard Edition,Digital,Steam,147,2137.38,14.54,3,76.1,23.9,34,113,12382,1012,9134,3248,9134,5988.38,19128.71,16.8,49.4,0,None,0,4.53,3,5.05,EUR,0.0000009053,98.0,0.5,0.99,31804.15,Growth,51.1,48.9,Winter,None,Action-Adventure,Gen9
GTA5-114341,2026,2,1,Czech Republic,CZE,Europe,Xbox Series X|S,Legacy Edition,Digital,Microsoft Store,420,5287.8,12.59,16,77.5,22.5,106,314,22902,1475,12731,10171,12731,4890.6,15055.59,11.6,33.6,0,None,0,4.63,6,1.03,CZK,0.022272,98.0,15.12,12.12,25990.14,Growth,38.1,61.9,Winter,None,Action-Adventure,Gen9
GTA5-114330,2026,2,1,Denmark,DNK,Europe,PS5,Legacy Edition,Digital,Microsoft Store,450,6111,13.58,9.4,78.2,21.8,119,331,32790,2330,18997,13793,18997,14727.41,34306.92,12.0,48.3,0,None,0,4.65,4,2.15,DKK,0.069544,98.0,23.17,6.46,65925.36,Growth,40.8,59.2,Winter,None,Action-Adventure,Gen9
GTA5-114320,2026,2,1,Ecuador,ECU,South America,PS5,Premium Edition,Digital,PlayStation Store,85,1172.15,13.79,8,71.7,28.3,23,62,6613,510,4837,1776,4837,3608.62,8227.05,15.6,37.7,0,None,0,4.4,3,0.82,USD,0.0000009995,98.0,1.48,18.46,8362.06,Growth,43.1,56.9,Winter,None,Action-Adventure,Gen9
GTA5-114383,2026,2,1,Estonia,EST,Europe,Xbox Series X|S,Standard Edition,Digital,Steam,155,2114.2,13.64,9,73.3,26.7,37,118,12232,1027,8806,3426,8806,3369.1,10211.65,13.5,48.8,0,None,0,4.3,3,2.38,EUR,0.0000009114,98.0,0.96,1.5,24999.28,Growth,45.6,54.4,Winter,None,Action-Adventure,Gen9
GTA5-114350,2026,2,1,Ethiopia,ETH,Africa,PS5,Standard Edition,Digital,Rockstar Games Launcher,122,1593.32,13.06,12.9,72.4,27.6,31,91,8279,444,5779,2500,5779,1902.54,5560.7,18.6,53.4,0,None,0,4.41,3,1.62,ETB,0.554758,98.0,2.26,110.77,1596.26,Growth,41.4,58.6,Winter,None,Action-Adventure,Gen9
GTA5-114365,2026,2,1,Fiji,FJI,Oceania,Xbox Series X|S,Standard Edition,Digital,Epic Games Store,57,772.35,13.55,9.6,78,22,13,44,3645,233,2017,1628,2017,1233.86,3342.83,10.6,48.0,0,None,0,4.64,3,4.36,FJD,0.022601,98.0,0.04,1.04,6267.8,Growth,34.2,65.8,Winter,None,Action-Adventure,Gen9
GTA5-114323,2026,2,1,France,FRA,Europe,PS5,Legacy Edition,Digital,Rockstar Games Launcher,2092,26714.84,12.77,14.8,73.4,26.6,490,1602,103235,8597,64363,38872,64363,49961.95,144370.37,20.3,52.6,0,None,0,4.51,51,3.18,EUR,0.0000008867,98.0,590.92,76.16,50513.72,Growth,42.8,57.2,Winter,None,Action-Adventure,Gen9
GTA5-114322,2026,2,1,Germany,DEU,Europe,PS5,Criminal Enterprise Starter Pack,Digital,Rockstar Games Launcher,2109,26678.85,12.65,15.6,67.9,32.1,473,1636,118055,9203,83213,34842,83213,57495.33,137640.21,17.9,49.9,0,None,0,4.58,61,1.71,EUR,0.0000009013,98.0,989.83,93.46,55161.05,Growth,43.0,57.0,Winter,None,Action-Adventure,Gen9
GTA5-114376,2026,2,1,Ghana,GHA,Africa,Xbox Series X|S,Standard Edition,Digital,Rockstar Games Launcher,205,2554.3,12.46,16.9,73.2,26.8,55,150,9088,680,5214,3874,5214,2220.35,4767.89,14.6,55.1,0,None,0,4.43,5,4.69,GHS,0.121541,98.0,1.84,30.0,3198.01,Growth,52.5,47.5,Winter,None,Action-Adventure,Gen9
GTA5-114338,2026,2,1,Greece,GRC,Europe,PS5,Premium Edition,Digital,Epic Games Store,293,3888.11,13.27,11.5,74.1,25.9,70,223,20266,1670,13318,6948,13318,8546.42,21116.58,13.5,40.2,0,None,0,4.5,7,4.8,EUR,0.0000008904,98.0,10.89,12.69,24371.76,Growth,50.9,49.1,Winter,None,Action-Adventure,Gen9
GTA5-114384,2026,2,1,Hong Kong,HKG,Asia,Xbox Series X|S,Criminal Enterprise Starter Pack,Digital,PlayStation Store,678,10122.54,14.93,0.4,75.1,24.9,175,503,43163,3023,28082,15081,28082,12858.78,51140.04,15.2,45.0,0,None,0,4.68,14,4.97,HKD,0.007846,98.0,27.85,8.31,43636.93,Growth,36.7,63.3,Winter,None,Action-Adventure,Gen9
GTA5-114349,2026,2,1,Hungary,HUN,Europe,PS5,Criminal Enterprise Starter Pack,Digital,Microsoft Store,394,5906.06,14.99,0,71.3,28.7,95,299,27273,1842,19214,8059,19214,9980.14,26379.21,13.7,29.4,0,None,0,4.66,5,0.73,HUF,3.579874,98.0,8.75,11.42,19941.76,Growth,41.8,58.2,Winter,None,Action-Adventure,Gen9
GTA5-114351,2026,2,1,Iceland,ISL,Europe,Xbox Series X|S,Standard Edition,Digital,Rockstar Games Launcher,174,2143.68,12.32,17.8,75.3,24.7,41,133,8036,596,4554,3482,4554,1615.23,4920.44,11.5,43.9,0,None,0,4.47,3,2.19,ISK,1.356829,98.0,0.43,0.38,59290.64,Growth,49.6,50.4,Winter,None,Action-Adventure,Gen9
GTA5-114380,2026,2,1,India,IND,Asia,PS5,Premium Edition,Digital,Rockstar Games Launcher,1046,14455.72,13.82,7.8,70.8,29.2,259,787,88707,5826,61098,27609,61098,35104.91,82776.81,18.8,63.8,0,None,0,4.61,26,2.69,INR,0.826937,98.0,517.17,1444.66,3196.3,Growth,45.2,54.8,Winter,None,Action-Adventure,Gen9
GTA5-114386,2026,2,1,Israel,ISR,Asia,Xbox Series X|S,Standard Edition,Digital,PlayStation Store,718,8020.06,11.17,25.5,74.5,25.5,194,524,36210,2436,23980,12230,23980,26733.34,54016.42,16.6,38.7,0,None,0,4.54,17,5.01,ILS,0.037429,98.0,22.77,9.35,42271.16,Growth,38.7,61.3,Winter,None,Action-Adventure,Gen9
GTA5-114324,2026,2,1,Italy,ITA,Europe,PS5,Standard Edition,Digital,Microsoft Store,1331,16584.26,12.46,16.9,76.9,23.1,372,959,73978,6412,44547,29431,44547,29318.2,64853.59,20.3,42.4,0,None,0,4.48,29,4.81,EUR,0.0000009163,98.0,321.0,69.23,41399.53,Growth,51.7,48.3,Winter,None,Action-Adventure,Gen9
GTA5-114387,2026,2,1,Kazakhstan,KAZ,Asia,Xbox Series X|S,Standard Edition,Digital,Microsoft Store,256,3558.4,13.9,7.3,76.3,23.7,72,184,15823,887,11244,4579,11244,4950.66,13505.45,15.7,52.2,0,None,0,4.43,6,1.62,KZT,4.524324,98.0,9.6,19.62,16996.57,Growth,47.3,52.7,Winter,None,Action-Adventure,Gen9
GTA5-114372,2026,2,1,Kenya,KEN,Africa,Xbox Series X|S,Legacy Edition,Digital,Epic Games Store,175,2381.75,13.61,9.2,77.8,22.2,43,132,15245,1098,10492,4753,10492,4970.59,14016.92,16.8,43.8,0,None,0,4.51,3,5.75,KES,1.308296,98.0,3.57,50.77,2745.04,Growth,43.4,56.6,Winter,None,Action-Adventure,Gen9
GTA5-114348,2026,2,1,Kuwait,KWT,Asia,PS5,Premium Edition,Digital,Epic Games Store,293,4128.37,14.09,6,76.5,23.5,69,224,25128,1566,13926,11202,13926,8435.42,17108.48,13.6,35.9,0,None,0,4.56,4,2.73,KWD,0.0000003064,98.0,6.64,3.92,52953.38,Growth,43.5,56.5,Winter,None,Action-Adventure,Gen9
GTA5-114397,2026,2,1,Latvia,LVA,Europe,Xbox Series X|S,Standard Edition,Digital,Rockstar Games Launcher,178,2385.2,13.4,10.6,73.6,26.4,41,137,11837,1020,6808,5029,6808,2982.67,8707.6,14.0,69.5,0,None,0,4.51,3,0.47,EUR,0.0000008952,98.0,1.05,2.31,20285.37,Growth,43.6,56.4,Winter,None,Action-Adventure,Gen9
GTA5-114396,2026,2,1,Lithuania,LTU,Europe,PS5,Standard Edition,Digital,Microsoft Store,339,5081.61,14.99,0,77.9,22.1,77,262,12846,735,9059,3787,9059,8931.56,19450.64,16.3,49.0,0,None,0,4.39,5,2.69,EUR,0.0000009085,98.0,1.86,3.35,21648.9,Growth,41.4,58.6,Winter,None,Action-Adventure,Gen9
GTA5-114346,2026,2,1,Malaysia,MYS,Asia,Xbox Series X|S,Legacy Edition,Digital,Rockstar Games Launcher,382,5710.9,14.95,0.3,73.3,26.7,97,285,41466,3025,28172,13294,28172,15163.43,34564.25,17.4,46.1,0,None,0,4.28,3,2.41,MYR,0.045676,98.0,33.1,34.62,14940.54,Growth,43.9,56.1,Winter,None,Action-Adventure,Gen9
GTA5-114391,2026,2,1,Nepal,NPL,Asia,PS5,Premium Edition,Digital,PlayStation Store,97,1220.26,12.58,16.1,76.9,23.1,21,76,6894,356,4499,2395,4499,2255.77,7574.03,13.3,47.0,0,None,0,4.82,3,1.43,NPR,1.316533,98.0,0.54,32.31,1749.01,Growth,60.4,39.6,Winter,None,Action-Adventure,Gen9
GTA5-114329,2026,2,1,Norway,NOR,Europe,PS5,Standard Edition,Digital,PlayStation Store,478,6730.24,14.08,6.1,78.8,21.2,123,355,38135,3140,27542,10593,27542,19605.06,40051.05,16.2,41.2,0,None,0,4.39,6,1.54,NOK,0.103344,98.0,36.97,5.88,109143.79,Growth,53.3,46.7,Winter,None,Action-Adventure,Gen9
GTA5-114363,2026,2,1,Oman,OMN,Asia,Xbox Series X|S,Standard Edition,Digital,Epic Games Store,201,2383.86,11.86,20.9,76.4,23.6,45,156,11613,781,7576,4037,7576,7197.5,17125.01,18.8,61.0,0,None,0,4.56,5,4.03,OMR,0.0000003905,98.0,2.32,4.62,22413.54,Growth,45.1,54.9,Winter,None,Action-Adventure,Gen9
GTA5-114377,2026,2,1,Portugal,PRT,Europe,PS5,Premium Edition,Digital,Rockstar Games Launcher,414,5075.64,12.26,18.2,77.2,22.8,99,315,38512,2769,25492,13020,25492,22840.95,51606.1,17.0,36.9,0,None,0,4.78,4,3.5,EUR,0.0000009054,98.0,13.29,11.54,25700.39,Growth,51.1,48.9,Winter,None,Action-Adventure,Gen9
GTA5-114337,2026,2,1,Romania,ROU,Europe,PS5,Premium Edition,Digital,Steam,336,4552.8,13.55,9.6,72.8,27.2,94,242,21490,1253,12966,8524,12966,7063.82,16855.66,14.3,62.3,0,None,0,4.53,9,0.8,RON,0.044842,98.0,15.41,22.5,16462.49,Growth,43.1,56.9,Winter,None,Action-Adventure,Gen9
GTA5-114355,2026,2,1,Russia,RUS,Europe,PS5,Premium Edition,Digital,PlayStation Store,961,13569.32,14.12,5.8,81,19,234,727,72339,5695,42926,29413,42926,23812.03,74639.46,16.5,68.7,0,None,0,4.33,8,2.23,RUB,0.892488,98.0,285.77,166.16,17915.18,Growth,41.9,58.1,Winter,None,Action-Adventure,Gen9
GTA5-114366,2026,2,1,Saudi Arabia,SAU,Asia,Xbox Series X|S,Standard Edition,Digital,Steam,498,7041.72,14.14,5.7,76.3,23.7,133,365,43374,2181,23914,19460,23914,17166.52,38307.78,14.0,40.7,0,None,0,4.66,4,1.68,SAR,0.003768,98.0,73.89,34.62,27789.91,Growth,52.4,47.6,Winter,None,Action-Adventure,Gen9
GTA5-114382,2026,2,1,Singapore,SGP,Asia,Xbox Series X|S,Premium Edition,Digital,PlayStation Store,519,6451.17,12.43,17.1,80.9,19.1,140,379,38839,3392,23786,15053,23786,10159.91,23020.97,17.2,49.6,0,None,0,4.59,8,0.78,SGD,0.013434,98.0,24.9,6.23,62448.58,Growth,44.9,55.1,Winter,None,Action-Adventure,Gen9
GTA5-114379,2026,2,1,Slovakia,SVK,Europe,Xbox Series X|S,Standard Edition,Digital,Rockstar Games Launcher,218,2801.3,12.85,14.3,77.5,22.5,61,157,16344,1364,10503,5841,10503,6170.85,17812.5,17.2,54.0,0,None,0,4.43,3,2.79,EUR,0.0000008949,98.0,3.82,6.23,23922.72,Growth,42.0,58.0,Winter,None,Action-Adventure,Gen9
GTA5-114369,2026,2,1,South Africa,ZAF,Africa,PS5,Premium Edition,Digital,Epic Games Store,414,5978.16,14.44,3.7,74.4,25.6,112,302,37466,2677,22457,15009,22457,16008.29,35793.79,16.9,39.1,0,None,0,4.56,7,5.49,ZAR,0.187587,98.0,33.53,61.16,9516.74,Growth,45.7,54.3,Winter,None,Action-Adventure,Gen9
GTA5-114378,2026,2,1,South Korea,KOR,Asia,PS5,Standard Edition,Digital,Epic Games Store,946,14114.32,14.92,0.5,69.5,30.5,251,695,98607,6016,67296,31311,67296,39770.69,119535.16,18.2,64.4,0,None,0,4.62,10,5.48,KRW,13.011379,98.0,275.46,58.85,36568.48,Growth,41.4,58.6,Winter,None,Action-Adventure,Gen9
GTA5-114353,2026,2,1,Sri Lanka,LKA,Asia,Xbox Series X|S,Premium Edition,Digital,PlayStation Store,116,1589.2,13.7,8.6,76.1,23.9,28,88,10008,831,5618,4390,5618,3272.97,9804.41,11.5,60.5,0,None,0,4.59,3,3.21,LKR,3.186753,98.0,1.84,24.23,4749.18,Growth,47.1,52.9,Winter,None,Action-Adventure,Gen9
GTA5-114328,2026,2,1,Sweden,SWE,Europe,Xbox Series X|S,Standard Edition,Digital,Steam,766,10471.22,13.67,8.8,69,31,206,560,39160,2736,26445,12715,26445,18002.58,37920.24,15.8,40.9,0,None,0,4.63,20,2.09,SEK,0.102559,98.0,53.14,11.08,68125.56,Growth,41.9,58.1,Winter,None,Action-Adventure,Gen9
GTA5-114332,2026,2,1,Switzerland,CHE,Europe,Xbox Series X|S,Standard Edition,Digital,Microsoft Store,550,6523,11.86,20.9,73.3,26.7,131,419,28101,1432,18463,9638,18463,6435.57,20470.46,17.6,40.1,0,None,0,4.62,6,3.42,CHF,0.0000008792,98.0,54.3,9.35,90735.14,Growth,45.6,54.4,Winter,None,Action-Adventure,Gen9
GTA5-114390,2026,2,1,Thailand,THA,Asia,Xbox Series X|S,Standard Edition,Digital,Steam,582,7728.96,13.28,11.4,73.8,26.2,155,427,25968,2159,15966,10002,15966,7129.02,25309.2,16.8,53.0,0,None,0,4.74,14,5.1,THB,0.356163,98.0,43.25,77.31,8740.86,Growth,47.8,52.2,Winter,None,Action-Adventure,Gen9
GTA5-114374,2026,2,1,Turkey,TUR,Europe,Xbox Series X|S,Premium Edition,Digital,Rockstar Games Launcher,734,8206.12,11.18,25.4,77.9,22.1,161,573,39430,3169,23302,16128,23302,12426.23,29634.88,15.8,53.6,0,None,0,5.0,18,4.03,TRY,0.271495,98.0,83.04,87.69,14797.26,Growth,37.2,62.8,Winter,None,Action-Adventure,Gen9
GTA5-114335,2026,2,1,Ukraine,UKR,Europe,Xbox Series X|S,Legacy Edition,Digital,Rockstar Games Launcher,229,3364.01,14.69,2,73.7,26.3,61,168,20349,1471,13514,6835,13514,4686.54,15185.41,16.6,60.1,0,None,0,4.73,4,2.19,UAH,0.379466,98.0,9.68,51.92,5829.21,Growth,47.6,52.4,Winter,None,Action-Adventure,Gen9
GTA5-114362,2026,2,1,United Arab Emirates,ARE,Asia,PS5,Standard Edition,Digital,PlayStation Store,772,10105.48,13.09,12.7,78.5,21.5,176,596,42511,3817,25657,16854,25657,23251.31,47259.36,14.4,54.5,0,None,0,4.55,9,4.18,AED,0.036425,98.0,35.08,10.62,46916.04,Growth,49.0,51.0,Winter,None,Action-Adventure,Gen9
GTA5-114321,2026,2,1,United Kingdom,GBR,Europe,Xbox Series X|S,Standard Edition,Digital,Microsoft Store,1719,25767.81,14.99,0,69.8,30.2,402,1317,74974,5391,42392,32582,42392,20126.73,50734.65,17.1,48.6,0,None,0,4.59,27,2.32,GBP,0.0000007843,98.0,645.33,73.85,49650.23,Growth,45.7,54.3,Winter,None,Action-Adventure,Gen9
GTA5-114311,2026,2,1,United States,USA,North America,PS5,Legacy Edition,Digital,Epic Games Store,3442,51595.58,14.99,0,77.9,22.1,902,2540,202861,17370,131588,71273,131588,125880.29,278674.36,17.5,55.7,0,None,0,4.82,39,5.41,USD,0.000001,98.0,7658.49,364.63,65635.81,Growth,46.6,53.4,Winter,None,Action-Adventure,Gen9
GTA5-114370,2026,2,1,Vietnam,VNM,Asia,Xbox Series X|S,Criminal Enterprise Starter Pack,Digital,PlayStation Store,452,6761.92,14.96,0.2,72.8,27.2,120,332,22547,1751,14501,8046,14501,8408.29,26131.52,13.6,39.0,0,None,0,4.57,13,3.84,VND,243.816133,98.0,24.07,103.85,4259.94,Growth,46.0,54.0,Winter,None,Action-Adventure,Gen9
GTA5-114403,2026,3,1,Argentina,ARG,South America,Xbox Series X|S,Standard Edition,Digital,Rockstar Games Launcher,569,3607.46,6.34,57.7,71.7,28.3,153,416,23344,2071,13443,9901,13443,5426.9,13751.65,13.7,48.8,0,PlayStation Sale,1,4.92,14,5.31,ARS,3.503719,98.0,30.78,48.51,16525.33,Growth,34.3,65.7,Spring,PlayStation Sale,Action-Adventure,Gen9
GTA5-114434,2026,3,1,Armenia,ARM,Asia,PS5,Standard Edition,Digital,Microsoft Store,178,1365.26,7.67,48.8,73.8,26.2,40,138,10158,856,6764,3394,6764,4883.71,12956.26,16.7,41.7,0,PlayStation Sale,1,4.69,3,2.08,AMD,3.994881,98.0,0.27,3.35,6221.71,Growth,44.9,55.1,Spring,PlayStation Sale,Action-Adventure,Gen9
GTA5-114455,2026,3,1,Australia,AUS,Oceania,PS5,Standard Edition,Digital,PlayStation Store,2570,19300.7,7.51,49.9,73.2,26.8,571,1999,107817,9170,76109,31708,76109,66271.27,171827.19,16.9,54.5,0,PlayStation Sale,1,4.41,39,4.02,AUD,0.015385,98.0,282.5,26.56,73862.99,Growth,46.0,54.0,Spring,PlayStation Sale,Action-Adventure,Gen9
GTA5-114440,2026,3,1,Austria,AUT,Europe,Xbox Series X|S,Standard Edition,Digital,Steam,1098,9113.4,8.3,44.6,81.8,18.2,288,810,33463,1958,20756,12707,20756,21331.89,42833.15,15.7,51.2,0,PlayStation Sale,1,4.74,32,3.05,EUR,0.0000009032,98.0,28.7,9.82,53729.89,Growth,47.3,52.7,Spring,PlayStation Sale,Action-Adventure,Gen9
GTA5-114433,2026,3,1,Azerbaijan,AZE,Asia,Xbox Series X|S,Standard Edition,Digital,Epic Games Store,259,1942.5,7.5,50,78.8,21.2,65,194,8524,638,5907,2617,5907,4260.9,13699.67,16.2,50.6,0,PlayStation Sale,1,4.57,6,0.1,AZN,0.016724,98.0,2.06,10.97,9800.58,Growth,40.9,59.1,Spring,PlayStation Sale,Action-Adventure,Gen9
GTA5-114490,2026,3,1,Brazil,BRA,South America,Xbox Series X|S,Standard Edition,Digital,Steam,1293,9994.89,7.73,48.4,81.3,18.7,335,958,43228,2545,25609,17619,25609,15163.92,58896.84,17.1,47.0,0,PlayStation Sale,1,4.43,31,3.11,BRL,0.005148,98.0,311.74,232.14,14987.53,Growth,39.4,60.6,Spring,PlayStation Sale,Action-Adventure,Gen9
GTA5-114449,2026,3,1,Bulgaria,BGR,Europe,Xbox Series X|S,Standard Edition,Digital,Steam,467,3675.29,7.87,47.5,74.1,25.9,119,348,16499,1206,12065,4434,12065,7507.03,23251.75,14.5,29.8,0,PlayStation Sale,1,4.55,11,6.53,BGN,0.017784,98.0,2.57,8.32,10743.29,Growth,45.1,54.9,Spring,PlayStation Sale,Action-Adventure,Gen9
GTA5-114462,2026,3,1,Cambodia,KHM,Asia,Xbox Series X|S,Premium Edition,Digital,PlayStation Store,62,523.9,8.45,43.6,71.6,28.4,15,47,3911,270,2794,1117,2794,2536.18,5197.37,14.7,54.3,0,PlayStation Sale,1,4.51,3,2.47,KHR,40.721942,98.0,0.26,17.32,2316.47,Growth,43.6,56.4,Spring,PlayStation Sale,Action-Adventure,Gen9
GTA5-114488,2026,3,1,Canada,CAN,North America,Xbox Series X|S,Premium Edition,Digital,Steam,1440,6652.8,4.62,69.2,77,23,375,1065,45387,3570,30696,14691,30696,9993.82,32474.75,17.4,57.2,0,PlayStation Sale,1,4.46,12,3.16,CAD,0.013189,98.0,236.76,40.42,61016.14,Growth,47.2,52.8,Spring,PlayStation Sale,Action-Adventure,Gen9
GTA5-114404,2026,3,1,Chile,CHL,South America,Xbox Series X|S,Standard Edition,Digital,Epic Games Store,338,2754.7,8.15,45.6,77.2,22.8,83,255,14380,740,9171,5209,9171,4545.27,16842.02,12.3,41.8,0,PlayStation Sale,1,4.44,6,3.16,CLP,8.998288,98.0,9.85,19.63,19602.59,Growth,40.8,59.2,Spring,PlayStation Sale,Action-Adventure,Gen9
GTA5-114460,2026,3,1,China,CHN,Asia,Xbox Series X|S,Premium Edition,Digital,Rockstar Games Launcher,2601,27804.69,10.69,28.7,74.6,25.4,701,1900,114024,5746,70421,43603,70421,47430.58,138730.14,16.5,39.5,0,PlayStation Sale,1,4.58,57,2.95,CNY,0.071972,98.0,5182.83,1600.74,15566.21,Growth,46.5,53.5,Spring,PlayStation Sale,Action-Adventure,Gen9
GTA5-114493,2026,3,1,Colombia,COL,South America,PS5,Standard Edition,Digital,PlayStation Store,461,4250.42,9.22,38.5,65.9,34.1,115,346,18749,1189,11880,6869,11880,6407.38,16242.79,14.5,33.0,0,PlayStation Sale,1,4.57,9,3.22,COP,39.788271,98.0,17.62,54.28,11272.15,Growth,44.8,55.2,Spring,PlayStation Sale,Action-Adventure,Gen9
GTA5-114405,2026,3,1,Colombia,COL,South America,Xbox Series X|S,Standard Edition,Digital,Steam,350,3062.5,8.75,41.6,80,20,91,259,17094,884,12539,4555,12539,7435.99,20907.49,14.5,32.7,0,PlayStation Sale,1,4.6,7,3.18,COP,40.172985,98.0,17.71,54.28,11330.87,Growth,50.9,49.1,Spring,PlayStation Sale,Action-Adventure,Gen9
GTA5-114451,2026,3,1,Croatia,HRV,Europe,Xbox Series X|S,Legacy Edition,Digital,Epic Games Store,319,2858.24,8.96,40.2,78.4,21.6,78,241,15202,1047,9440,5762,9440,3857.06,9727.18,12.3,21.6,0,PlayStation Sale,1,4.42,9,1.39,EUR,0.000000897,98.0,2.27,4.85,18303.48,Growth,35.4,64.6,Spring,PlayStation Sale,Action-Adventure,Gen9
GTA5-114443,2026,3,1,Cyprus,CYP,Europe,Xbox Series X|S,Premium Edition,Digital,Steam,308,3163.16,10.27,31.5,76.1,23.9,75,233,9795,532,7266,2529,7266,2163.74,7392.93,16.2,45.5,0,PlayStation Sale,1,4.45,8,3.31,EUR,0.0000008922,98.0,0.5,0.99,31662.51,Growth,46.2,53.8,Spring,PlayStation Sale,Action-Adventure,Gen9
GTA5-114408,2026,3,1,Ecuador,ECU,South America,PS5,Standard Edition,Digital,Rockstar Games Launcher,162,1364.04,8.42,43.8,71,29,43,119,6149,462,3435,2714,3435,2639.2,7221.81,12.0,44.5,0,PlayStation Sale,1,4.53,3,5.39,USD,0.010084,98.0,1.47,18.48,8289.53,Growth,50.3,49.7,Spring,PlayStation Sale,Action-Adventure,Gen9
GTA5-114483,2026,3,1,Estonia,EST,Europe,PS5,Criminal Enterprise Starter Pack,Digital,Rockstar Games Launcher,440,4840,11,26.6,73.8,26.2,109,331,16320,1269,11078,5242,11078,4400.46,12035.45,12.9,33.9,0,PlayStation Sale,1,4.51,7,3.12,EUR,0.0000009061,98.0,0.95,1.5,24679.2,Growth,44.0,56.0,Spring,PlayStation Sale,Action-Adventure,Gen9
GTA5-114430,2026,3,1,Ethiopia,ETH,Africa,Xbox Series X|S,Standard Edition,Digital,Microsoft Store,131,1262.84,9.64,35.7,75.2,24.8,29,102,7433,518,4239,3194,4239,2951.09,8302.69,13.1,46.2,0,PlayStation Sale,1,4.65,3,3.9,ETB,0.561776,98.0,2.26,110.87,1592.76,Growth,51.4,48.6,Spring,PlayStation Sale,Action-Adventure,Gen9
GTA5-114447,2026,3,1,Fiji,FJI,Oceania,Xbox Series X|S,Standard Edition,Digital,PlayStation Store,55,499.4,9.08,39.4,75.8,24.2,13,42,3404,233,1969,1435,1969,1282.41,3237.46,14.0,41.7,0,PlayStation Sale,1,4.46,3,4.41,FJD,0.022379,98.0,0.04,1.04,6180.14,Growth,49.2,50.8,Spring,PlayStation Sale,Action-Adventure,Gen9
GTA5-114419,2026,3,1,Finland,FIN,Europe,PS5,Premium Edition,Digital,Steam,897,8090.94,9.02,39.8,77.4,22.6,241,656,36795,2003,27413,9382,27413,20998.63,46811.64,16.8,52.7,0,PlayStation Sale,1,4.67,23,1.81,EUR,0.0000009132,98.0,17.51,6.24,54817.79,Growth,41.6,58.4,Spring,PlayStation Sale,Action-Adventure,Gen9
GTA5-114411,2026,3,1,France,FRA,Europe,PS5,Standard Edition,Digital,Steam,2770,21218.2,7.66,48.9,81.5,18.5,746,2024,114593,9267,81745,32848,81745,54064.01,177631.24,17.7,47.7,0,PlayStation Sale,1,4.39,35,3.49,EUR,0.0000008874,98.0,588.59,76.23,50268.28,Growth,43.9,56.1,Spring,PlayStation Sale,Action-Adventure,Gen9
GTA5-114459,2026,3,1,Georgia,GEO,Asia,Xbox Series X|S,Premium Edition,Digital,PlayStation Store,426,2585.82,6.07,59.5,76.1,23.9,94,332,11413,841,8474,2939,8474,4788.52,15170.49,15.6,57.3,0,PlayStation Sale,1,4.57,8,4.84,GEL,0.027077,98.0,0.48,4.27,7024.44,Growth,51.7,48.3,Spring,PlayStation Sale,Action-Adventure,Gen9
GTA5-114410,2026,3,1,Germany,DEU,Europe,PS5,Standard Edition,Digital,PlayStation Store,3390,22611.3,6.67,55.5,73,27,829,2561,125134,9771,75939,49195,75939,63033.04,172180.56,16.2,51.9,0,PlayStation Sale,1,4.51,57,4.98,EUR,0.000000895,98.0,984.87,93.55,54831.99,Growth,41.4,58.6,Spring,PlayStation Sale,Action-Adventure,Gen9
GTA5-114432,2026,3,1,Greece,GRC,Europe,Xbox Series X|S,Premium Edition,Digital,Microsoft Store,582,4865.52,8.36,44.2,77,23,142,440,18337,989,10447,7890,10447,12005.49,24837.65,15.6,50.9,0,PlayStation Sale,1,4.59,9,2.88,EUR,0.0000009003,98.0,11.24,12.7,25141.28,Growth,42.8,57.2,Spring,PlayStation Sale,Action-Adventure,Gen9
GTA5-114480,2026,3,1,Hong Kong,HKG,Asia,Xbox Series X|S,Standard Edition,Digital,Rockstar Games Launcher,893,8903.21,9.97,33.5,78.4,21.6,240,653,47120,2468,32761,14359,32761,10405.81,40322.61,18.4,46.2,0,PlayStation Sale,1,4.55,23,3.65,HKD,0.076998,98.0,27.57,8.32,43150.59,Growth,46.8,53.2,Spring,PlayStation Sale,Action-Adventure,Gen9
GTA5-114478,2026,3,1,Iceland,ISL,Europe,PS5,Standard Edition,Digital,Epic Games Store,357,2381.19,6.67,55.5,75,25,80,277,13792,939,8590,5202,8590,6062.78,16807.42,16.7,43.1,0,PlayStation Sale,1,4.63,7,3.63,ISK,1.374426,98.0,0.44,0.38,59821.61,Growth,49.6,50.4,Spring,PlayStation Sale,Action-Adventure,Gen9
GTA5-114471,2026,3,1,India,IND,Asia,PS5,Standard Edition,Digital,Epic Games Store,1829,16278.1,8.9,40.6,73.9,26.1,449,1380,88048,4714,56518,31530,56518,42597.71,102520.53,14.6,37.6,0,PlayStation Sale,1,4.4,54,1.84,INR,0.832845,98.0,521.71,1445.98,3221.46,Growth,51.8,48.2,Spring,PlayStation Sale,Action-Adventure,Gen9
GTA5-114429,2026,3,1,Indonesia,IDN,Asia,PS5,Standard Edition,Digital,Rockstar Games Launcher,1005,9396.75,9.35,37.6,80.3,19.7,218,787,46827,3584,34460,12367,34460,19049.39,51228.15,16.0,47.0,0,PlayStation Sale,1,4.51,22,3.72,IDR,157.412549,98.0,126.59,288.73,6227.68,Growth,50.0,50.0,Spring,PlayStation Sale,Action-Adventure,Gen9
GTA5-114438,2026,3,1,Iraq,IRQ,Asia,PS5,Standard Edition,Digital,Rockstar Games Launcher,482,3639.1,7.55,49.6,76.8,23.2,128,354,11875,805,7608,4267,7608,5515.18,14486.1,15.0,52.6,0,PlayStation Sale,1,4.38,13,1.62,IQD,13.219138,98.0,5.81,39.27,7704.73,Growth,39.7,60.3,Spring,PlayStation Sale,Action-Adventure,Gen9
GTA5-114464,2026,3,1,Ireland,IRL,Europe,PS5,Standard Edition,Digital,Rockstar Games Launcher,938,9239.3,9.85,34.3,72.9,27.1,243,695,31114,2422,21131,9983,21131,11579.01,46005.23,15.1,41.7,0,PlayStation Sale,1,4.49,27,4.37,EUR,0.0000009132,98.0,14.6,5.31,57298.8,Growth,42.5,57.5,Spring,PlayStation Sale,Action-Adventure,Gen9
GTA5-114481,2026,3,1,Japan,JPN,Asia,PS5,Premium Edition,Digital,Steam,3085,30572.35,9.91,33.9,72.1,27.9,777,2308,99540,5679,65237,34303,65237,47774.03,144307.15,18.7,56.2,0,PlayStation Sale,1,4.65,82,4.76,JPY,1.488261,98.0,1173.52,146.68,45457.61,Growth,48.2,51.8,Spring,PlayStation Sale,Action-Adventure,Gen9
GTA5-114456,2026,3,1,Jordan,JOR,Asia,PS5,Standard Edition,Digital,Steam,303,3378.45,11.15,25.6,68.1,31.9,84,219,9215,495,6565,2650,6565,3223.36,6568.62,15.6,46.5,0,PlayStation Sale,1,4.4,4,2.19,JOD,0.0000007256,98.0,0.87,7.51,6019.87,Growth,37.6,62.4,Spring,PlayStation Sale,Action-Adventure,Gen9
GTA5-114475,2026,3,1,Kenya,KEN,Africa,PS5,Premium Edition,Digital,Rockstar Games Launcher,493,2676.99,5.43,63.8,72.4,27.6,125,368,17708,1446,12087,5621,12087,9400.23,30326.04,16.6,51.9,0,PlayStation Sale,1,4.67,12,3.53,KES,1.283546,98.0,3.6,50.82,2769.08,Growth,49.5,50.5,Spring,PlayStation Sale,Action-Adventure,Gen9
GTA5-114470,2026,3,1,Kuwait,KWT,Asia,PS5,Premium Edition,Digital,Steam,558,3336.84,5.98,60.1,74.7,25.3,128,430,23155,1552,13920,9235,13920,6811.09,24114.37,17.8,46.1,0,PlayStation Sale,1,4.62,8,5.34,KWD,0.0000003146,98.0,6.87,3.93,54635.03,Growth,48.9,51.1,Spring,PlayStation Sale,Action-Adventure,Gen9
GTA5-114446,2026,3,1,Latvia,LVA,Europe,PS5,Premium Edition,Digital,PlayStation Store,422,3409.76,8.08,46.1,74.2,25.8,98,324,19112,1630,12455,6657,12455,10140.2,29438.09,12.5,51.1,0,PlayStation Sale,1,4.86,11,0.1,EUR,0.0000009045,98.0,1.06,2.31,20485.23,Growth,50.7,49.3,Spring,PlayStation Sale,Action-Adventure,Gen9
GTA5-114472,2026,3,1,Lithuania,LTU,Europe,PS5,Standard Edition,Digital,PlayStation Store,306,2365.38,7.73,48.4,67.9,32.1,81,225,21973,1691,15741,6232,15741,12803.24,26322.31,18.7,60.5,0,PlayStation Sale,1,4.82,7,3.03,EUR,0.000000904,98.0,1.85,3.35,21577.3,Growth,42.7,57.3,Spring,PlayStation Sale,Action-Adventure,Gen9
GTA5-114468,2026,3,1,Malaysia,MYS,Asia,PS5,Premium Edition,Digital,Rockstar Games Launcher,1045,9676.7,9.26,38.2,74.1,25.9,264,781,48168,3795,33564,14604,33564,13471.1,53737.41,16.1,42.7,0,PlayStation Sale,1,4.64,28,5.11,MYR,0.004622,98.0,33.0,34.65,14882.13,Growth,49.2,50.8,Spring,PlayStation Sale,Action-Adventure,Gen9
GTA5-114465,2026,3,1,Myanmar,MMR,Asia,Xbox Series X|S,Standard Edition,Digital,Epic Games Store,141,1267.59,8.99,40,77.5,22.5,35,106,5189,419,3688,1501,3688,2033.76,5598.01,15.5,34.1,0,PlayStation Sale,1,4.43,3,3.88,MMK,20.524512,98.0,1.4,61.21,2376.3,Growth,39.7,60.3,Spring,PlayStation Sale,Action-Adventure,Gen9
GTA5-114452,2026,3,1,Nepal,NPL,Asia,Xbox Series X|S,Standard Edition,Digital,PlayStation Store,199,1040.77,5.23,65.1,72.3,27.7,52,147,5856,350,4038,1818,4038,2276.26,6104.68,13.5,45.3,0,PlayStation Sale,1,4.36,3,4.71,NPR,1.325625,98.0,0.54,32.34,1749.14,Growth,41.2,58.8,Spring,PlayStation Sale,Action-Adventure,Gen9
GTA5-114427,2026,3,1,New Zealand,NZL,Oceania,Xbox Series X|S,Standard Edition,Digital,PlayStation Store,954,4922.64,5.16,65.6,74,26,210,744,27070,2045,19864,7206,19864,15099.96,38857.77,15.4,49.5,0,PlayStation Sale,1,4.48,23,4.77,NZD,0.016418,98.0,14.05,5.08,48011.0,Growth,41.0,59.0,Spring,PlayStation Sale,Action-Adventure,Gen9
GTA5-114454,2026,3,1,Nigeria,NGA,Africa,Xbox Series X|S,Standard Edition,Digital,Rockstar Games Launcher,652,5561.56,8.53,43.1,77.8,22.2,181,471,21866,1950,13647,8219,13647,5847.28,19292.36,15.6,48.5,0,PlayStation Sale,1,4.85,17,3.31,NGN,8.950447,98.0,40.84,200.96,4536.81,Growth,49.3,50.7,Spring,PlayStation Sale,Action-Adventure,Gen9
GTA5-114417,2026,3,1,Norway,NOR,Europe,PS5,Standard Edition,Digital,PlayStation Store,935,7255.6,7.76,48.2,78.5,21.5,225,710,40301,3444,25872,14429,25872,26505.55,57900.18,16.5,48.7,0,PlayStation Sale,1,4.64,7,3.85,NOK,0.010527,98.0,36.23,5.89,106785.25,Growth,43.2,56.8,Spring,PlayStation Sale,Action-Adventure,Gen9
GTA5-114424,2026,3,1,Oman,OMN,Asia,Xbox Series X|S,Standard Edition,Digital,Microsoft Store,331,2945.9,8.9,40.6,80.1,19.9,84,247,14614,1185,9442,5172,9442,8877.9,21694.41,17.2,37.6,0,PlayStation Sale,1,4.53,7,2.25,OMR,0.0000003845,98.0,2.32,4.62,22437.52,Growth,47.0,53.0,Spring,PlayStation Sale,Action-Adventure,Gen9
GTA5-114477,2026,3,1,Pakistan,PAK,Asia,PS5,Premium Edition,Digital,Rockstar Games Launcher,402,3248.16,8.08,46.1,76.7,23.3,94,308,23941,2002,16966,6975,16966,15362.22,40849.17,18.5,48.8,0,PlayStation Sale,1,4.3,3,3.3,PKR,2.815074,98.0,16.72,210.2,2486.11,Growth,50.8,49.2,Spring,PlayStation Sale,Action-Adventure,Gen9
GTA5-114494,2026,3,1,Peru,PER,South America,PS5,Premium Edition,Digital,Rockstar Games Launcher,301,2621.71,8.71,41.9,79.9,20.1,72,229,10369,764,7038,3331,7038,6157.32,15056.15,14.2,47.3,0,PlayStation Sale,1,4.47,7,5.71,PEN,0.036221,98.0,6.55,34.65,9844.79,Growth,55.8,44.2,Spring,PlayStation Sale,Action-Adventure,Gen9
GTA5-114461,2026,3,1,Romania,ROU,Europe,Xbox Series X|S,Standard Edition,Digital,PlayStation Store,512,2908.16,5.68,62.1,77.2,22.8,126,386,21444,1230,14560,6884,14560,12340.86,25660.27,14.8,35.5,0,PlayStation Sale,1,4.65,8,5.43,RON,0.044878,98.0,15.31,22.52,16345.27,Growth,51.1,48.9,Spring,PlayStation Sale,Action-Adventure,Gen9
GTA5-114450,2026,3,1,Serbia,SRB,Europe,PS5,Premium Edition,Digital,Epic Games Store,427,2728.53,6.39,57.4,73.3,26.7,108,319,21324,1811,13834,7490,13834,10089.48,30488.41,16.9,32.3,0,PlayStation Sale,1,4.8,10,4.42,RSD,1.049409,98.0,1.99,8.32,8295.39,Growth,48.9,51.1,Spring,PlayStation Sale,Action-Adventure,Gen9
GTA5-114482,2026,3,1,Singapore,SGP,Asia,Xbox Series X|S,Premium Edition,Digital,Steam,834,7622.76,9.14,39,79.8,20.2,201,633,39610,2332,22259,17351,22259,16926.12,55735.33,15.1,29.3,0,PlayStation Sale,1,4.64,12,3.41,SGD,0.013367,98.0,24.87,6.24,62271.31,Growth,45.6,54.4,Spring,PlayStation Sale,Action-Adventure,Gen9
GTA5-114476,2026,3,1,South Korea,KOR,Asia,PS5,Legacy Edition,Digital,Steam,1950,15834,8.12,45.8,74,26,501,1449,71825,5912,40934,30891,40934,15784.64,56409.4,13.5,43.1,0,PlayStation Sale,1,4.61,30,3.05,KRW,13.234812,98.0,274.2,58.9,36370.34,Growth,39.5,60.5,Spring,PlayStation Sale,Action-Adventure,Gen9
GTA5-114486,2026,3,1,Sri Lanka,LKA,Asia,Xbox Series X|S,Premium Edition,Digital,Steam,188,1592.36,8.47,43.5,73.1,26.9,48,140,9378,590,6449,2929,6449,6777.27,14530.44,14.5,33.9,0,PlayStation Sale,1,4.73,3,2.53,LKR,3.213918,98.0,1.83,24.25,4723.21,Growth,50.0,50.0,Spring,PlayStation Sale,Action-Adventure,Gen9
GTA5-114416,2026,3,1,Sweden,SWE,Europe,PS5,Premium Edition,Digital,Rockstar Games Launcher,721,6741.35,9.35,37.6,78.3,21.7,197,524,44360,3876,26681,17679,26681,15242.15,46725.4,15.2,55.4,0,PlayStation Sale,1,4.72,9,3.55,SEK,0.103761,98.0,53.61,11.09,68665.76,Growth,55.7,44.3,Spring,PlayStation Sale,Action-Adventure,Gen9
GTA5-114420,2026,3,1,Switzerland,CHE,Europe,Xbox Series X|S,Premium Edition,Digital,PlayStation Store,1018,8042.2,7.9,47.3,73.5,26.5,243,775,34960,2334,19657,15303,19657,8415.77,33271.87,14.2,57.9,0,PlayStation Sale,1,4.52,15,2.37,CHF,0.0000008897,98.0,54.54,9.35,91136.0,Growth,41.4,58.6,Spring,PlayStation Sale,Action-Adventure,Gen9
GTA5-114484,2026,3,1,Turkey,TUR,Europe,PS5,Standard Edition,Digital,Microsoft Store,848,8463.04,9.98,33.4,76.6,23.4,219,629,53832,3330,31649,22183,31649,13563.18,47606.78,15.6,44.2,0,PlayStation Sale,1,4.46,24,3.8,TRY,0.272433,98.0,83.25,87.77,14820.53,Growth,47.1,52.9,Spring,PlayStation Sale,Action-Adventure,Gen9
GTA5-114426,2026,3,1,United Arab Emirates,ARE,Asia,PS5,Standard Edition,Digital,Rockstar Games Launcher,1030,9527.5,9.25,38.3,79.3,20.7,259,771,50557,4326,28527,22030,28527,11506.85,36560.4,14.6,49.5,0,PlayStation Sale,1,4.65,16,1.6,AED,0.036744,98.0,35.61,10.63,47580.48,Growth,52.1,47.9,Spring,PlayStation Sale,Action-Adventure,Gen9
GTA5-114409,2026,3,1,United Kingdom,GBR,Europe,PS5,Legacy Edition,Digital,Epic Games Store,4761,34898.13,7.33,51.1,70.1,29.9,1262,3499,118934,8047,68693,50241,68693,59693.41,126831.29,15.6,49.8,0,PlayStation Sale,1,4.63,76,3.96,GBP,0.0000007788,98.0,646.23,73.92,49672.28,Growth,45.9,54.1,Spring,PlayStation Sale,Action-Adventure,Gen9
GTA5-114487,2026,3,1,United States,USA,North America,Xbox Series X|S,Premium Edition,Digital,PlayStation Store,3035,26829.4,8.84,41,73.6,26.4,687,2348,169984,13716,115812,54172,115812,110398.04,262588.73,17.7,56.7,0,PlayStation Sale,1,4.68,44,3.54,USD,0.010084,98.0,7603.67,364.96,65107.07,Growth,53.0,47.0,Spring,PlayStation Sale,Action-Adventure,Gen9
GTA5-114495,2026,3,1,Uruguay,URY,South America,PS5,Standard Edition,Digital,PlayStation Store,149,1397.62,9.38,37.4,73.5,26.5,38,111,6079,403,3859,2220,3859,1814.63,4020.67,14.2,47.2,0,PlayStation Sale,1,4.6,3,1.62,UYU,0.403863,98.0,0.77,3.93,20295.69,Growth,51.4,48.6,Spring,PlayStation Sale,Action-Adventure,Gen9
GTA5-114407,2026,3,1,Uruguay,URY,South America,Xbox Series X|S,Standard Edition,Digital,Microsoft Store,153,1185.75,7.75,48.3,72.8,27.2,36,117,4607,386,3270,1337,3270,3695.75,7651.04,14.7,48.1,0,PlayStation Sale,1,4.48,3,4.69,UYU,0.390492,98.0,0.79,3.93,20826.92,Growth,47.8,52.2,Spring,PlayStation Sale,Action-Adventure,Gen9
GTA5-114479,2026,3,1,Vietnam,VNM,Asia,PS5,Premium Edition,Digital,Epic Games Store,963,8975.16,9.32,37.8,68.5,31.5,210,753,34285,2847,24277,10008,24277,10134.44,31166.24,15.3,40.7,0,PlayStation Sale,1,4.5,9,2.05,VND,241.439472,98.0,24.28,103.94,4293.7,Growth,44.2,55.8,Spring,PlayStation Sale,Action-Adventure,Gen9
GTA5-114552,2026,4,2,Algeria,DZA,Africa,PS5,Standard Edition,Digital,Epic Games Store,186,2440.32,13.12,12.5,79,21,43,143,9915,729,6828,3087,6828,3297.6,8477.94,16.8,42.0,0,None,0,4.37,4,5.15,DZD,1.354817,98.0,6.71,43.93,6816.21,Growth,45.8,54.2,Spring,None,Action-Adventure,Gen9
GTA5-114501,2026,4,2,Argentina,ARG,South America,PS5,Legacy Edition,Digital,Steam,417,6084.03,14.59,2.7,73.9,26.1,115,302,19472,1675,12701,6771,12701,7634.38,22131.85,15.2,37.8,0,None,0,4.37,5,3.13,ARS,3.516503,98.0,30.72,48.55,16479.23,Growth,45.0,55.0,Spring,None,Action-Adventure,Gen9
GTA5-114524,2026,4,2,Australia,AUS,Oceania,PS5,Legacy Edition,Digital,Microsoft Store,1687,24107.23,14.29,4.7,74.4,25.6,429,1258,109275,8015,62032,47243,62032,47152.7,114363.52,14.7,64.3,0,None,0,4.5,46,4.35,AUD,0.015169,98.0,282.42,26.59,73759.27,Growth,49.3,50.7,Spring,None,Action-Adventure,Gen9
GTA5-114578,2026,4,2,Azerbaijan,AZE,Asia,PS5,Legacy Edition,Digital,Epic Games Store,217,2745.05,12.65,15.6,76.1,23.9,48,169,11381,641,8389,2992,8389,5281.87,17527.56,14.9,54.8,0,None,0,4.77,3,4.61,AZN,0.00000169,98.0,2.03,10.98,9627.26,Growth,51.8,48.2,Spring,None,Action-Adventure,Gen9
GTA5-114558,2026,4,2,Bahrain,BHR,Asia,PS5,Criminal Enterprise Starter Pack,Digital,PlayStation Store,303,3460.26,11.42,23.8,77.1,22.9,77,226,13806,830,8398,5408,8398,4650.74,14727.46,13.1,45.8,0,None,0,4.45,4,2.68,BHD,0.000000389,98.0,0.93,1.5,27626.63,Growth,45.0,55.0,Spring,None,Action-Adventure,Gen9
GTA5-114500,2026,4,2,Brazil,BRA,South America,PS5,Standard Edition,Digital,Rockstar Games Launcher,925,10619,11.48,23.4,75.8,24.2,256,669,56305,3076,38504,17801,38504,20625.42,69282.89,19.8,60.9,0,None,0,4.74,13,3.04,BRL,0.051397,98.0,305.47,232.35,14673.1,Growth,52.5,47.5,Spring,None,Action-Adventure,Gen9
GTA5-114522,2026,4,2,Bulgaria,BGR,Europe,PS5,Standard Edition,Digital,PlayStation Store,200,2876,14.38,4.1,80.7,19.3,44,156,24301,1760,16527,7774,16527,8959.41,23683.05,16.4,38.8,0,None,0,4.75,4,3.75,BGN,0.018338,98.0,2.58,8.32,10783.32,Growth,55.8,44.2,Spring,None,Action-Adventure,Gen9
GTA5-114579,2026,4,2,Cambodia,KHM,Asia,Xbox Series X|S,Criminal Enterprise Starter Pack,Digital,Rockstar Games Launcher,44,659.56,14.99,0,76,24,11,33,4247,243,2521,1726,2521,1306.41,3326.42,14.0,42.5,0,None,0,4.63,3,2.57,KHR,40.662374,98.0,0.26,17.34,2333.45,Growth,51.0,49.0,Spring,None,Action-Adventure,Gen9
GTA5-114498,2026,4,2,Canada,CAN,North America,Xbox Series X|S,Standard Edition,Digital,Rockstar Games Launcher,1014,13790.4,13.6,9.3,79.7,20.3,240,774,67669,5968,42888,24781,42888,41458.33,93292.22,15.3,38.9,0,None,0,4.4,21,3.99,CAD,0.001301,98.0,241.8,40.46,62252.96,Growth,48.4,51.6,Spring,None,Action-Adventure,Gen9
GTA5-114502,2026,4,2,Chile,CHL,South America,Xbox Series X|S,Criminal Enterprise Starter Pack,Digital,PlayStation Store,193,2595.85,13.45,10.3,74.9,25.1,43,150,15905,1336,11857,4048,11857,6284.39,21910.27,15.1,43.6,0,None,0,4.49,3,3.33,CLP,8.881133,98.0,9.91,19.65,19695.44,Growth,49.0,51.0,Spring,None,Action-Adventure,Gen9
GTA5-114531,2026,4,2,Croatia,HRV,Europe,PS5,Standard Edition,Digital,Epic Games Store,358,4084.78,11.41,23.9,77.2,22.8,92,266,18157,926,12260,5897,12260,7099.54,23208.33,15.4,44.9,0,None,0,4.59,5,3.38,EUR,0.0000008947,98.0,2.26,4.86,18200.17,Growth,54.7,45.3,Spring,None,Action-Adventure,Gen9
GTA5-114516,2026,4,2,Denmark,DNK,Europe,PS5,Premium Edition,Digital,Steam,585,8330.4,14.24,5,78.2,21.8,132,453,38368,2284,22767,15601,22767,6619.08,23224.11,16.5,41.7,0,None,0,4.68,15,1.49,DKK,0.067859,98.0,23.56,6.47,66934.07,Growth,48.5,51.5,Spring,None,Action-Adventure,Gen9
GTA5-114506,2026,4,2,Ecuador,ECU,South America,PS5,Premium Edition,Digital,PlayStation Store,92,1194.16,12.98,13.4,70.9,29.1,22,70,9677,800,6301,3376,6301,5201.36,10465.01,12.5,31.5,0,None,0,4.53,3,0.67,USD,0.010061,98.0,1.47,18.5,8275.55,Growth,42.8,57.2,Spring,None,Action-Adventure,Gen9
GTA5-114557,2026,4,2,Estonia,EST,Europe,PS5,Standard Edition,Digital,Steam,250,3467.5,13.87,7.5,71.8,28.2,61,189,16791,877,9776,7015,9776,10085.45,20840.38,14.6,33.4,0,None,0,4.85,4,2.97,EUR,0.0000009056,98.0,0.97,1.5,25218.7,Growth,48.2,51.8,Spring,None,Action-Adventure,Gen9
GTA5-114530,2026,4,2,Fiji,FJI,Oceania,Xbox Series X|S,Premium Edition,Digital,Steam,42,581.7,13.85,7.6,75.9,24.1,9,33,2900,192,1790,1110,1790,945.2,2467.59,12.8,53.9,0,None,0,4.63,3,6.04,FJD,0.022074,98.0,0.04,1.04,6307.68,Growth,52.7,47.3,Spring,None,Action-Adventure,Gen9
GTA5-114517,2026,4,2,Finland,FIN,Europe,Xbox Series X|S,Standard Edition,Digital,PlayStation Store,519,7468.41,14.39,4,78.3,21.7,131,388,30514,1887,17100,13414,17100,6665.63,26639.39,13.3,57.6,0,None,0,4.56,7,2.75,EUR,0.0000009022,98.0,17.58,6.24,55038.01,Growth,41.3,58.7,Spring,None,Action-Adventure,Gen9
GTA5-114526,2026,4,2,Ghana,GHA,Africa,PS5,Premium Edition,Digital,Microsoft Store,179,2348.48,13.12,12.5,77.4,22.6,39,140,16148,909,10428,5720,10428,6929.12,19105.22,15.8,51.7,0,None,0,4.71,3,4.16,GHS,0.119414,98.0,1.86,30.06,3217.24,Growth,49.1,50.9,Spring,None,Action-Adventure,Gen9
GTA5-114560,2026,4,2,Greece,GRC,Europe,PS5,Standard Edition,Digital,Epic Games Store,343,4277.21,12.47,16.8,76,24,77,266,21991,1700,15045,6946,15045,8981.88,21292.93,18.4,41.9,0,None,0,4.55,8,4.42,EUR,0.0000009158,98.0,11.1,12.72,24785.01,Growth,49.6,50.4,Spring,None,Action-Adventure,Gen9
GTA5-114537,2026,4,2,Hong Kong,HKG,Asia,PS5,Standard Edition,Digital,Steam,803,11691.68,14.56,2.9,73.3,26.7,204,599,45492,2964,32396,13096,32396,30488.83,65298.63,17.5,50.8,0,None,0,4.5,7,3.15,HKD,0.077765,98.0,27.54,8.32,43095.23,Growth,50.4,49.6,Spring,None,Action-Adventure,Gen9
GTA5-114535,2026,4,2,Iraq,IRQ,Asia,Xbox Series X|S,Standard Edition,Digital,Steam,148,1986.16,13.42,10.5,83.8,16.2,34,114,14953,1012,8657,6296,8657,4493.69,11952.43,13.2,49.0,0,None,0,4.97,3,2.54,IQD,13.114694,98.0,5.85,39.3,7752.51,Growth,47.1,52.9,Spring,None,Action-Adventure,Gen9
GTA5-114553,2026,4,2,Ireland,IRL,Europe,Xbox Series X|S,Standard Edition,Digital,Microsoft Store,261,3912.39,14.99,0,73.5,26.5,60,201,25650,1675,18038,7612,18038,17966.58,39296.19,14.9,35.9,0,None,0,4.25,7,1.35,EUR,0.0000008938,98.0,14.6,5.32,57176.81,Growth,46.9,53.1,Spring,None,Action-Adventure,Gen9
GTA5-114534,2026,4,2,Israel,ISR,Asia,Xbox Series X|S,Standard Edition,Digital,Rockstar Games Launcher,505,6231.7,12.34,17.7,78,22,116,389,34065,2483,19928,14137,19928,17382.39,42577.78,15.4,22.5,0,None,0,4.47,10,3.04,ILS,0.037203,98.0,22.37,9.36,41497.75,Growth,36.3,63.7,Spring,None,Action-Adventure,Gen9
GTA5-114510,2026,4,2,Italy,ITA,Europe,PS5,Standard Edition,Digital,Steam,1082,14433.88,13.34,11,77.9,22.1,277,805,86703,5070,52743,33960,52743,48810.2,110854.03,16.8,49.5,0,None,0,4.62,28,0.68,EUR,0.0000009044,98.0,315.19,69.36,40573.98,Growth,45.3,54.7,Spring,None,Action-Adventure,Gen9
GTA5-114565,2026,4,2,Japan,JPN,Asia,Xbox Series X|S,Premium Edition,Digital,Steam,1117,15202.37,13.61,9.2,74.2,25.8,256,861,112042,9627,62181,49861,62181,30486.76,102078.27,17.2,52.1,0,None,0,4.44,18,6.37,JPY,1.479066,98.0,1145.32,146.81,44325.96,Growth,41.3,58.7,Spring,None,Action-Adventure,Gen9
GTA5-114520,2026,4,2,Jordan,JOR,Asia,PS5,Legacy Edition,Digital,Steam,182,2475.2,13.6,9.3,71.5,28.5,45,137,13359,831,9712,3647,9712,6062.73,17151.0,16.0,44.6,0,None,0,4.52,3,1.17,JOD,0.0000007052,98.0,0.87,7.51,6030.64,Growth,43.4,56.6,Spring,None,Action-Adventure,Gen9
GTA5-114527,2026,4,2,Kenya,KEN,Africa,PS5,Criminal Enterprise Starter Pack,Digital,PlayStation Store,194,2244.58,11.57,22.8,73.7,26.3,48,146,18717,1319,11900,6817,11900,13178.19,27170.34,13.7,35.9,0,None,0,4.7,3,2.96,KES,0.00012849,98.0,3.61,50.86,2771.47,Growth,38.8,61.2,Spring,None,Action-Adventure,Gen9
GTA5-114568,2026,4,2,Lebanon,LBN,Asia,PS5,Premium Edition,Digital,Epic Games Store,186,2124.12,11.42,23.8,78.6,21.4,49,137,7655,435,4654,3001,4654,3790.9,7734.5,14.2,31.0,0,None,0,4.53,3,1.33,LBP,900.346328,98.0,1.15,6.82,10502.24,Growth,45.9,54.1,Spring,None,Action-Adventure,Gen9
GTA5-114556,2026,4,2,Morocco,MAR,Africa,PS5,Premium Edition,Digital,PlayStation Store,352,4632.32,13.16,12.2,79.3,20.7,81,271,22761,1667,14957,7804,14957,8606.07,17395.17,15.9,50.3,0,None,0,4.87,5,4.34,MAD,0.101952,98.0,5.56,38.15,5058.18,Growth,39.6,60.4,Spring,None,Action-Adventure,Gen9
GTA5-114512,2026,4,2,Netherlands,NLD,Europe,PS5,Standard Edition,Digital,PlayStation Store,675,9612,14.24,5,73.1,26.9,166,509,53214,4731,31859,21355,31859,19933.01,66310.66,14.6,39.6,0,None,0,4.71,13,4.38,EUR,0.0000008913,98.0,106.63,19.65,60563.78,Growth,38.5,61.5,Spring,None,Action-Adventure,Gen9
GTA5-114540,2026,4,2,New Zealand,NZL,Oceania,PS5,Premium Edition,Digital,Steam,647,8630.98,13.34,11,80.5,19.5,169,478,35903,3165,25315,10588,25315,12234.3,39730.34,17.2,50.8,0,None,0,4.73,12,2.78,NZD,0.015925,98.0,13.96,5.09,47622.88,Growth,49.3,50.7,Spring,None,Action-Adventure,Gen9
GTA5-114577,2026,4,2,Nigeria,NGA,Africa,PS5,Premium Edition,Digital,Steam,335,3802.25,11.35,24.3,79.3,20.7,88,247,32979,2438,24341,8638,24341,19109.24,49800.05,14.3,43.4,0,None,0,4.46,7,2.74,NGN,9.167627,98.0,41.84,201.14,4642.98,Growth,47.4,52.6,Spring,None,Action-Adventure,Gen9
GTA5-114515,2026,4,2,Norway,NOR,Europe,PS5,Premium Edition,Digital,PlayStation Store,587,8317.79,14.17,5.5,75.6,24.4,128,459,54639,3140,39605,15034,39605,15538.07,40648.45,17.8,59.6,0,None,0,4.63,12,4.68,NOK,0.104199,98.0,36.9,5.9,108575.22,Growth,57.2,42.8,Spring,None,Action-Adventure,Gen9
GTA5-114583,2026,4,2,Oman,OMN,Asia,Xbox Series X|S,Legacy Edition,Digital,PlayStation Store,178,2433.26,13.67,8.8,81.9,18.1,40,138,10041,590,6323,3718,6323,1889.4,6785.58,15.7,22.4,0,None,0,4.32,4,2.03,OMR,0.000000394,98.0,2.32,4.62,22426.8,Growth,49.7,50.3,Spring,None,Action-Adventure,Gen9
GTA5-114538,2026,4,2,Pakistan,PAK,Asia,PS5,Standard Edition,Digital,Microsoft Store,249,3732.51,14.99,0,76.8,23.2,63,186,24942,2171,14756,10186,14756,9964.27,29678.61,18.4,49.5,0,None,0,4.6,3,4.19,PKR,2.790965,98.0,16.93,210.39,2514.37,Growth,44.3,55.7,Spring,None,Action-Adventure,Gen9
GTA5-114504,2026,4,2,Peru,PER,South America,Xbox Series X|S,Standard Edition,Digital,Steam,154,2308.46,14.99,0,75.9,24.1,35,119,11003,985,6335,4668,6335,6226.8,12781.98,13.2,35.0,0,None,0,4.74,3,3.44,PEN,0.036715,98.0,6.63,34.68,9964.49,Growth,44.6,55.4,Spring,None,Action-Adventure,Gen9
GTA5-114541,2026,4,2,Philippines,PHL,Asia,PS5,Premium Edition,Digital,PlayStation Store,516,6955.68,13.48,10.1,75.4,24.6,112,404,33747,2448,19488,14259,19488,8474.05,31931.82,16.6,44.4,0,None,0,4.58,4,3.54,PHP,0.561792,98.0,31.41,113.29,4813.54,Growth,45.2,54.8,Spring,None,Action-Adventure,Gen9
GTA5-114513,2026,4,2,Poland,POL,Europe,PS5,Standard Edition,Digital,Epic Games Store,625,8050,12.88,14.1,75.3,24.7,157,468,50181,3717,30879,19302,30879,17381.57,35070.14,16.8,39.0,0,None,0,4.56,9,2.74,PLN,0.040168,98.0,71.34,43.93,21144.47,Growth,46.3,53.7,Spring,None,Action-Adventure,Gen9
GTA5-114576,2026,4,2,Portugal,PRT,Europe,PS5,Standard Edition,Digital,PlayStation Store,379,5453.81,14.39,4,74.5,25.5,81,298,33240,2835,20826,12414,20826,18593.37,43266.73,15.9,54.0,0,None,0,4.97,10,3.97,EUR,0.000000885,98.0,13.15,11.56,25389.38,Growth,36.9,63.1,Spring,None,Action-Adventure,Gen9
GTA5-114571,2026,4,2,Qatar,QAT,Asia,Xbox Series X|S,Standard Edition,Digital,Steam,305,3983.3,13.06,12.9,77,23,67,238,19561,1015,10856,8705,10856,7554.64,17546.45,15.5,42.7,0,None,0,4.71,6,3.13,QAR,0.036123,98.0,9.58,2.54,98199.92,Growth,42.9,57.1,Spring,None,Action-Adventure,Gen9
GTA5-114584,2026,4,2,Russia,RUS,Europe,PS5,Standard Edition,Digital,PlayStation Store,857,11946.58,13.94,7,77.8,22.2,224,633,70037,6299,50604,19433,50604,33761.82,81677.89,19.8,47.8,0,None,0,4.22,15,2.4,RUB,0.903982,98.0,291.33,166.46,18230.53,Growth,45.0,55.0,Spring,None,Action-Adventure,Gen9
GTA5-114532,2026,4,2,Slovakia,SVK,Europe,Xbox Series X|S,Criminal Enterprise Starter Pack,Digital,Microsoft Store,249,3627.93,14.57,2.8,81.9,18.1,64,185,17293,1367,11463,5830,11463,5903.13,17146.55,14.2,37.2,0,None,0,4.65,4,4.4,EUR,0.0000009032,98.0,3.85,6.24,24112.37,Growth,48.5,51.5,Spring,None,Action-Adventure,Gen9
GTA5-114563,2026,4,2,South Korea,KOR,Asia,PS5,Legacy Edition,Digital,Rockstar Games Launcher,1536,21043.2,13.7,8.6,71.8,28.2,395,1141,61879,4743,46280,15599,46280,20332.82,46298.0,21.0,49.2,0,None,0,4.59,30,3.44,KRW,13.338267,98.0,271.99,58.96,36040.58,Growth,42.4,57.6,Spring,None,Action-Adventure,Gen9
GTA5-114514,2026,4,2,Sweden,SWE,Europe,PS5,Premium Edition,Digital,Microsoft Store,964,12194.6,12.65,15.6,74.6,25.4,242,722,43567,2955,25558,18009,25558,7689.23,26191.72,13.4,49.2,0,None,0,4.54,9,0.1,SEK,0.106164,98.0,54.09,11.1,69223.23,Growth,38.2,61.8,Spring,None,Action-Adventure,Gen9
GTA5-114518,2026,4,2,Switzerland,CHE,Europe,PS5,Standard Edition,Digital,Microsoft Store,833,10179.26,12.22,18.5,73.2,26.8,196,637,51275,3472,29458,21817,29458,14978.46,57681.84,16.5,39.3,0,None,0,4.7,16,6.21,CHF,0.0000008777,98.0,54.47,9.36,90928.22,Growth,40.9,59.1,Spring,None,Action-Adventure,Gen9
GTA5-114569,2026,4,2,Tunisia,TUN,Africa,PS5,Criminal Enterprise Starter Pack,Digital,Microsoft Store,201,2440.14,12.14,19,76.6,23.4,48,153,9569,783,6914,2655,6914,2294.92,6612.05,15.6,37.1,0,None,0,4.66,3,3.54,TND,0.030801,98.0,1.15,12.72,5639.73,Growth,37.9,62.1,Spring,None,Action-Adventure,Gen9
GTA5-114573,2026,4,2,Turkey,TUR,Europe,Xbox Series X|S,Standard Edition,Digital,PlayStation Store,618,7780.62,12.59,16,76,24,162,456,31974,2691,19681,12293,19681,16856.82,35309.4,16.8,47.1,0,None,0,4.42,9,2.33,TRY,0.273328,98.0,83.35,87.85,14824.27,Growth,40.5,59.5,Spring,None,Action-Adventure,Gen9
GTA5-114528,2026,4,2,United Arab Emirates,ARE,Asia,PS5,Criminal Enterprise Starter Pack,Digital,Epic Games Store,620,7378,11.9,20.6,74.5,25.5,158,462,42371,3252,24215,18156,24215,13872.84,35516.18,15.4,46.4,0,None,0,4.52,6,3.99,AED,0.037504,98.0,34.85,10.64,46528.93,Growth,51.3,48.7,Spring,None,Action-Adventure,Gen9
GTA5-114497,2026,4,2,United States,USA,North America,PS5,Premium Edition,Digital,Epic Games Store,2738,35374.96,12.92,13.8,78.8,21.2,636,2102,280111,22424,166898,113213,166898,76704.02,224820.61,16.9,46.5,0,None,0,4.68,25,3.05,USD,0.010046,98.0,7729.21,365.29,66122.25,Growth,42.2,57.8,Spring,None,Action-Adventure,Gen9
GTA5-114505,2026,4,2,Uruguay,URY,South America,Xbox Series X|S,Standard Edition,Digital,Epic Games Store,68,914.6,13.45,10.3,76.2,23.8,15,53,6083,518,3524,2559,3524,1855.51,6776.7,15.9,42.5,0,None,0,4.44,3,3.81,UYU,0.404732,98.0,0.79,3.93,20976.96,Growth,45.9,54.1,Spring,None,Action-Adventure,Gen9
GTA5-114635,2026,5,2,Algeria,DZA,Africa,Xbox Series X|S,Legacy Edition,Digital,PlayStation Store,287,1793.75,6.25,58.3,76.3,23.7,71,216,14131,1261,10352,3779,10352,4775.01,12810.13,16.0,45.9,0,Epic Mega Sale,1,4.65,3,4.95,DZD,1.351342,98.0,6.76,43.97,6859.5,Growth,50.7,49.3,Spring,Epic Mega Sale,Action-Adventure,Gen9
GTA5-114589,2026,5,2,Argentina,ARG,South America,Xbox Series X|S,Standard Edition,Digital,Steam,471,3508.95,7.45,50.3,75.9,24.1,125,346,21848,1845,14068,7780,14068,8117.14,24902.89,12.9,42.0,0,Epic Mega Sale,1,4.42,6,3.97,ARS,3.491484,98.0,30.94,48.6,16577.7,Growth,45.5,54.5,Spring,Epic Mega Sale,Action-Adventure,Gen9
GTA5-114621,2026,5,2,Australia,AUS,Oceania,Xbox Series X|S,Legacy Edition,Digital,Epic Games Store,2310,18803.4,8.14,45.7,83.2,16.8,570,1740,92368,4911,62735,29633,62735,51599.16,121814.12,19.4,52.4,0,Epic Mega Sale,1,4.71,42,2.33,AUD,0.015003,98.0,280.66,26.61,73244.33,Growth,42.3,57.7,Spring,Epic Mega Sale,Action-Adventure,Gen9
GTA5-114634,2026,5,2,Bahrain,BHR,Asia,PS5,Criminal Enterprise Starter Pack,Digital,Rockstar Games Launcher,318,2687.1,8.45,43.6,76.2,23.8,70,248,14723,807,9633,5090,9633,3698.91,11059.05,14.5,42.4,0,Epic Mega Sale,1,4.56,3,2.42,BHD,0.0000003776,98.0,0.91,1.5,26991.48,Growth,51.9,48.1,Spring,Epic Mega Sale,Action-Adventure,Gen9
GTA5-114637,2026,5,2,Bangladesh,BGD,Asia,Xbox Series X|S,Premium Edition,Digital,PlayStation Store,411,3197.58,7.78,48.1,78.1,21.9,102,309,13417,908,8373,5044,8373,4195.84,14821.28,14.6,39.2,0,Epic Mega Sale,1,4.41,10,3.21,BDT,1.083457,98.0,11.82,181.66,2540.69,Growth,51.8,48.2,Spring,Epic Mega Sale,Action-Adventure,Gen9
GTA5-114630,2026,5,2,Belgium,BEL,Europe,PS5,Standard Edition,Digital,PlayStation Store,1140,8287.8,7.27,51.5,73,27,289,851,43370,3399,26318,17052,26318,23882.31,54221.07,18.0,42.8,0,Epic Mega Sale,1,4.7,27,3.48,EUR,0.0000008939,98.0,40.47,12.73,52283.57,Growth,48.4,51.6,Spring,Epic Mega Sale,Action-Adventure,Gen9
GTA5-114676,2026,5,2,Brazil,BRA,South America,Xbox Series X|S,Premium Edition,Digital,Rockstar Games Launcher,1176,8055.6,6.85,54.3,76.9,23.1,269,907,43335,3793,25155,18180,25155,15318.04,40902.05,12.5,29.3,0,Epic Mega Sale,1,4.48,15,4.76,BRL,0.050934,98.0,309.63,232.57,14858.6,Growth,52.4,47.6,Spring,Epic Mega Sale,Action-Adventure,Gen9
GTA5-114647,2026,5,2,Bulgaria,BGR,Europe,Xbox Series X|S,Premium Edition,Digital,Microsoft Store,395,4092.2,10.36,30.9,78.7,21.3,95,300,16323,1364,12157,4166,12157,6604.79,21601.39,15.1,31.6,0,Epic Mega Sale,1,4.46,5,5.13,BGN,0.018018,98.0,2.57,8.33,10731.96,Growth,50.5,49.5,Spring,Epic Mega Sale,Action-Adventure,Gen9
GTA5-114590,2026,5,2,Chile,CHL,South America,PS5,Standard Edition,Digital,Steam,481,3949.01,8.21,45.2,79.7,20.3,129,352,18729,1329,12612,6117,12612,7105.59,20731.88,17.7,52.7,0,Epic Mega Sale,1,4.48,9,3.58,CLP,8.923828,98.0,9.97,19.67,19803.59,Growth,43.5,56.5,Spring,Epic Mega Sale,Action-Adventure,Gen9
GTA5-114678,2026,5,2,Chile,CHL,South America,Xbox Series X|S,Legacy Edition,Digital,Steam,422,3211.42,7.61,49.2,81.3,18.7,100,322,18109,1594,13570,4539,13570,10928.86,26196.28,17.9,50.5,0,Epic Mega Sale,1,4.55,8,0.56,CLP,9.099164,98.0,9.98,19.67,19817.14,Growth,50.9,49.1,Spring,Epic Mega Sale,Action-Adventure,Gen9
GTA5-114591,2026,5,2,Colombia,COL,South America,PS5,Standard Edition,Digital,Epic Games Store,605,3902.25,6.45,57,73.8,26.2,156,449,20291,1454,12301,7990,12301,6862.71,19502.04,13.2,37.6,0,Epic Mega Sale,1,4.54,17,4.05,COP,39.761171,98.0,18.08,54.38,11547.18,Growth,41.7,58.3,Spring,Epic Mega Sale,Action-Adventure,Gen9
GTA5-114648,2026,5,2,Croatia,HRV,Europe,PS5,Premium Edition,Digital,Microsoft Store,472,4002.56,8.48,43.4,75,25,129,343,18880,1511,13890,4990,13890,13598.29,27367.91,16.2,70.9,0,Epic Mega Sale,1,4.58,9,2.24,EUR,0.0000008939,98.0,2.26,4.86,18164.61,Growth,45.5,54.5,Spring,Epic Mega Sale,Action-Adventure,Gen9
GTA5-114614,2026,5,2,Czech Republic,CZE,Europe,Xbox Series X|S,Standard Edition,Digital,PlayStation Store,716,6673.12,9.32,37.8,67.5,32.5,182,534,25720,2124,18437,7283,18437,10751.36,33235.02,15.7,45.2,0,Epic Mega Sale,1,4.76,18,0.18,CZK,0.224877,98.0,15.15,12.15,25984.85,Growth,47.9,52.1,Spring,Epic Mega Sale,Action-Adventure,Gen9
GTA5-114594,2026,5,2,Ecuador,ECU,South America,PS5,Criminal Enterprise Starter Pack,Digital,Epic Games Store,219,1644.69,7.51,49.9,75.6,24.4,58,161,5433,414,3618,1815,3618,2261.08,6950.12,13.9,63.0,0,Epic Mega Sale,1,4.44,3,3.63,USD,0.010037,98.0,1.49,18.51,8395.04,Growth,43.1,56.9,Spring,Epic Mega Sale,Action-Adventure,Gen9
GTA5-114682,2026,5,2,Ecuador,ECU,South America,Xbox Series X|S,Premium Edition,Digital,Microsoft Store,105,805.35,7.67,48.8,72.7,27.3,28,77,5247,328,3050,2197,3050,1403.19,3243.49,16.7,32.2,0,Epic Mega Sale,1,4.76,3,1.3,USD,0.001023,98.0,1.5,18.51,8442.45,Growth,47.0,53.0,Spring,Epic Mega Sale,Action-Adventure,Gen9
GTA5-114597,2026,5,2,France,FRA,Europe,PS5,Premium Edition,Digital,Rockstar Games Launcher,2148,21823.68,10.16,32.2,79.9,20.1,538,1610,99060,6397,58800,40260,58800,58478.88,138199.3,13.4,41.3,0,Epic Mega Sale,1,4.29,57,5.48,EUR,0.0000009085,98.0,598.91,76.36,51063.06,Growth,46.0,54.0,Spring,Epic Mega Sale,Action-Adventure,Gen9
GTA5-114596,2026,5,2,Germany,DEU,Europe,Xbox Series X|S,Standard Edition,Digital,PlayStation Store,2861,23031.05,8.05,46.3,79.5,20.5,636,2225,109968,9692,68822,41146,68822,37164.32,118897.01,17.1,37.9,0,Epic Mega Sale,1,4.59,36,2.47,EUR,0.0000008995,98.0,1001.69,93.72,55667.38,Growth,49.1,50.9,Spring,Epic Mega Sale,Action-Adventure,Gen9
GTA5-114611,2026,5,2,Ghana,GHA,Africa,PS5,Standard Edition,Digital,Rockstar Games Launcher,321,3373.71,10.51,29.9,72.8,27.2,80,241,12296,636,7062,5234,7062,6557.98,15027.45,15.9,48.5,0,Epic Mega Sale,1,4.56,5,2.99,GHS,0.118111,98.0,1.86,30.08,3225.2,Growth,53.8,46.2,Spring,Epic Mega Sale,Action-Adventure,Gen9
GTA5-114645,2026,5,2,Greece,GRC,Europe,PS5,Standard Edition,Digital,PlayStation Store,637,6070.61,9.53,36.4,82.2,17.8,137,500,21213,1148,14744,6469,14744,7480.37,18671.82,16.0,47.6,0,Epic Mega Sale,1,4.55,7,2.1,EUR,0.0000008884,98.0,11.17,12.73,24938.27,Growth,39.9,60.1,Spring,Epic Mega Sale,Action-Adventure,Gen9
GTA5-114638,2026,5,2,Hong Kong,HKG,Asia,PS5,Standard Edition,Digital,Epic Games Store,1140,11639.4,10.21,31.9,75.9,24.1,262,878,57235,4421,37676,19559,37676,23331.68,71643.88,15.8,48.3,0,Epic Mega Sale,1,4.73,29,4.37,HKD,0.078387,98.0,27.92,8.33,43643.62,Growth,43.1,56.9,Spring,Epic Mega Sale,Action-Adventure,Gen9
GTA5-114672,2026,5,2,Hungary,HUN,Europe,Xbox Series X|S,Legacy Edition,Digital,Rockstar Games Launcher,437,3666.43,8.39,44,71.8,28.2,116,321,22584,1371,14289,8295,14289,11759.68,25768.8,17.6,42.2,0,Epic Mega Sale,1,4.58,9,0.1,HUF,0.356206,98.0,8.84,11.45,20098.39,Growth,43.4,56.6,Spring,Epic Mega Sale,Action-Adventure,Gen9
GTA5-114658,2026,5,2,Iceland,ISL,Europe,Xbox Series X|S,Legacy Edition,Digital,PlayStation Store,255,2368.95,9.29,38,78,22,60,195,10134,787,7112,3022,7112,4921.37,11469.9,16.2,69.0,0,Epic Mega Sale,1,4.44,5,4.34,ISK,1.384931,98.0,0.44,0.38,60326.63,Growth,45.4,54.6,Spring,Epic Mega Sale,Action-Adventure,Gen9
GTA5-114627,2026,5,2,India,IND,Asia,Xbox Series X|S,Standard Edition,Digital,Microsoft Store,1586,12006.02,7.57,49.5,75.6,24.4,416,1170,60454,4750,37192,23262,37192,25657.4,67010.37,15.4,45.1,0,Epic Mega Sale,1,4.66,15,2.57,INR,0.851457,98.0,522.28,1448.62,3219.08,Growth,50.4,49.6,Spring,Epic Mega Sale,Action-Adventure,Gen9
GTA5-114615,2026,5,2,Iraq,IRQ,Asia,PS5,Premium Edition,Digital,Rockstar Games Launcher,458,2903.72,6.34,57.7,70,30,114,344,16026,1081,10093,5933,10093,5885.54,13550.83,14.8,42.8,0,Epic Mega Sale,1,4.36,3,4.15,IQD,12.936073,98.0,5.86,39.34,7753.05,Growth,46.5,53.5,Spring,Epic Mega Sale,Action-Adventure,Gen9
GTA5-114665,2026,5,2,Ireland,IRL,Europe,Xbox Series X|S,Standard Edition,Digital,Microsoft Store,661,5525.96,8.36,44.2,79.4,20.6,158,503,30573,2284,21198,9375,21198,12218.7,35283.06,15.2,53.3,0,Epic Mega Sale,1,4.54,7,2.01,EUR,0.0000008889,98.0,14.42,5.32,56456.51,Growth,50.1,49.9,Spring,Epic Mega Sale,Action-Adventure,Gen9
GTA5-114663,2026,5,2,Israel,ISR,Asia,Xbox Series X|S,Legacy Edition,Digital,Microsoft Store,786,6288,8,46.6,73.4,26.6,200,586,31830,2503,17810,14020,17810,17427.85,43241.03,13.8,41.5,0,Epic Mega Sale,1,4.47,16,2.47,ILS,0.036787,98.0,22.45,9.37,41590.07,Growth,44.8,55.2,Spring,Epic Mega Sale,Action-Adventure,Gen9
GTA5-114662,2026,5,2,Kazakhstan,KAZ,Asia,PS5,Premium Edition,Digital,Microsoft Store,504,3301.2,6.55,56.3,78.6,21.4,124,380,24928,1457,13835,11093,13835,6849.6,20021.84,14.1,35.4,0,Epic Mega Sale,1,4.61,6,2.52,KZT,4.470767,98.0,9.69,19.67,17100.72,Growth,46.6,53.4,Spring,Epic Mega Sale,Action-Adventure,Gen9
GTA5-114655,2026,5,2,Kenya,KEN,Africa,PS5,Premium Edition,Digital,Steam,343,2761.15,8.05,46.3,75.4,24.6,74,269,18882,1326,12422,6460,12422,8128.16,17139.6,16.3,43.2,0,Epic Mega Sale,1,4.49,10,4.29,KES,1.275188,98.0,3.63,50.91,2781.92,Growth,42.4,57.6,Spring,Epic Mega Sale,Action-Adventure,Gen9
GTA5-114626,2026,5,2,Kuwait,KWT,Asia,PS5,Premium Edition,Digital,Epic Games Store,672,6135.36,9.13,39.1,74.1,25.9,176,496,16933,951,11689,5244,11689,10215.43,23869.23,17.5,56.7,0,Epic Mega Sale,1,4.39,15,3.71,KWD,0.0000003133,98.0,6.64,3.93,52798.2,Growth,41.0,59.0,Spring,Epic Mega Sale,Action-Adventure,Gen9
GTA5-114628,2026,5,2,Lebanon,LBN,Asia,PS5,Premium Edition,Digital,Rockstar Games Launcher,289,2759.95,9.55,36.3,75.3,24.7,76,213,11711,1004,7084,4627,7084,4281.82,13806.54,15.2,48.7,0,Epic Mega Sale,1,4.53,8,2.31,LBP,890.234665,98.0,1.16,6.83,10631.18,Growth,55.2,44.8,Spring,Epic Mega Sale,Action-Adventure,Gen9
GTA5-114669,2026,5,2,Luxembourg,LUX,Europe,Xbox Series X|S,Standard Edition,Digital,PlayStation Store,360,3214.8,8.93,40.4,74.6,25.4,79,281,15053,1012,10228,4825,10228,6274.43,18223.4,14.5,40.0,0,Epic Mega Sale,1,4.77,6,2.54,EUR,0.0000009065,98.0,1.69,0.64,117721.46,Growth,48.4,51.6,Spring,Epic Mega Sale,Action-Adventure,Gen9
GTA5-114587,2026,5,2,Mexico,MEX,North America,PS5,Premium Edition,Digital,Epic Games Store,1265,8311.05,6.57,56.2,76.2,23.8,312,953,40343,2336,30252,10091,30252,17328.55,35697.36,16.1,62.4,0,Epic Mega Sale,1,4.76,23,1.34,MXN,0.186349,98.0,156.14,141.16,15712.22,Growth,45.0,55.0,Spring,Epic Mega Sale,Action-Adventure,Gen9
GTA5-114675,2026,5,2,Mexico,MEX,North America,Xbox Series X|S,Legacy Edition,Digital,Rockstar Games Launcher,1267,10820.18,8.54,43,74,26,293,974,36876,2621,21298,15578,21298,13407.68,33074.4,15.1,44.6,0,Epic Mega Sale,1,4.67,13,1.29,MXN,0.183676,98.0,152.62,141.16,15357.94,Growth,43.2,56.8,Spring,Epic Mega Sale,Action-Adventure,Gen9
GTA5-114664,2026,5,2,Myanmar,MMR,Asia,Xbox Series X|S,Criminal Enterprise Starter Pack,Digital,Microsoft Store,156,1224.6,7.85,47.6,75.7,24.3,37,119,4778,331,3471,1307,3471,1164.4,4000.93,15.1,36.6,0,Epic Mega Sale,1,4.74,3,3.19,MMK,21.401951,98.0,1.41,61.32,2399.77,Growth,42.3,57.7,Spring,Epic Mega Sale,Action-Adventure,Gen9
GTA5-114646,2026,5,2,Nepal,NPL,Asia,PS5,Standard Edition,Digital,PlayStation Store,145,991.8,6.84,54.4,74.5,25.5,32,113,5516,339,3219,2297,3219,1311.17,3535.38,13.2,57.1,0,Epic Mega Sale,1,4.66,3,4.96,NPR,1.333348,98.0,0.55,32.4,1767.21,Growth,51.0,49.0,Spring,Epic Mega Sale,Action-Adventure,Gen9
GTA5-114600,2026,5,2,Netherlands,NLD,Europe,Xbox Series X|S,Standard Edition,Digital,Rockstar Games Launcher,1174,9321.56,7.94,47,76.7,23.3,265,909,48494,3056,31639,16855,31639,34389.64,75571.67,15.5,49.3,0,Epic Mega Sale,1,4.25,24,4.58,EUR,0.0000009083,98.0,104.46,19.67,59268.53,Growth,47.9,52.1,Spring,Epic Mega Sale,Action-Adventure,Gen9
GTA5-114671,2026,5,2,Nigeria,NGA,Africa,PS5,Standard Edition,Digital,Epic Games Store,498,4681.2,9.4,37.3,72.4,27.6,130,368,27598,2172,19336,8262,19336,16918.02,36902.76,18.0,46.7,0,Epic Mega Sale,1,4.69,11,2.58,NGN,8.847794,98.0,41.59,201.33,4610.53,Growth,55.8,44.2,Spring,Epic Mega Sale,Action-Adventure,Gen9
GTA5-114603,2026,5,2,Norway,NOR,Europe,PS5,Legacy Edition,Digital,Microsoft Store,1286,10583.78,8.23,45.1,74.3,25.7,339,947,42088,3063,31035,11053,31035,32789.59,72446.15,20.1,60.1,0,Epic Mega Sale,1,4.46,13,3.98,NOK,0.103959,98.0,36.4,5.9,107114.78,Growth,55.6,44.4,Spring,Epic Mega Sale,Action-Adventure,Gen9
GTA5-114641,2026,5,2,Oman,OMN,Asia,PS5,Premium Edition,Digital,Rockstar Games Launcher,400,3692,9.23,38.4,77.4,22.6,109,291,12470,1091,7060,5410,7060,3550.59,11632.94,11.5,34.3,0,Epic Mega Sale,1,4.43,10,4.98,OMR,0.0000003921,98.0,2.34,4.63,22597.7,Growth,45.3,54.7,Spring,Epic Mega Sale,Action-Adventure,Gen9
GTA5-114625,2026,5,2,Pakistan,PAK,Asia,Xbox Series X|S,Criminal Enterprise Starter Pack,Digital,Epic Games Store,391,2287.35,5.85,61,74.9,25.1,101,290,17024,1521,10522,6502,10522,4648.19,13217.8,16.2,38.0,0,Epic Mega Sale,1,4.59,6,5.63,PKR,2.854495,98.0,16.91,210.58,2509.59,Growth,53.4,46.6,Spring,Epic Mega Sale,Action-Adventure,Gen9
GTA5-114592,2026,5,2,Peru,PER,South America,PS5,Premium Edition,Digital,Steam,258,2223.96,8.62,42.5,78.5,21.5,58,200,14240,868,9483,4757,9483,8051.62,17266.14,16.4,54.3,0,Epic Mega Sale,1,4.44,3,4.37,PEN,0.037454,98.0,6.66,34.71,9986.35,Growth,42.4,57.6,Spring,Epic Mega Sale,Action-Adventure,Gen9
GTA5-114633,2026,5,2,Portugal,PRT,Europe,Xbox Series X|S,Premium Edition,Digital,Rockstar Games Launcher,496,5396.48,10.88,27.4,78.4,21.6,108,388,27201,2331,19802,7399,19802,9032.04,33158.08,14.8,42.9,0,Epic Mega Sale,1,4.75,10,1.39,EUR,0.0000008964,98.0,13.48,11.57,25998.61,Growth,47.0,53.0,Spring,Epic Mega Sale,Action-Adventure,Gen9
GTA5-114643,2026,5,2,Qatar,QAT,Asia,Xbox Series X|S,Premium Edition,Digital,Rockstar Games Launcher,715,6406.4,8.96,40.2,77.8,22.2,183,532,21777,1217,12117,9660,12117,8086.32,16358.2,15.8,54.9,0,Epic Mega Sale,1,4.48,20,2.75,QAR,0.036307,98.0,9.61,2.55,98160.41,Growth,38.5,61.5,Spring,Epic Mega Sale,Action-Adventure,Gen9
GTA5-114670,2026,5,2,Saudi Arabia,SAU,Asia,PS5,Criminal Enterprise Starter Pack,Digital,Epic Games Store,1282,10717.52,8.36,44.2,72.9,27.1,296,986,48870,2610,31029,17841,31029,33094.59,74473.38,16.7,55.1,0,Epic Mega Sale,1,4.36,20,3.43,SAR,0.037263,98.0,73.22,34.71,27465.43,Growth,43.9,56.1,Spring,Epic Mega Sale,Action-Adventure,Gen9
GTA5-114642,2026,5,2,Serbia,SRB,Europe,Xbox Series X|S,Premium Edition,Digital,Epic Games Store,313,3424.22,10.94,27,77.2,22.8,84,229,17453,1349,11823,5630,11823,11097.82,29632.32,15.8,49.8,0,Epic Mega Sale,1,4.4,3,1.8,RSD,1.055734,98.0,2.02,8.33,8432.76,Growth,46.7,53.3,Spring,Epic Mega Sale,Action-Adventure,Gen9
GTA5-114610,2026,5,2,Singapore,SGP,Asia,Xbox Series X|S,Standard Edition,Digital,Steam,939,8892.33,9.47,36.8,81.1,18.9,249,690,41825,2837,25310,16515,25310,7583.31,25663.42,14.3,57.2,0,Epic Mega Sale,1,4.86,18,4.85,SGD,0.013525,98.0,25.05,6.25,62619.82,Growth,40.9,59.1,Spring,Epic Mega Sale,Action-Adventure,Gen9
GTA5-114617,2026,5,2,Slovakia,SVK,Europe,Xbox Series X|S,Standard Edition,Digital,PlayStation Store,469,4591.51,9.79,34.7,77.5,22.5,115,354,13897,861,8776,5121,8776,6530.73,15228.88,17.5,44.2,0,Epic Mega Sale,1,4.61,7,4.5,EUR,0.0000008866,98.0,3.78,6.25,23596.23,Growth,40.0,60.0,Spring,Epic Mega Sale,Action-Adventure,Gen9
GTA5-114620,2026,5,2,Slovenia,SVN,Europe,Xbox Series X|S,Criminal Enterprise Starter Pack,Digital,Steam,357,2616.81,7.33,51.1,72.9,27.1,76,281,16820,1223,11645,5175,11645,4762.86,16900.28,16.3,49.1,0,Epic Mega Sale,1,4.64,6,5.89,EUR,0.0000009035,98.0,1.99,2.43,28493.07,Growth,46.9,53.1,Spring,Epic Mega Sale,Action-Adventure,Gen9
GTA5-114608,2026,5,2,South Africa,ZAF,Africa,PS5,Criminal Enterprise Starter Pack,Digital,Steam,1180,7398.6,6.27,58.2,73.3,26.7,261,919,48838,2691,26979,21859,26979,16947.39,43485.96,16.1,50.1,0,Epic Mega Sale,1,4.55,15,5.64,ZAR,0.018953,98.0,33.45,61.32,9469.26,Growth,50.7,49.3,Spring,Epic Mega Sale,Action-Adventure,Gen9
GTA5-114653,2026,5,2,South Korea,KOR,Asia,Xbox Series X|S,Standard Edition,Digital,Steam,2338,14051.38,6.01,59.9,72.9,27.1,519,1819,73196,3727,49501,23695,49501,28478.92,67944.39,19.9,34.9,0,Epic Mega Sale,1,4.55,34,4.21,KRW,1.318149,98.0,273.21,59.01,36170.39,Growth,54.7,45.3,Spring,Epic Mega Sale,Action-Adventure,Gen9
GTA5-114651,2026,5,2,Sri Lanka,LKA,Asia,PS5,Standard Edition,Digital,Microsoft Store,348,3671.4,10.55,29.6,77,23,74,274,13473,794,9034,4439,9034,6122.84,20072.8,16.2,44.5,0,Epic Mega Sale,1,4.68,8,2.72,LKR,3.219801,98.0,1.88,24.3,4827.63,Growth,51.8,48.2,Spring,Epic Mega Sale,Action-Adventure,Gen9
GTA5-114644,2026,5,2,Thailand,THA,Asia,PS5,Standard Edition,Digital,PlayStation Store,1505,10805.9,7.18,52.1,81.7,18.3,405,1100,54675,4190,38801,15874,38801,26358.72,53546.86,18.0,48.7,0,Epic Mega Sale,1,4.57,32,5.03,THB,0.354421,98.0,43.75,77.52,8818.65,Growth,32.3,67.7,Spring,Epic Mega Sale,Action-Adventure,Gen9
GTA5-114666,2026,5,2,Tunisia,TUN,Africa,Xbox Series X|S,Standard Edition,Digital,Steam,183,1665.3,9.1,39.3,77.2,22.8,39,144,11134,947,8133,3001,8133,3272.05,8516.87,15.1,46.9,0,Epic Mega Sale,1,4.37,3,5.96,TND,0.030992,98.0,1.14,12.73,5618.33,Growth,37.7,62.3,Spring,Epic Mega Sale,Action-Adventure,Gen9
GTA5-114619,2026,5,2,Turkey,TUR,Europe,Xbox Series X|S,Standard Edition,Digital,Rockstar Games Launcher,839,4438.31,5.29,64.7,73.8,26.2,208,631,35302,1773,21747,13555,21747,14840.61,31814.28,17.8,30.2,0,Epic Mega Sale,1,4.31,18,5.95,TRY,0.270027,98.0,83.39,87.94,14816.16,Growth,49.8,50.2,Spring,Epic Mega Sale,Action-Adventure,Gen9
GTA5-114624,2026,5,2,Ukraine,UKR,Europe,Xbox Series X|S,Legacy Edition,Digital,Rockstar Games Launcher,521,5131.85,9.85,34.3,76.2,23.8,130,391,14951,1161,8636,6315,8636,6752.43,17576.1,12.5,51.6,0,Epic Mega Sale,1,4.55,4,2.25,UAH,0.381825,98.0,9.9,52.07,5941.62,Growth,44.2,55.8,Spring,Epic Mega Sale,Action-Adventure,Gen9
GTA5-114650,2026,5,2,United Arab Emirates,ARE,Asia,PS5,Standard Edition,Digital,Microsoft Store,1255,9512.9,7.58,49.4,74,26,325,930,59036,2976,35799,23237,35799,39719.86,89339.15,19.4,46.1,0,Epic Mega Sale,1,4.36,24,5.23,AED,0.036631,98.0,34.54,10.64,46112.07,Growth,50.6,49.4,Spring,Epic Mega Sale,Action-Adventure,Gen9
GTA5-114595,2026,5,2,United Kingdom,GBR,Europe,Xbox Series X|S,Standard Edition,Digital,Rockstar Games Launcher,1918,13579.44,7.08,52.8,71.1,28.9,441,1477,103265,8116,73469,29796,73469,31416.97,76523.47,16.6,51.8,0,Epic Mega Sale,1,4.36,45,4.18,GBP,0.0000007789,98.0,658.02,74.05,50489.87,Growth,49.9,50.1,Spring,Epic Mega Sale,Action-Adventure,Gen9
GTA5-114673,2026,5,2,United States,USA,North America,PS5,Legacy Edition,Digital,Steam,5429,28827.99,5.31,64.6,76.1,23.9,1437,3992,198295,12974,124804,73491,124804,67267.17,174552.48,16.3,42.6,0,Epic Mega Sale,1,4.64,122,5.13,USD,0.010048,98.0,7499.49,365.62,64099.06,Growth,48.5,51.5,Spring,Epic Mega Sale,Action-Adventure,Gen9
GTA5-114681,2026,5,2,Uruguay,URY,South America,PS5,Standard Edition,Digital,PlayStation Store,190,1379.4,7.26,51.6,72.5,27.5,50,140,5741,386,3591,2150,3591,1561.64,4985.4,13.5,34.8,0,Epic Mega Sale,1,4.48,4,3.89,UYU,0.403808,98.0,0.78,3.93,20786.78,Growth,49.1,50.9,Spring,Epic Mega Sale,Action-Adventure,Gen9
GTA5-114613,2026,5,2,Vietnam,VNM,Asia,Xbox Series X|S,Standard Edition,Digital,Microsoft Store,929,4970.15,5.35,64.3,77.4,22.6,252,677,35809,2885,21234,14575,21234,20697.57,44524.98,16.7,51.8,0,Epic Mega Sale,1,4.2,11,4.88,VND,252.071963,98.0,24.37,104.13,4302.14,Growth,52.8,47.2,Spring,Epic Mega Sale,Action-Adventure,Gen9
GTA5-114719,2026,6,2,Algeria,DZA,Africa,Xbox Series X|S,Standard Edition,Digital,Rockstar Games Launcher,303,3066.36,10.12,32.5,77,23,66,237,13962,986,9451,4511,9451,6159.73,15614.16,15.0,44.8,0,Steam Summer Sale,1,4.75,5,2.99,DZD,1.332736,98.0,6.79,44.01,6888.77,Growth,46.7,53.3,Summer,Steam Summer Sale,Action-Adventure,Gen9
GTA5-114687,2026,6,2,Argentina,ARG,South America,PS5,Standard Edition,Digital,Rockstar Games Launcher,772,6353.56,8.23,45.1,80.5,19.5,194,578,25156,1880,16548,8608,16548,5889.6,16876.47,15.7,44.5,0,Steam Summer Sale,1,4.68,18,0.64,ARS,3.570078,98.0,31.36,48.64,16788.62,Growth,43.3,56.7,Summer,Steam Summer Sale,Action-Adventure,Gen9
GTA5-114775,2026,6,2,Argentina,ARG,South America,Xbox Series X|S,Legacy Edition,Digital,Rockstar Games Launcher,530,4043.9,7.63,49.1,77.2,22.8,130,400,20062,1656,14338,5724,14338,8774.12,21850.74,15.4,50.1,0,Steam Summer Sale,1,4.53,5,3.92,ARS,3.499729,98.0,30.95,48.64,16570.8,Growth,43.9,56.1,Summer,Steam Summer Sale,Action-Adventure,Gen9
GTA5-114745,2026,6,2,Armenia,ARM,Asia,PS5,Standard Edition,Digital,Microsoft Store,202,1789.72,8.86,40.9,82.2,17.8,44,158,10688,798,6542,4146,6542,5140.86,16200.57,16.1,38.7,0,Steam Summer Sale,1,4.41,4,2.56,AMD,0.408139,98.0,0.26,3.36,6160.79,Growth,37.9,62.1,Summer,Steam Summer Sale,Action-Adventure,Gen9
GTA5-114714,2026,6,2,Australia,AUS,Oceania,Xbox Series X|S,Standard Edition,Digital,Epic Games Store,1665,16716.6,10.04,33,76.6,23.4,387,1278,75101,5409,45866,29235,45866,37569.42,105667.65,14.6,57.0,0,Steam Summer Sale,1,4.47,14,3.99,AUD,0.015377,98.0,289.06,26.64,75350.39,Growth,34.4,65.6,Summer,Steam Summer Sale,Action-Adventure,Gen9
GTA5-114744,2026,6,2,Azerbaijan,AZE,Asia,Xbox Series X|S,Standard Edition,Digital,Rockstar Games Launcher,275,1947,7.08,52.8,75.8,24.2,69,206,12119,736,8683,3436,8683,7197.12,16913.79,14.7,42.3,0,Steam Summer Sale,1,4.65,7,1.98,AZN,0.016968,98.0,2.09,11.0,9895.34,Growth,62.3,37.7,Summer,Steam Summer Sale,Action-Adventure,Gen9
GTA5-114747,2026,6,2,Bahrain,BHR,Asia,Xbox Series X|S,Premium Edition,Digital,Steam,399,3092.25,7.75,48.3,87.8,12.2,97,302,9604,602,6011,3593,6011,3727.75,11600.09,14.7,45.6,0,Steam Summer Sale,1,4.5,10,3.81,BHD,0.0000003832,98.0,0.92,1.51,27086.32,Growth,43.6,56.4,Summer,Steam Summer Sale,Action-Adventure,Gen9
GTA5-114723,2026,6,2,Bangladesh,BGD,Asia,Xbox Series X|S,Premium Edition,Digital,Epic Games Store,330,3329.7,10.09,32.7,79.6,20.4,83,247,16336,1421,12234,4102,12234,11572.48,23172.48,15.4,51.8,0,Steam Summer Sale,1,4.55,9,2.17,BDT,1.094901,98.0,12.03,181.82,2584.33,Growth,45.4,54.6,Summer,Steam Summer Sale,Action-Adventure,Gen9
GTA5-114752,2026,6,2,Belgium,BEL,Europe,Xbox Series X|S,Standard Edition,Digital,Rockstar Games Launcher,758,6859.9,9.05,39.6,79.9,20.1,179,579,35937,2951,20884,15053,20884,15702.62,41413.0,18.8,54.4,0,Steam Summer Sale,1,4.49,16,4.2,EUR,0.0000009013,98.0,39.82,12.74,51404.43,Growth,41.0,59.0,Summer,Steam Summer Sale,Action-Adventure,Gen9
GTA5-114684,2026,6,2,Canada,CAN,North America,PS5,Standard Edition,Digital,Steam,1420,6390,4.5,70,76.7,23.3,308,1112,82619,5439,47279,35340,47279,33032.81,82709.55,17.3,37.5,0,Steam Summer Sale,1,4.55,37,4.02,CAD,0.013003,98.0,240.58,40.53,61832.86,Growth,45.4,54.6,Summer,Steam Summer Sale,Action-Adventure,Gen9
GTA5-114772,2026,6,2,Canada,CAN,North America,PS5,Criminal Enterprise Starter Pack,Digital,Steam,2056,14823.76,7.21,51.9,74.4,25.6,529,1527,63443,3219,38544,24899,38544,17612.21,51448.02,14.9,40.4,0,Steam Summer Sale,1,4.69,28,4.87,CAD,0.013358,98.0,240.62,40.53,61841.32,Growth,57.0,43.0,Summer,Steam Summer Sale,Action-Adventure,Gen9
GTA5-114776,2026,6,2,Chile,CHL,South America,PS5,Standard Edition,Digital,Microsoft Store,489,4704.18,9.62,35.8,76.1,23.9,120,369,14702,1311,8706,5996,8706,9528.95,19911.47,14.1,33.5,0,Steam Summer Sale,1,4.57,4,0.1,CLP,9.043709,98.0,10.03,19.69,19904.27,Growth,49.3,50.7,Summer,Steam Summer Sale,Action-Adventure,Gen9
GTA5-114726,2026,6,2,China,CHN,Asia,PS5,Standard Edition,Digital,Rockstar Games Launcher,3828,34413.72,8.99,40,80.9,19.1,928,2900,125318,10869,87496,37822,87496,75847.81,161881.07,15.4,46.7,0,Steam Summer Sale,1,4.61,40,3.65,CNY,0.071693,98.0,5249.65,1605.12,15723.88,Growth,51.6,48.4,Summer,Steam Summer Sale,Action-Adventure,Gen9
GTA5-114689,2026,6,2,Colombia,COL,South America,PS5,Standard Edition,Digital,Epic Games Store,380,2599.2,6.84,54.4,84.5,15.5,94,286,21895,1870,13145,8750,13145,10271.5,23668.12,15.1,48.5,0,Steam Summer Sale,1,4.4,9,5.42,COP,39.934234,98.0,17.85,54.43,11387.67,Growth,46.7,53.3,Summer,Steam Summer Sale,Action-Adventure,Gen9
GTA5-114777,2026,6,2,Colombia,COL,South America,PS5,Standard Edition,Digital,Steam,371,3275.93,8.83,41.1,77.8,22.2,99,272,21453,1385,13975,7478,13975,4806.6,15867.52,16.1,49.4,0,Steam Summer Sale,1,4.55,3,4.29,COP,39.529782,98.0,17.88,54.43,11408.44,Growth,39.4,60.6,Summer,Steam Summer Sale,Action-Adventure,Gen9
GTA5-114730,2026,6,2,Croatia,HRV,Europe,Xbox Series X|S,Premium Edition,Digital,Epic Games Store,276,2472.96,8.96,40.2,75.6,24.4,73,203,13880,1080,8245,5635,8245,6000.94,17695.96,16.5,51.7,0,Steam Summer Sale,1,4.45,7,4.89,EUR,0.0000009109,98.0,2.27,4.86,18241.53,Growth,39.7,60.3,Summer,Steam Summer Sale,Action-Adventure,Gen9
GTA5-114736,2026,6,2,Czech Republic,CZE,Europe,PS5,Standard Edition,Digital,Steam,798,6519.66,8.17,45.5,74.5,25.5,178,620,40963,3167,28408,12555,28408,12651.22,34465.57,18.3,46.0,0,Steam Summer Sale,1,4.68,12,5.62,CZK,0.229486,98.0,15.39,12.16,26373.29,Growth,38.2,61.8,Summer,Steam Summer Sale,Action-Adventure,Gen9
GTA5-114702,2026,6,2,Denmark,DNK,Europe,Xbox Series X|S,Standard Edition,Digital,Steam,833,8188.39,9.83,34.4,79.3,20.7,219,614,31943,2255,19828,12115,19828,6432.06,21296.45,15.5,43.3,0,Steam Summer Sale,1,4.52,11,3.27,DKK,0.006776,98.0,23.35,6.49,66145.16,Growth,39.9,60.1,Summer,Steam Summer Sale,Action-Adventure,Gen9
GTA5-114780,2026,6,2,Ecuador,ECU,South America,PS5,Standard Edition,Digital,Steam,207,1629.09,7.87,47.5,77.2,22.8,43,164,7319,489,4851,2468,4851,1614.51,5628.96,15.9,44.9,0,Steam Summer Sale,1,4.3,3,3.47,USD,0.010026,98.0,1.5,18.53,8433.18,Growth,40.1,59.9,Summer,Steam Summer Sale,Action-Adventure,Gen9
GTA5-114718,2026,6,2,Estonia,EST,Europe,Xbox Series X|S,Standard Edition,Digital,Epic Games Store,352,2981.44,8.47,43.5,76.2,23.8,76,276,16966,1174,10501,6465,10501,8777.31,20022.24,14.4,45.4,0,Steam Summer Sale,1,4.37,8,1.61,EUR,0.0000008932,98.0,0.96,1.51,24810.16,Growth,51.1,48.9,Summer,Steam Summer Sale,Action-Adventure,Gen9
GTA5-114703,2026,6,2,Finland,FIN,Europe,PS5,Premium Edition,Digital,Rockstar Games Launcher,699,6381.87,9.13,39.1,78.9,21.1,155,544,33212,1889,21138,12074,21138,17314.6,38941.07,17.5,48.6,0,Steam Summer Sale,1,4.81,11,3.51,EUR,0.0000008951,98.0,17.54,6.25,54821.2,Growth,46.0,54.0,Summer,Steam Summer Sale,Action-Adventure,Gen9
GTA5-114695,2026,6,2,France,FRA,Europe,Xbox Series X|S,Standard Edition,Digital,Microsoft Store,2300,14996,6.52,56.5,80.1,19.9,489,1811,110693,6401,74495,36198,74495,49014.18,119441.14,19.3,46.8,0,Steam Summer Sale,1,4.62,54,3.95,EUR,0.000000903,98.0,594.03,76.43,50600.06,Growth,42.3,57.7,Summer,Steam Summer Sale,Action-Adventure,Gen9
GTA5-114728,2026,6,2,Georgia,GEO,Asia,Xbox Series X|S,Standard Edition,Digital,Rockstar Games Launcher,294,2049.18,6.97,53.5,79.1,20.9,74,220,9210,574,6345,2865,6345,3328.0,12862.23,14.7,30.7,0,Steam Summer Sale,1,4.59,6,3.32,GEL,0.026624,98.0,0.48,4.28,7026.64,Growth,48.5,51.5,Summer,Steam Summer Sale,Action-Adventure,Gen9
GTA5-114724,2026,6,2,Ghana,GHA,Africa,Xbox Series X|S,Standard Edition,Digital,Epic Games Store,309,2796.45,9.05,39.6,76.7,23.3,78,231,10614,774,6857,3757,6857,4563.49,10204.83,16.0,60.2,0,Steam Summer Sale,1,4.8,8,2.02,GHS,0.012027,98.0,1.86,30.11,3222.83,Growth,46.0,54.0,Summer,Steam Summer Sale,Action-Adventure,Gen9
GTA5-114756,2026,6,2,Greece,GRC,Europe,PS5,Premium Edition,Digital,Microsoft Store,664,5551.04,8.36,44.2,78.6,21.4,166,498,26359,1761,14732,11627,14732,14460.46,28987.51,12.4,37.5,0,Steam Summer Sale,1,4.68,19,4.78,EUR,0.0000008943,98.0,11.07,12.74,24688.65,Growth,49.6,50.4,Summer,Steam Summer Sale,Action-Adventure,Gen9
GTA5-114715,2026,6,2,Hong Kong,HKG,Asia,PS5,Standard Edition,Digital,Microsoft Store,1287,10051.47,7.81,47.9,78.1,21.9,336,951,49232,4083,34780,14452,34780,25818.43,57946.71,15.3,40.2,0,Steam Summer Sale,1,4.39,16,1.72,HKD,0.078416,98.0,27.86,8.34,43491.03,Growth,41.5,58.5,Summer,Steam Summer Sale,Action-Adventure,Gen9
GTA5-114753,2026,6,2,Iceland,ISL,Europe,Xbox Series X|S,Premium Edition,Digital,PlayStation Store,254,2222.5,8.75,41.6,74.8,25.2,55,199,11798,1018,7016,4782,7016,6916.01,14085.98,14.6,54.8,0,Steam Summer Sale,1,4.41,5,4.42,ISK,1.366729,98.0,0.43,0.38,58869.09,Growth,38.0,62.0,Summer,Steam Summer Sale,Action-Adventure,Gen9
GTA5-114768,2026,6,2,Indonesia,IDN,Asia,Xbox Series X|S,Criminal Enterprise Starter Pack,Digital,PlayStation Store,600,6198,10.33,31.1,75,25,150,450,41051,2703,29206,11845,29206,22046.21,73752.48,18.7,50.1,0,Steam Summer Sale,1,4.48,13,6.3,IDR,154.762012,98.0,128.82,289.52,6320.43,Growth,49.6,50.4,Summer,Steam Summer Sale,Action-Adventure,Gen9
GTA5-114758,2026,6,2,Ireland,IRL,Europe,PS5,Standard Edition,Digital,Epic Games Store,983,7254.54,7.38,50.8,75.7,24.3,256,727,23327,1950,13547,9780,13547,9404.08,24253.93,15.0,46.9,0,Steam Summer Sale,1,4.42,20,4.65,EUR,0.000000902,98.0,14.61,5.33,57125.06,Growth,46.1,53.9,Summer,Steam Summer Sale,Action-Adventure,Gen9
GTA5-114708,2026,6,2,Israel,ISR,Asia,PS5,Legacy Edition,Digital,Microsoft Store,1142,8290.92,7.26,51.6,75,25,243,899,40507,3195,26974,13533,26974,33225.73,66481.9,16.7,42.4,0,Steam Summer Sale,1,4.31,22,4.68,ILS,0.037428,98.0,22.75,9.38,42108.3,Growth,47.8,52.2,Summer,Steam Summer Sale,Action-Adventure,Gen9
GTA5-114696,2026,6,2,Italy,ITA,Europe,Xbox Series X|S,Standard Edition,Digital,Steam,1863,15910.02,8.54,43,78,22,431,1432,80878,7028,52867,28011,52867,40284.66,87903.93,19.6,45.4,0,Steam Summer Sale,1,4.75,17,1.97,EUR,0.0000008861,98.0,317.53,69.49,40798.41,Growth,41.0,59.0,Summer,Steam Summer Sale,Action-Adventure,Gen9
GTA5-114721,2026,6,2,Jordan,JOR,Asia,Xbox Series X|S,Standard Edition,Digital,Microsoft Store,196,1270.08,6.48,56.8,74.8,25.2,46,150,9869,541,7279,2590,7279,4587.49,10380.3,18.5,55.5,0,Steam Summer Sale,1,4.6,3,3.98,JOD,0.0000007286,98.0,0.87,7.53,6018.84,Growth,50.8,49.2,Summer,Steam Summer Sale,Action-Adventure,Gen9
GTA5-114761,2026,6,2,Kazakhstan,KAZ,Asia,Xbox Series X|S,Legacy Edition,Digital,Epic Games Store,395,3357.5,8.5,43.3,74.7,25.3,96,299,17494,881,11879,5615,11879,7252.62,15347.62,15.9,45.3,0,Steam Summer Sale,1,4.7,6,2.59,KZT,4.406645,98.0,9.66,19.69,17039.54,Growth,45.2,54.8,Summer,Steam Summer Sale,Action-Adventure,Gen9
GTA5-114755,2026,6,2,Kenya,KEN,Africa,Xbox Series X|S,Premium Edition,Digital,Rockstar Games Launcher,338,2815.54,8.33,44.4,77.7,22.3,74,264,15944,884,9511,6433,9511,8373.5,21779.27,14.5,66.1,0,Steam Summer Sale,1,4.73,10,2.97,KES,1.275253,98.0,3.64,50.96,2789.26,Growth,43.8,56.2,Summer,Steam Summer Sale,Action-Adventure,Gen9
GTA5-114707,2026,6,2,Kuwait,KWT,Asia,Xbox Series X|S,Standard Edition,Digital,Rockstar Games Launcher,518,3719.24,7.18,52.1,85,15,112,406,13745,972,7760,5985,7760,5831.78,17853.19,13.2,47.0,0,Steam Summer Sale,1,4.33,12,2.92,KWD,0.0000003127,98.0,6.8,3.94,53955.19,Growth,46.4,53.6,Summer,Steam Summer Sale,Action-Adventure,Gen9
GTA5-114722,2026,6,2,Latvia,LVA,Europe,Xbox Series X|S,Standard Edition,Digital,PlayStation Store,391,2584.51,6.61,55.9,80.6,19.4,101,290,9795,670,6364,3431,6364,3015.75,11036.67,16.5,36.1,0,Steam Summer Sale,1,4.58,3,2.55,EUR,0.0000009021,98.0,1.07,2.32,20658.74,Growth,47.4,52.6,Summer,Steam Summer Sale,Action-Adventure,Gen9
GTA5-114731,2026,6,2,Lebanon,LBN,Asia,PS5,Standard Edition,Digital,PlayStation Store,237,1706.4,7.2,52,77.3,22.7,58,179,11235,680,7963,3272,7963,2477.62,9093.21,16.0,47.9,0,Steam Summer Sale,1,4.57,6,4.88,LBP,895.537266,98.0,1.16,6.83,10571.07,Growth,43.9,56.1,Summer,Steam Summer Sale,Action-Adventure,Gen9
GTA5-114749,2026,6,2,Luxembourg,LUX,Europe,Xbox Series X|S,Standard Edition,Digital,Microsoft Store,282,2357.52,8.36,44.2,76,24,61,221,10715,708,7274,3441,7274,2554.34,10214.98,19.2,44.4,0,Steam Summer Sale,1,4.42,5,5.42,EUR,0.0000009012,98.0,1.68,0.64,117159.86,Growth,56.9,43.1,Summer,Steam Summer Sale,Action-Adventure,Gen9
GTA5-114717,2026,6,2,Malaysia,MYS,Asia,Xbox Series X|S,Standard Edition,Digital,Epic Games Store,562,6198.86,11.03,26.4,77.8,22.2,142,420,36652,2597,26818,9834,26818,22305.49,52617.68,18.8,46.1,0,Steam Summer Sale,1,4.41,5,4.22,MYR,0.044892,98.0,32.94,34.74,14815.08,Growth,48.4,51.6,Summer,Steam Summer Sale,Action-Adventure,Gen9
GTA5-114685,2026,6,2,Mexico,MEX,North America,PS5,Standard Edition,Digital,PlayStation Store,926,6806.1,7.35,51,79.9,20.1,205,721,47860,2564,30568,17292,30568,21615.32,48898.46,16.0,33.2,0,Steam Summer Sale,1,4.51,12,2.18,MXN,0.182277,98.0,152.45,141.29,15326.96,Growth,48.1,51.9,Summer,Steam Summer Sale,Action-Adventure,Gen9
GTA5-114773,2026,6,2,Mexico,MEX,North America,PS5,Standard Edition,Digital,Epic Games Store,1166,12464.54,10.69,28.7,79.5,20.5,273,893,50801,4352,32202,18599,32202,22560.69,80027.99,15.7,42.1,0,Steam Summer Sale,1,4.37,28,4.29,MXN,0.183279,98.0,155.96,141.29,15679.28,Growth,57.3,42.7,Summer,Steam Summer Sale,Action-Adventure,Gen9
GTA5-114754,2026,6,2,Myanmar,MMR,Asia,Xbox Series X|S,Standard Edition,Digital,Epic Games Store,134,1088.08,8.12,45.8,79.6,20.4,32,102,6975,475,4300,2675,4300,4326.34,9162.51,11.9,29.6,0,Steam Summer Sale,1,4.49,3,0.1,MMK,21.169178,98.0,1.42,61.38,2402.36,Growth,49.4,50.6,Summer,Steam Summer Sale,Action-Adventure,Gen9
GTA5-114737,2026,6,2,New Zealand,NZL,Oceania,PS5,Standard Edition,Digital,Steam,812,5659.64,6.97,53.5,75.5,24.5,212,600,28330,1925,16371,11959,16371,16714.53,37286.77,14.8,37.7,0,Steam Summer Sale,1,4.81,16,4.14,NZD,0.016278,98.0,14.07,5.1,47906.68,Growth,47.4,52.6,Summer,Steam Summer Sale,Action-Adventure,Gen9
GTA5-114751,2026,6,2,Oman,OMN,Asia,Xbox Series X|S,Legacy Edition,Digital,Steam,299,2146.82,7.18,52.1,77.5,22.5,69,230,13331,1174,9587,3744,9587,7133.43,14315.34,15.0,51.7,0,Steam Summer Sale,1,4.73,7,4.63,OMR,0.0000003849,98.0,2.34,4.63,22523.02,Growth,45.1,54.9,Summer,Steam Summer Sale,Action-Adventure,Gen9
GTA5-114716,2026,6,2,Pakistan,PAK,Asia,Xbox Series X|S,Premium Edition,Digital,Rockstar Games Launcher,401,3348.35,8.35,44.3,80.2,19.8,108,293,18176,1019,10476,7700,10476,4604.73,12396.39,16.0,38.1,0,Steam Summer Sale,1,4.57,10,1.83,PKR,2.767396,98.0,16.99,210.77,2518.41,Growth,39.0,61.0,Summer,Steam Summer Sale,Action-Adventure,Gen9
GTA5-114778,2026,6,2,Peru,PER,South America,Xbox Series X|S,Premium Edition,Digital,Steam,286,2076.36,7.26,51.6,77.1,22.9,75,211,12799,788,7580,5219,7580,2758.32,10457.61,15.5,37.0,0,Steam Summer Sale,1,4.53,3,4.41,PEN,0.036782,98.0,6.72,34.74,10082.0,Growth,51.5,48.5,Summer,Steam Summer Sale,Action-Adventure,Gen9
GTA5-114699,2026,6,2,Poland,POL,Europe,PS5,Legacy Edition,Digital,Microsoft Store,1866,11419.92,6.12,59.2,81,19,419,1447,55239,4616,36269,18970,36269,30875.28,70435.52,15.3,36.6,0,Steam Summer Sale,1,4.6,28,5.64,PLN,0.039638,98.0,71.17,44.01,21057.15,Growth,50.0,50.0,Summer,Steam Summer Sale,Action-Adventure,Gen9
GTA5-114764,2026,6,2,Portugal,PRT,Europe,PS5,Standard Edition,Digital,Rockstar Games Launcher,688,7382.24,10.73,28.4,71.7,28.3,176,512,26288,1863,17702,8586,17702,14372.47,43281.49,16.9,42.4,0,Steam Summer Sale,1,4.43,16,1.71,EUR,0.0000009115,98.0,13.56,11.58,26146.06,Growth,48.2,51.8,Summer,Steam Summer Sale,Action-Adventure,Gen9
GTA5-114727,2026,6,2,Russia,RUS,Europe,Xbox Series X|S,Legacy Edition,Digital,Microsoft Store,1365,10633.35,7.79,48,78.8,21.2,324,1041,56293,4072,41913,14380,41913,41324.72,90824.03,20.2,60.1,0,Steam Summer Sale,1,4.39,26,3.96,RUB,0.901321,98.0,292.3,166.77,18257.63,Growth,44.7,55.3,Summer,Steam Summer Sale,Action-Adventure,Gen9
GTA5-114748,2026,6,2,Saudi Arabia,SAU,Asia,PS5,Standard Edition,Digital,Microsoft Store,1026,8013.06,7.81,47.9,77.2,22.8,259,767,53580,4401,38455,15125,38455,26209.06,69427.14,17.6,40.1,0,Steam Summer Sale,1,4.62,21,3.28,SAR,0.037613,98.0,74.35,34.74,27865.66,Growth,51.6,48.4,Summer,Steam Summer Sale,Action-Adventure,Gen9
GTA5-114760,2026,6,2,Slovenia,SVN,Europe,PS5,Standard Edition,Digital,Rockstar Games Launcher,508,3037.84,5.98,60.1,72.6,27.4,108,400,22654,1733,16004,6650,16004,18722.9,37852.43,17.4,42.3,0,Steam Summer Sale,1,4.67,4,2.78,EUR,0.000000907,98.0,2.0,2.43,28600.59,Growth,43.3,56.7,Summer,Steam Summer Sale,Action-Adventure,Gen9
GTA5-114750,2026,6,2,South Korea,KOR,Asia,PS5,Standard Edition,Digital,Epic Games Store,1950,14527.5,7.45,50.3,78.3,21.7,432,1518,93901,5264,67559,26342,67559,55068.08,137368.97,16.4,49.1,0,Steam Summer Sale,1,4.64,22,6.49,KRW,12.981657,98.0,277.91,59.06,36761.79,Growth,39.1,60.9,Summer,Steam Summer Sale,Action-Adventure,Gen9
GTA5-114767,2026,6,2,Sri Lanka,LKA,Asia,PS5,Standard Edition,Digital,PlayStation Store,231,1910.37,8.27,44.8,78.7,21.3,61,170,10901,695,6253,4648,6253,2497.74,6436.62,14.1,47.7,0,Steam Summer Sale,1,4.87,5,1.42,LKR,3.216204,98.0,1.85,24.32,4744.37,Growth,43.6,56.4,Summer,Steam Summer Sale,Action-Adventure,Gen9
GTA5-114762,2026,6,2,Taiwan,TWN,Asia,Xbox Series X|S,Standard Edition,Digital,PlayStation Store,785,7198.45,9.17,38.8,74.6,25.4,201,584,44457,3449,24843,19614,24843,27723.58,61623.76,16.9,46.6,0,Steam Summer Sale,1,4.55,8,4.27,TWD,0.314173,98.0,64.46,26.64,27003.42,Growth,43.4,56.6,Summer,Steam Summer Sale,Action-Adventure,Gen9
GTA5-114759,2026,6,2,Turkey,TUR,Europe,Xbox Series X|S,Legacy Edition,Digital,Microsoft Store,1071,6468.84,6.04,59.7,74.8,25.2,258,813,41701,3556,28885,12816,28885,14600.55,49791.35,16.8,64.9,0,Steam Summer Sale,1,4.87,21,3.22,TRY,0.275219,98.0,85.13,88.02,15111.42,Growth,48.3,51.7,Summer,Steam Summer Sale,Action-Adventure,Gen9
GTA5-114738,2026,6,2,Ukraine,UKR,Europe,PS5,Standard Edition,Digital,PlayStation Store,557,4706.65,8.45,43.6,76.2,23.8,122,435,25092,1777,18133,6959,18133,13679.45,39148.59,14.2,52.6,0,Steam Summer Sale,1,4.72,7,3.67,UAH,0.379596,98.0,9.85,52.11,5908.36,Growth,49.7,50.3,Summer,Steam Summer Sale,Action-Adventure,Gen9
GTA5-114735,2026,6,2,United Arab Emirates,ARE,Asia,PS5,Standard Edition,Digital,Microsoft Store,1158,9854.58,8.51,43.2,77.2,22.8,261,897,50863,3954,29661,21202,29661,11301.85,36410.53,16.2,46.9,0,Steam Summer Sale,1,4.6,31,6.23,AED,0.00000365,98.0,34.31,10.65,45760.36,Growth,52.5,47.5,Summer,Steam Summer Sale,Action-Adventure,Gen9
GTA5-114693,2026,6,2,United Kingdom,GBR,Europe,PS5,Standard Edition,Digital,Rockstar Games Launcher,3931,30740.42,7.82,47.8,73.8,26.2,830,3101,130630,10965,94992,35638,94992,91765.87,216997.19,18.9,44.2,0,Steam Summer Sale,1,4.26,35,3.85,GBP,0.0000007859,98.0,646.24,74.12,49539.21,Growth,45.7,54.3,Summer,Steam Summer Sale,Action-Adventure,Gen9
GTA5-114771,2026,6,2,United States,USA,North America,Xbox Series X|S,Standard Edition,Digital,Steam,5047,44918.3,8.9,40.6,73,27,1210,3837,161114,14000,101664,59450,101664,39004.14,115857.84,18.0,50.6,0,Steam Summer Sale,1,4.42,94,2.84,USD,0.010025,98.0,7555.14,365.96,64514.73,Growth,41.5,58.5,Summer,Steam Summer Sale,Action-Adventure,Gen9
GTA5-114779,2026,6,2,Uruguay,URY,South America,Xbox Series X|S,Standard Edition,Digital,Epic Games Store,118,1254.34,10.63,29.1,70.6,29.4,25,93,6240,337,3537,2703,3537,1688.51,6725.85,11.2,56.0,0,Steam Summer Sale,1,4.71,3,0.71,UYU,0.404487,98.0,0.77,3.94,20269.18,Growth,47.7,52.3,Summer,Steam Summer Sale,Action-Adventure,Gen9
GTA5-114713,2026,6,2,Vietnam,VNM,Asia,Xbox Series X|S,Standard Edition,Digital,Rockstar Games Launcher,669,5566.08,8.32,44.5,77.5,22.5,176,493,31858,2692,18680,13178,18680,10772.36,31987.5,16.3,44.8,0,Steam Summer Sale,1,4.42,14,3.95,VND,243.563095,98.0,24.48,104.23,4317.13,Growth,45.6,54.4,Summer,Steam Summer Sale,Action-Adventure,Gen9
